synonym,members
F-+9-WINDOW,"0048ASL, 0048ASP, 0048ASR, 0048AST"
"F-1.75""SP-PULL-CLUCH","0011LEV, 0011LGS, 0011LEH, 0011LEZ, 0011LGR, 0011LGB, 0011LEU, 0011LEA, 0011LEW, 0011LEY, 0011LEX, 0011LEG"
F-1/2-6GN-5SPD-TRANS,"0013BGC, 0013BBC, 0013BHK, 0013BBS, 0013ZZW, 0013BGA, 0013BAW, 0013BHR, 0013BGR, 0013BBD, 0013BBE, 0013BBN, 0013BHM, 0013BBT, 0013BGP, 0013BGN, 0013BAY, 0013BHL, 0013BHN, 0013BGH, 0013BBJ, 0013BGS, 0013BGX, 0013BHD, 0013BGZ, 0013BGU"
F-1/2-6GN-6SPD-TRANS,"0013BHP, 0013BGW, 0013BBG, 0013BGJ, 0013BBM, 0013BBK, 0013BGG, 0013BHB, 0013BGY, 0013BGL, 0013BHT, 0013BAV, 0013BAZ, 0013BAX, 0013BHS, 0013BHJ, 0013BHE, 0013BHC, 0013BHH, 0013BBA, 0013BGK, 0013BGV, 0013BGT, 0013BHG, 0013BBB, 0013BBW, 0013BGB, 0013BGD, 0013BAU, 0013BGM, 0013BBP, 0013BBU, 0013BHA, 0013BGE"
F-100G-FUEL-TNK,"0015SYD, 0015SYJ, 0015SYH, 0015TAU, 0015SYP"
F-10WDO-BUS-BODY,"0047AEV, 0047AEW, 0047AEY, 0047AEX"
F-11WDO-BUS-BODY,"0047AEZ, 0047AGC, 0047AGA, 0047AGB"
F-120G-FUEL-TNK,"0015SZW, 0015SYG, 0015SYX, 0015SMB, 0015SYU, 0015SYE, 0015SYZ"
F-12WDO-BUS-BODY,"0047AGD, 0047AGE, 0047AGH, 0047AGJ, 0047AGG"
F-13WDO-BUS-BODY,"0047AVL, 0047AGK, 0047AMG"
F-140G-FUEL-TNK,"0015SXY, 0015EAB, 0015SLN, 0015SED, 0015SYY, 0015EAA, 0015SZB, 0015SHS"
"F-15.5""-CER-CLUCH","0011MRR, 0011MRW, 0011MRP, 0011MHP, 0011MRT, 0011MGZ, 0011MHR, 0011MRU, 0011MRV, 0011MHG, 0011MHN, 0011MHA, 0011MGP"
F-15X4-FRT-BRAKE,"0004JCG, 0004XDC"
F-15X5-FRT-BRAKE,"0004JCH, 0004XDD"
F-15X8.625-RR-BRAKE,"0004NCW, 0004XDU"
F-16.5X5-FRT-BRAKE,"0004196, 0004JCJ, 0004XDK, 0004XCS, 0004XDP"
F-16.5X6-FRT-BRAKE,"0004XDT, 0004XGV"
F-16.5X7-RR-BRAKE,"0004NDA, 0004NDC, 0004NDB, 0004NDK, 0004NDS, 0004XCY, 0004XCT, 0004XDR, 0004XDH, 0004XDE, 0004XDM, 0004XCZ, 0004XDB"
F-16.5X8.625-RR-BRK,"0004NEX, 0004NDP, 0004NDH, 0004NDZ, 0004XDJ, 0004XEN, 0004XDG, 0004XDN, 0004XDA, 0004XDS"
F-160G-FUEL-TNK,"0015ECE, 0015EAC, 0015EAD"
F-1700-6GEN-TRANS,"0013BAT, 0013BAN, 0013BAK, 0013BAP, 0013BAS, 0013BAL, 0013BAJ, 0013BAH, 0013BAR, 0013BAM"
F-170G-FUEL-TNK,"0015EBS, 0015ECW, 0015ECD"
F-180G-FUEL-TNK,0015EAT
F-19.5-FRNT-WHLS,"0027DVT, 0027DAZ, 0027DTS, 0027DTX, 0027DVW, 0027DBC"
F-19.5-REAR-WHLS,"0028DTS, 0028DVW, 0028DTX, 0028DBD, 0028DWV, 0028DAZ, 0028DBC, 0028DVT"
F-190-WHLEND-RRAXLE,"0014AWR, 0014AKM, 0014AJE, 0014APU, 0014ACW, 0014ANR, 0014AGY, 0014AJH, 0014AJJ, 0014AKG, 0014BAK, 0014AKE, 0014AJG, 0014AKD, 0014AGA, 0014AKK, 0014AKC, 0014APJ, 0014AGE, 0014AKJ, 0014AWH, 0014ANP, 0014ANS, 0014APL, 0014AKA, 0014APH, 0014ANT, 0014AJC, 0014AHP, 0014ANH, 0014ACV, 0014ANU, 0014BAL, 0014AWG"
F-2-MAN-COMP-SEAT,"0016SMP, 0016PJV, 0016SMJ, 0016PJW, 0016SSY, 0016SML, 0016SMH, 0016SMK, 0016SMS, 0016KAW"
"F-2.00""SP-PULL-CLUCH","0011MHP, 0011LGN, 0011MRP, 0011LGP, 0011MHR, 0011MRR, 0011MRU, 0011MRW, 0011MHN, 0011MRV, 0011MHA, 0011MRT, 0011MGZ"
F-200-40K-OR-LESS,"0014AEY, 0014ATG, 0014CEH, 0014ARX, 0014AWS, 0014AWP, 0014ATE, 0014ATZ, 0014AET, 0014AHW, 0014CDE, 0014ARY, 0014ATY, 0014ARK, 0014051, 0014AEW, 0014AHR, 0014ASK, 0014ARB"
F-200-RRAXLE-<=23K,"0014ARK, 0014ATZ, 0014AET, 0014ARX, 0014CEH, 0014051, 0014AGX, 0014ARB, 0014CDE, 0014AGR, 0014ATY, 0014ASK, 0014AHR, 0014ATG, 0014CEU, 0014ATE, 0014AEY, 0014AHW, 0014ARY, 0014AEW"
F-200-RRAXLE-<=46K,"0014HRE, 0014GRP, 0014HRB, 0014HRA, 0014HRM, 0014HRL, 0014HRC, 0014GRD, 0014GGU, 0014HRH, 0014GGV, 0014GRR, 0014HRD, 0014GRS"
F-200-WHLEND-44KUP,"0014HRB, 0014HSA, 0014HRG, 0014HRZ, 0014GGU, 0014HRD, 0014HRH, 0014HRL, 0014GRP, 0014HRC, 0014GGV, 0014HSB, 0014GRD, 0014HRA, 0014GRR, 0014HRM, 0014GRS, 0014HRE"
F-200-WHLEND-RRAXLE,"0014GRR, 0014CEH, 0014HRG, 0014HRH, 0014HSB, 0014ARK, 0014HRA, 0014AGR, 0014HRZ, 0014GRP, 0014ARY, 0014GGV, 0014ATE, 0014HRL, 0014CEU, 0014ARX, 0014HRD, 0014ARB, 0014ATY, 0014AWP, 0014AET, 0014051, 0014HSA, 0014CDE, 0014AHW, 0014AWS, 0014GRD, 0014AGX, 0014ATG, 0014AEY, 0014HRM, 0014ASK, 0014HRC, 0014HRE, 0014AHR, 0014ATZ, 0014GGU, 0014AEW, 0014HRB, 0014GRS"
F-2000-AUTO-TRANS,"0013BGA, 0013BBW, 0013BBU, 0013BBG, 0013BHT, 0013BHJ, 0013BGG, 0013BHE, 0013BBD, 0013BGX, 0013BBJ, 0013BAU, 0013BBB, 0013BBA, 0013BGW, 0013BGL, 0013BHM, 0013BGT, 0013BAV, 0013BHN, 0013BGU, 0013BGR, 0013BHH, 0013BBS, 0013BHK, 0013BAZ, 0013BAX, 0013BGV, 0013BHL, 0013BHR, 0013BGM, 0013BBK, 0013BHB, 0013BGJ, 0013BHC, 0013BHD, 0013BGN, 0013BGH, 0013BBT, 0013BHS, 0013BHA, 0013BGP, 0013BGS, 0013BGB, 0013BHG, 0013BHP, 0013BBP, 0013BGK, 0013BGZ, 0013BGY, 0013BBN, 0013BBE, 0013BGC, 0013BBC, 0013BGE, 0013BAY, 0013BAW, 0013BBM, 0013BGD"
F-200G-FUEL-TNK,"0015EAG, 0015EAE, 0015ECN, 0015EBY, 0015EAZ, 0015ECJ, 0015ECC"
F-2024-B6.7-ENG,"0012EYN, 0012EYC, 0012EYD, 0012EYG, 0012EXR, 0012EYM, 0012EXU, 0012EYA, 0012EYK, 0012EZG, 0012EXV, 0012EXS, 0012EYB, 0012EYE, 0012EYP, 0012EYS, 0012EXX, 0012EYL, 0012EXT, 0012EYT, 0012EXW, 0012EYJ, 0012EYR, 0012EXZ, 0012EXY, 0012EYH"
F-2024-HHP-B6.7-ENG,"0012EYA, 0012EYL, 0012EYS, 0012EYT, 0012EXY, 0012EYC, 0012EYK, 0012EXW, 0012EYB, 0012EXX, 0012EXZ"
F-2024-HHP-L9-ENG,"0012EZD, 0012EZC, 0012EZE, 0012EZB, 0012EZA"
F-2024-HHP-X15-ENG,"0012EXB, 0012EXJ, 0012EXG, 0012EXL, 0012EXC, 0012EXE, 0012EXA, 0012EXH, 0012EXP, 0012EXM, 0012EXN, 0012EXK"
F-2024-L9-ENG,"0012EYV, 0012EZD, 0012EYY, 0012EZB, 0012EYX, 0012EZC, 0012EZA, 0012EZE, 0012EYW, 0012EYU, 0012EYZ"
F-2024-LHP-B6.7-ENG,"0012EYJ, 0012EXR, 0012EYE, 0012EYN, 0012EZG, 0012EYR, 0012EXT, 0012EYM, 0012EYH, 0012EXU, 0012EXV, 0012EYD, 0012EYG, 0012EYP, 0012EXS"
F-2024-LHP-L9-ENG,"0012EYX, 0012EYU, 0012EYV, 0012EYY, 0012EYZ, 0012EYW"
F-2024-LHP-X15-ENG,"0012EXD, 0012EWH, 0012EWM, 0012EWA, 0012EWP, 0012EWL, 0012EWZ, 0012EWD, 0012EWT, 0012EWE, 0012EWC, 0012EWW, 0012EWN, 0012EWG, 0012EWR, 0012EWS, 0012EWJ, 0012EWB, 0012EWY, 0012EWX, 0012EWU, 0012EWV, 0012EWK"
F-2024-X15-ENG,"0012EWS, 0012EWG, 0012EWC, 0012EWT, 0012EWH, 0012EWP, 0012EWX, 0012EWW, 0012EWA, 0012EWR, 0012EWL, 0012EXA, 0012EWN, 0012EXM, 0012EWE, 0012EXN, 0012EXE, 0012EXB, 0012EWV, 0012EWB, 0012EXJ, 0012EXG, 0012EXK, 0012EWK, 0012EXP, 0012EWJ, 0012EWU, 0012EXL, 0012EXH, 0012EWD, 0012EWY, 0012EWZ, 0012EWM, 0012EXD, 0012EXC"
F-2027-B6.7-GAS-ENG,"0012DLC, 0012DLA, 0012DLB, 0012DLG"
F-2027-B7.2-ENG,"0012GDC, 0012GCJ, 0012GCM, 0012GCT, 0012GCU, 0012GCY, 0012GCW, 0012GCN, 0012GCX, 0012GCV, 0012GCH, 0012GCE, 0012GCL, 0012GCG, 0012GDH, 0012GCR, 0012GCK, 0012GDJ, 0012GCP, 0012GDD, 0012GCS, 0012GDE, 0012GCZ, 0012GDA, 0012GDB"
F-2027-HHP-B7.2-ENG,"0012GCY, 0012GCP, 0012GCK, 0012GCX, 0012GCH, 0012GCL, 0012GDB, 0012GCT, 0012GCN, 0012GCM, 0012GCS, 0012GCJ, 0012GDC, 0012GCU, 0012GCR"
F-2027-HHP-X15-ENG,"0012GBD, 0012GBC, 0012GAN, 0012GAP, 0012GAY, 0012GAR, 0012GAM, 0012GBA, 0012GBE, 0012GAZ, 0012GAL"
F-2027-LHP-B7.2-ENG,"0012GDA, 0012GCE, 0012GCG, 0012GCW, 0012GCV, 0012GCZ"
F-2027-LHP-X15-ENG,"0012EZY, 0012EZX, 0012GBB, 0012EZL, 0012EZV, 0012EZN, 0012EZH, 0012GAV, 0012GAK, 0012GAW, 0012EZJ, 0012GAX, 0012EZP, 0012EZW, 0012EZK, 0012GAU, 0012GAT, 0012EZR, 0012EZM"
F-2027-X10-ENG,"0012GBM, 0012GBJ, 0012GBN, 0012GBL, 0012GBK, 0012GBP, 0012GBR, 0012GBG, 0012GBH"
F-2027-X15-ENG,"0012GBD, 0012GAL, 0012GBB, 0012GAP, 0012EZN, 0012EZJ, 0012EZR, 0012EZP, 0012EZL, 0012EZV, 0012GAM, 0012GBC, 0012GAZ, 0012EZW, 0012EZK, 0012EZM, 0012GBA, 0012GAN, 0012GAW, 0012GAT, 0012EZY, 0012GAV, 0012EZH, 0012GBE, 0012GAR, 0012GAU, 0012GAX, 0012GAK, 0012GAY, 0012EZX"
F-21-2500-6GEN-TRANS,"0013BBN, 0013BGY, 0013BHB, 0013BGZ, 0013BBK, 0013BHP, 0013BGT, 0013BGG, 0013BGE, 0013BBG, 0013BHA, 0013BBJ, 0013BBP, 0013BBM, 0013BHN, 0013BGS, 0013BGB, 0013BGA, 0013BAX, 0013BGX, 0013BGD, 0013BAV, 0013BHJ, 0013BAW, 0013BGM, 0013BBE, 0013BAU, 0013BHC, 0013BGC"
F-22.5-FRNT-WHLS,"0027DYS, 0027DVV, 0027DYA, 0027DPS, 0027DYH, 0027DWW, 0027DUL, 0027DYK, 0027DTT, 0027DWX, 0027DUW, 0027DUN, 0027DWB, 0027DUA, 0027DYN, 0027DTE, 0027DJM, 0027DMZ, 0027DYP, 0027DTZ, 0027DWP, 0027DPN, 0027DJL, 0027DUX, 0027DVY, 0027DYD, 0027DWS, 0027DYM, 0027DVD, 0027DTU, 0027DUR, 0027DVC, 0027DJK, 0027DBE, 0027DRC, 0027DYL, 0027DBA, 0027DWT, 0027DUJ, 0027DUM, 0027DYJ, 0027DJH, 0027DJJ, 0027DUY, 0027DYU, 0027DUK, 0027DYG, 0027DVB, 0027DPT, 0027DWY, 0027DVA, 0027DWU, 0027DWR, 0027DWZ, 0027DYC, 0027DTB, 0027DUS, 0027DUZ, 0027DVU, 0027DMA, 0027DYR, 0027DHK, 0027DYB, 0027DYT, 0027DUT, 0027DRG, 0027DJN"
F-22.5-REAR-WHLS,"0032DKD, 0028DWS, 0028DWU, 0028DYB, 0028DUX, 0028DTB, 0028DUW, 0028DYD, 0032DPZ, 0028DYM, 0028DWW, 0028DVU, 0028DTE, 0032DKK, 0028DVV, 0032DKH, 0028DVA, 0028DUZ, 0028DYC, 0028DWT, 0028DPS, 0028DUS, 0028DYL, 0028DPT, 0032DHY, 0032DWR, 0028DYP, 0032DHK, 0028DYN, 0032DKJ, 0028DJM, 0028DWR, 0028DJN, 0032DWP, 0028DTT, 0028DBG, 0028DWP, 0028DYA, 0028DYH, 0032DWS, 0028DUL, 0028DTU, 0028DWY, 0028DMA, 0032DWN, 0028DUK, 0028DYK, 0028DWZ, 0028DUY, 0028DYJ, 0028DUR"
F-2200-6GEN-TRANS,"0013BBB, 0013BHH, 0013BBD, 0013BGR, 0013BAZ, 0013BGP, 0013BBA, 0013BGK, 0013BHL, 0013BHD, 0013BBC, 0013BAY, 0013BGH, 0013BHG, 0013BGJ, 0013BGL, 0013BHM, 0013BHE"
F-220G-FUEL-TNK,"0015EBG, 0015EAK, 0015EBE, 0015HDH, 0015EAL"
F-24.5-FRNT-WHLS,"0027DTA, 0027DTD, 0027DWJ, 0027DUD, 0027DWM, 0027DEL, 0027DWK, 0027DVZ, 0027DPR, 0027DEM, 0027DWL, 0027DUC, 0027DUP"
F-24.5-REAR-WHLS,"0028DWL, 0028DVZ, 0028DWK, 0028DUD, 0028DTA, 0028DEM, 0028DUC, 0028DUP, 0028DWJ, 0028DWM, 0028DPR, 0028DEL, 0028DEN, 0028DTD"
F-240G-FUEL-TNK,"0015EAY, 0015EAU, 0015EBC, 0015EBD, 0015EAX"
F-24V/12V-2/1BAT-SYS,"0008MNS, 0008MNC, 0008MNK, 0008MNG, 0008MNN"
F-24V/12V-2/2BAT-SYS,"0008MND, 0008MNT, 0008MNL, 0008MNP, 0008MNH"
F-24V/12V-2/6BAT-SYS,"0008MNJ, 0008MNU, 0008MNE, 0008MNM, 0008MNR"
F-2550-6GEN-TRANS,"0013BHK, 0013BGV, 0013BGN, 0013BGU, 0013BHT, 0013BBU, 0013BBW, 0013BHS, 0013BGW, 0013BBS, 0013BBT, 0013BHR"
F-260G-FUEL-TNK,"0015ECP, 0015ECU, 0015EAW, 0015EAM"
F-26IN-FUEL-TNK,"0015SED, 0015EAJ, 0015EAU, 0015SYL, 0015EAX, 0015EAL, 0015SYD, 0015SYZ, 0015SYU, 0015TAU, 0015ECA, 0015SYG, 0015EAY, 0015EBS, 0015HDH, 0015EAM, 0015EAC, 0015SYK, 0015SYX, 0015SXY, 0015ECE, 0015SLN, 0015EBC, 0015ECJ, 0015HDJ, 0015EAD, 0015TAT, 0015SYH, 0015SYY, 0015ECC, 0015EBY, 0015EAK, 0015SYJ, 0015EAB, 0015EAE, 0015ECU, 0015EAZ, 0015EAG, 0015EAA, 0015EAH, 0015EAR, 0015ECN, 0015SZU, 0015SYE, 0015SZB, 0015EBE, 0015EAS, 0015SYN, 0015EBD, 0015SYP, 0015EAT, 0015EBG, 0015SYM, 0015EAW, 0015EBN, 0015SYC"
F-2700-6GEN-TRANS,"0013BCC, 0013BCD, 0013BCE, 0013BCH, 0013BCK, 0013BCA, 0013BBV, 0013BCB, 0013BCG, 0013BCJ"
F-280G-FUEL-TNK,"0015EAJ, 0015EAH"
F-285-FRTWHL,"0027DHK, 0027DUC, 0027DWS, 0027DVB, 0027DTD, 0027DWE, 0027DJJ, 0027DYP, 0027DWC, 0027DYU, 0027DJL, 0027DEM, 0027DBC, 0027DVC, 0027DUP, 0027DUV, 0027DBA, 0027DPN, 0027DTB, 0027DUT, 0027DYK, 0027DYG, 0027DVD, 0027DTT, 0027DYL, 0027DUZ, 0027DYN, 0027DYB, 0027DWK, 0027DYA, 0027DYD, 0027DUW, 0027DYJ, 0027DWW, 0027DWJ, 0027DWT, 0027DUM, 0027DUK, 0027DJH, 0027DYC, 0027DJN, 0027DUX, 0027DVS, 0027DYT, 0027DVZ, 0027DWL, 0027DUS, 0027DWR, 0027DMZ, 0027DTZ, 0027DTE, 0027DTS, 0027DPR, 0027DYH, 0027DUA, 0027DWU, 0027DYM, 0027DWM, 0027DUR, 0027DUN, 0027DWY, 0027DAY, 0027DBE, 0027DVW, 0027DVA, 0027DYS, 0027DVP, 0027DTU, 0027DWZ, 0027DVU, 0027DJK, 0027DTA, 0027DYR, 0027DEL, 0027DWG, 0027DWD, 0027DUL, 0027DWH, 0027DVY, 0027DPS, 0027DRG, 0027DWX, 0027DTJ, 0027DMA, 0027DUD, 0027DUY, 0027DRC, 0027DJM, 0027DWP, 0027DWN, 0027DVV"
F-285-RRWHL,"0028DUR, 0028DWJ, 0028DYD, 0028DUP, 0028DAJ, 0028DWS, 0032DKD, 0028DPS, 0028DVV, 0028DYN, 0028DWM, 0028DVU, 0028DYC, 0032DKJ, 0028DTA, 0028DWY, 0028DWU, 0032DHK, 0028DUY, 0028DUS, 0028DUL, 0028DVA, 0028DYJ, 0028DUC, 0028DYM, 0032DKH, 0028DEN, 0028DWP, 0028DYK, 0028DTB, 0028DUK, 0028DUD, 0028DYL, 0028DWT, 0028DYA, 0028DUX, 0028DYP, 0028DMA, 0032DWP, 0028DJM, 0032DWR, 0032DKK, 0028DJN, 0032DWS, 0028DBD, 0028DBC, 0028DYH, 0028DWL, 0028DWR, 0028DWZ, 0028DYB, 0032DPZ, 0032DHY, 0028DTD, 0028DWW, 0028DTT, 0028DUZ, 0028DUW, 0032DWN, 0028DEM, 0028DWK, 0028DTU, 0028DBG, 0028DPR, 0028DVW, 0028DEL, 0028DTS, 0028DVZ, 0028DTE"
F-2BTRY-GP31-3/8STUD,"0008MJP, 0008MJM, 0008MWG, 0008MHZ, 0008MEP, 0008MJA, 0008MJT, 0008MVY"
F-2SPEED-SGL-RRAXLE,"0014CDN, 0014CVG, 0014CEG, 0014CDE, 0014CEU, 0014CVB, 0014CVD, 0014CEH, 0014CVC, 0014CDP, 0014CDL"
F-3/4000-6GEN-TRANS,"0013BDB, 0013BCL, 0013BEU, 0013BEV, 0013BCY, 0013BDP, 0013BEM, 0013BDC, 0013BEA, 0013BEC, 0013BCU, 0013BED, 0013BEG, 0013BDR, 0013BDT, 0013BCT, 0013BDX, 0013BCS, 0013BEH, 0013BDL, 0013BDV, 0013BDW, 0013BEJ, 0013BDH, 0013BES, 0013BCV, 0013BDJ, 0013BDK, 0013BEE, 0013BET, 0013BDY, 0013BDM, 0013BEN, 0013BCX, 0013BEL, 0013BER, 0013BCP, 0013BCM, 0013BEK, 0013BEP, 0013BEX, 0013BEB, 0013BDZ, 0013BCN, 0013BCR"
F-3/8-STL-RAIL,"0001CEL, 0001CAG, 0001CCK, 0001CBE, 0001CBW, 0001CGC, 0001CAW, 0001CAD, 0001CGN"
F-3000-6GEN-TRANS,"0013BCR, 0013BCV, 0013BCY, 0013BDK, 0013BEU, 0013BCM, 0013BCN, 0013BDJ, 0013BDC, 0013BCU, 0013BCX, 0013BCT, 0013BCL, 0013BCS, 0013BDB, 0013BEV, 0013BDH, 0013BCP"
F-300G-FUEL-TNK,"0015ECS, 0015EAS, 0015EAR"
F-30IN-RR-BRK-CHMBR,"0004NDZ, 0004NDH, 0004NDB, 0004NDK, 0004NDP, 0004EVT, 0004EVL, 0004EVP, 0004EXW, 0004EXX, 0004EVJ, 0004EYL, 0004EVH, 0004EYJ, 0004EXK, 0004EXU, 0004EXR"
F-3500-6GEN-TRANS,"0013BDP, 0013BDL, 0013BDM, 0013BDT, 0013BDR"
F-37.25-5/8-5THWHL,"0010KKV, 0010HNT, 0010KKR, 0010KKM, 0010HHT, 0010HJL, 0010HJA, 0010HNY, 0010HHH, 0010EKG, 0010EKK, 0010HHA, 0010HNG, 0010HCZ, 0010HHR, 0010HZP, 0010JPV, 0010JBK, 0010GYX, 0010JAS, 0010JBD, 0010HZT, 0010HHM, 0010HYX, 0010JBG, 0010GYD, 0010HHW, 0010HNZ, 0010HHL, 0010HNW, 0010HNK, 0010HLD, 0010HJS, 0010HZV, 0010JAT, 0010JPT, 0010KKN, 0010JBC, 0010HNX, 0010ERU, 0010EKJ, 0010HKK, 0010GZV, 0010JBB, 0010KKS, 0010JAH, 0010HZU, 0010HKX, 0010HNR, 0010HSZ, 0010HMU, 0010HHU, 0010HNV, 0010KKY, 0010JBJ, 0010HKJ, 0010HKL, 0010HNP, 0010HJX, 0010HHX, 0010HND, 0010JPP, 0010JAX, 0010HMD, 0010HJY, 0010JBL, 0010HLE, 0010JAZ, 0010HLX, 0010HLJ, 0010HZN, 0010HSY, 0010JAD, 0010HLR, 0010HNU, 0010JPN, 0010KKT, 0010HNN, 0010HKC, 0010HZK, 0010HKS, 0010JPK, 0010HJV, 0010EKC, 0010HME, 0010HLC, 0010HHG, 0010JAE, 0010HJK, 0010HZR, 0010HNL, 0010HJW, 0010JAY, 0010JAJ, 0010HKD, 0010EGV, 0010HZL, 0010JPM, 0010HJB, 0010JPL, 0010HHB, 0010HKZ, 0010HHK, 0010HLV, 0010HJD, 0010JPU, 0010HNM, 0010HHD, 0010HJC, 0010EKH, 0010JPR, 0010KKP, 0010JPJ, 0010JBE, 0010HHY, 0010JBH, 0010HNS, 0010HNH, 0010HZS, 0010KKU, 0010HMR, 0010HHZ, 0010HHN"
F-38-3/4-5THWHL,"0010EYK, 0010JAA, 0010HYS, 0010EYN, 0010HKN, 0010GYB, 0010EXZ, 0010GYZ, 0010GYC, 0010HNE, 0010HKE, 0010HLA, 0010HNJ, 0010HZJ, 0010HJZ, 0010HYR, 0010EYD, 0010EYC, 0010HKP, 0010HKH, 0010HKG, 0010EXS, 0010HML, 0010GYA, 0010EYL, 0010HCY, 0010EWW, 0010HKB, 0010HKM, 0010HMC, 0010HKA"
F-38-5/8-5THWHL,"0010GWY, 0010GWZ, 0010HCA"
F-3BTRY-GP31-3/8STUD,"0008NBZ, 0008MJR, 0008MJU, 0008MSL, 0008MJN, 0008MHY, 0008MMG, 0008NBX, 0008NBH, 0008MSG, 0008MKL, 0008MWE, 0008MMZ, 0008MRR, 0008MWL, 0008NBR"
F-3K-6GN-N/PTO-TRANS,"0013BDC, 0013BCV, 0013BDJ, 0013BCL, 0013BDB, 0013BEX, 0013BCM, 0013BEU, 0013BCY, 0013BCX"
F-3K-6GN-W/PTO-TRANS,"0013BEV, 0013BCT, 0013BCR, 0013BDR, 0013BCP, 0013BDL, 0013BDP, 0013BDT, 0013BCS, 0013BDH, 0013BCN, 0013BDK, 0013BCU, 0013BDM"
F-3PT-PASS-SEAT,"0048YAC, 0048YAG, 0048XZY, 0048XZZ, 0048XZW, 0048YAB, 0048YAH, 0048YAE, 0048XZX, 0048YAD, 0048XZV, 0048YAA, 0048YJK, 0048YPX, 0048YRA, 0048YPU, 0048YPZ, 0048YPW, 0048YPV, 0048ZAJ, 0048YPY, 0048CMH, 0048YVE, 0048YRH, 0048YRB, 0048YRE, 0048YRG, 0048YRD, 0048DRA, 0048YVD, 0048YRC, 0048YBX, 0048YCH, 0048YBY, 0048YBV, 0048YCE, 0048YBZ, 0048YCD, 0048YCJ, 0048YCC, 0048YCB, 0048YBW, 0048YCA, 0048YCG, 0048YGA, 0048YDY, 0048YDS, 0048YDL, 0048YDN, 0048YDW, 0048YDU, 0048YDV, 0048YDP, 0048YDM, 0048YDT, 0048YDR, 0048YLW, 0048YMW, 0048YLX, 0048YMN, 0048ZAS, 0048YMP, 0048ZAM, 0048YMT, 0048YRV, 0048YRP, 0048YRS, 0048YRL, 0048YRT, 0048YRU, 0048YRJ, 0048YRN, 0048YRM, 0048YRR, 0048YRK, 0048YPK, 0048GVB, 0048GUH, 0048GUE, 0048GUV, 0048GWX, 0048GUP, 0048GWZ, 0048GUR, 0048GUG, 0048GUX, 0048GUY, 0048GUL, 0048GUN, 0048GUK, 0048GVA, 0048GUW, 0048GUZ, 0048GUU, 0048GXB, 0048GUM, 0048GUS, 0048GUT, 0048GUJ, 0048GWY, 0048GUA, 0048GTT, 0048GVE, 0048GVT, 0048GVY, 0048GWC, 0048GVW, 0048GWA, 0048GVH, 0048GVK, 0048GVZ, 0048GVG, 0048GVR, 0048GVC, 0048GVS, 0048GVD, 0048GVJ, 0048GXA, 0048GVV, 0048GVX, 0048GVL, 0048GVM, 0048GVU, 0048GWB, 0048GVN, 0048GVP, 0048YPP, 0048YPR, 0048UVZ, 0048UWA, 0048UVX, 0048UVY, 0048YPS, 0048YPT, 0048YPG, 0048YPJ, 0048YPE, 0048YPH, 0048YPD, 0048YRZ, 0048YSA, 0048YSC, 0048YRX, 0048YRY, 0048YSE, 0048ZAN, 0048YSB, 0048YRW, 0048YSD, 0048YSN, 0048YSP, 0048YSJ, 0048YSK, 0048YSM, 0048YSL, 0048YST, 0048YSX, 0048HEK, 0048YSV, 0048YSW, 0048YSU, 0048YZR, 0048YZP, 0048YZZ, 0048ZAA, 0048YZY, 0048YZW, 0048YZS, 0048YZU, 0048YZX, 0048YZT, 0048YZV, 0048YYD, 0048YYC, 0048YYE, 0048YYJ, 0048YYN, 0048YYM, 0048YYB, 0048YYL, 0048YYP, 0048YYH, 0048YYK, 0048YYG, 0048YAU, 0048YAV, 0048YAJ, 0048YAS, 0048YAR, 0048YAP, 0048YAL, 0048YAT, 0048YAM, 0048YAK, 0048YAY, 0048YAX, 0048YAW, 0048YAN, 0048ZAG, 0048ZAE, 0048YCT, 0048YCX, 0048YCU, 0048YCR, 0048YCM, 0048YCK, 0048YCW, 0048YCP, 0048YCV, 0048YCL, 0048YCN, 0048YCS, 0048YDX, 0048YDE, 0048YDH, 0048YDB, 0048YDC, 0048YDD, 0048YDJ, 0048YDK, 0048YDG, 0048YDA, 0048YCY, 0048YCZ, 0048YPL, 0048YSG, 0048YSH, 0048YJS, 0048YPB, 0048YPA, 0048DJU, 0048YPM, 0048YJT, 0048WYW, 0048XAH, 0048XEH, 0048YJJ, 0048XAK, 0048XAN, 0048XAM, 0048XAL, 0048XAD, 0048XAG, 0048XAJ, 0048XAE, 0048WZW, 0048WZY, 0048XAB, 0048WZX, 0048YLH, 0048WZZ, 0048XAC, 0048WZU, 0048XAA, 0048YJH, 0048WZV, 0048YSS, 0048YSR, 0048XGC, 0048XGK, 0048ZAP, 0048XGL, 0048XGH, 0048XGP, 0048YXT, 0048YXX, 0048YXS, 0048YXY, 0048YXR, 0048YXZ, 0048YXU, 0048YYA, 0048YXW, 0048YXV, 0048YZG, 0048YZD, 0048YZN, 0048YZE, 0048YZH, 0048YZJ, 0048YZM, 0048YZK, 0048YZL, 0048GPG, 0048XAR, 0048XEY, 0048XAP, 0048XHA, 0048XER, 0048XAS, 0048XAT, 0048XES, 0048GPH, 0048XAU, 0048XAW, 0048XEZ, 0048XAX, 0048XGZ, 0048XAV, 0048YWL, 0048YWN, 0048YWK, 0048YWP, 0048YWM, 0048YWJ, 0048YWX, 0048YWZ, 0048YXA, 0048YWV, 0048YWY, 0048YWW, 0048YXB, 0048YXN, 0048ZAR, 0048YXG, 0048ZAL, 0048YXE, 0048YXK, 0048YXJ, 0048YXP, 0048YXM, 0048YXL, 0048YXH, 0048YYX, 0048YZB, 0048YYV, 0048YYY, 0048YYU, 0048YYW, 0048YZC, 0048YZA, 0048YYZ, 0048XEJ, 0048YJA, 0048XCA, 0048XCC, 0048XCB, 0048XCG, 0048YJB, 0048XEK, 0048XCD, 0048XCE, 0048ZAD, 0048ZAB, 0048ZAC, 0048HCZ, 0048HDB, 0048HDD, 0048HEL, 0048HEA, 0048HDG, 0048HDW, 0048HDT, 0048YNK, 0048YNJ, 0048YNG, 0048YNL, 0048YNM, 0048YNE, 0048YNH, 0048YNA, 0048YND, 0048YNC, 0048YMZ, 0048YNB, 0048YMY, 0048YMX, 0048XEU, 0048XEX, 0048WYV, 0048XYG, 0048WZJ, 0048YLT, 0048WZH, 0048YLV, 0048WZG, 0048YLY, 0048XYE, 0048YNN, 0048WZE, 0048YPC, 0048XET, 0048XEW, 0048WYU, 0048HEB, 0048HEW, 0048HDC, 0048HDE, 0048HDA, 0048HDV, 0048HEM, 0048HDU, 0048HDS, 0048GTX, 0048GTW, 0048GUD, 0048XYD, 0048WZB, 0048YNP, 0048XYC, 0048WZA, 0048WZD, 0048WZC, 0048YNS, 0048YMS, 0048YNU, 0048YNW, 0048YNY, 0048YNZ, 0048YNV, 0048YNT, 0048YNX, 0048YMR"
F-4000-6GEN-TRANS,"0013BEA, 0013BDX, 0013BDV, 0013BDZ, 0013BDY, 0013BDW, 0013BEB"
F-40K-RRAXLES,"0014GKG, 0014GWZ, 0014HRV, 0014GYB, 0014GXR, 0014GVU, 0014GVD, 0014GWY, 0014GKT, 0014GZD, 0014GVG, 0014GHE, 0014GVM, 0014GXZ, 0014GYK, 0014GVY, 0014GVL, 0014GVN, 0014GXA, 0014GKW, 0014GVR, 0014GZE, 0014GXB, 0014GYT, 0014BAB, 0014GXY, 0014GVJ, 0014GYW, 0014GVX, 0014HSC, 0014GWW, 0014GVK, 0014GVE, 0014GKV, 0014GZA, 0014GZB, 0014GYA, 0014GKS, 0014GKU, 0014GXX, 0014GYS, 0014GVP, 0014GYC, 0014GVH, 0014GZC, 0014GKX, 0014GXP, 0014GXJ, 0014GWV, 0014GYU, 0014GYD, 0014GVZ"
F-4500-6GEN-TRANS,"0013BEP, 0013BEH, 0013BED, 0013BEG, 0013BEM, 0013BER, 0013BEJ, 0013BEC, 0013BEN, 0013BEK, 0013BEL, 0013BEE"
F-4700-6GEN-TRANS,"0013BES, 0013BET"
F-4700-AUTO-TRANS,"0013BET, 0013AYB, 0013BES, 0013AYC"
F-4BTRY-GP31-3/8STUD,"0008MWK, 0008MJV, 0008MRS, 0008MME, 0008MSK, 0008MSM, 0008NBJ, 0008NBT, 0008MMX, 0008MSH, 0008MWJ, 0008MMR, 0008MWC, 0008MJS, 0008MMV, 0008MWB"
F-4CH-ABS-BRAK,"0004AZH, 0004AZE, 0004AZJ, 0004AZA, 0004AZS, 0004AAS"
F-4K-6GN-N/PTO-TRANS,"0013BEJ, 0013BEE, 0013BDV, 0013BEC, 0013BED"
F-4K-6GN-W/PTO-TRANS,"0013BER, 0013BDZ, 0013BEB, 0013BDY, 0013BEH, 0013BEL, 0013BEN, 0013BEK, 0013BDX, 0013BEA, 0013BDW, 0013BEM, 0013BEG, 0013BEP"
F-4X2-AIR-SUSP-9.5RH,0014TAX
F-5/16-C-CHAN-REINF,"0001GDS, 0001GDT, 0001GBP"
F-5/16-STL-RAIL,"0001CAA, 0001CCJ, 0001CAE, 0001CBU, 0001CAC, 0001CEZ, 0001CAB, 0001CGL, 0001CEK, 0001ALR, 0001CBV"
F-5THWHL-LOC-EVEN,"0810020, 0810010, 0810014, 0810100, 0810101, 0810102, 0810103, 0810012, 0810018, 0810016, 0810000, 0810098, 0810008, 0810006, 0810002, 0810105, 0810004"
F-6CH-ABS-BRAK,"0004BAB, 0004AZU, 0004BAC, 0004AZX, 0004AZY, 0004AZV"
F-6CH-EBS-BRAK,"0004BAM, 0004BAL, 0004BAH"
F-6IN-WINDOW,"0048UNW, 0048BPX, 0048GHL, 0048GXE, 0048USG, 0048UWZ, 0048CXG, 0048CXY, 0048GHM, 0048BSB, 0048UNX, 0048UXA, 0048CYB, 0048BPW, 0048BSD, 0048BPZ"
F-6WDO-BUS-BODY,"0047AJU, 0047AEC"
F-7-SPR-SER-60-CLUCH,"0011MGP, 0011MRR, 0011MHN, 0011MRW, 0011MRV, 0011MGZ, 0011MRT, 0011MHR, 0011MRP, 0011MHG, 0011MHP, 0011MHA, 0011MRU"
F-7/16-STL-RAIL,"0001CCE, 0001CDT, 0001CAH, 0001CAJ, 0001CGG, 0001CGA, 0001CCL, 0001CEM"
F-70G-FUEL-TNK,"0015SYK, 0015SYL"
F-78HR-LAMI-28%-TINT,"0048AUL, 0048AUK, 0048AUM, 0048AUN, 0048AUJ, 0048ATU"
F-78HR-TEMP-28%-TINT,"0048BTY, 0048BTV, 0048BUB, 0048BTZ, 0048BTW, 0048BTX"
F-7WDO-BUS-BODY,0047AEK
F-80G-FUEL-TNK,"0015SYC, 0015SYN, 0015SYM, 0015TAT"
F-8BTRY-GP31-3/8STUD,"0008MSJ, 0008MMW, 0008MMY, 0008MRU, 0008MSA, 0008MMS"
F-8WDO-BUS-BODY,"0047AEN, 0047AEM, 0047AEL, 0047AEP"
F-9000-AIR-TK-MODULE,"0504620, 0504605, 0504602"
F-9WDO-BUS-BODY,"0047AER, 0047AEU, 0047AET, 0047AES"
F-<=40K-SUSP,"0014ULV, 0014TEH, 0014TED, 0014TBL, 0014UKZ, 0014SCE, 0014670, 0014TEC, 0014ULP, 0014TAY, 0014UHE, 0014TAX, 0014TBZ, 0014TEJ, 0014SAE, 0014ULA, 0014UZR, 0014SBW, 0014TDW, 0014SAL, 0014UZS, 0014TCJ, 0014VAB, 0014VBJ, 0014UPZ, 0014VAJ, 0014XAL, 0014TBM, 0014TDN, 0014TDV, 0014SBK, 0014SAM, 0014TEE, 0014ULU, 0014UNV, 0014SBN, 0014UHD, 0014SBV, 0014SAC, 0014TEB, 0014TDM, 0014TDX, 0014TBW, 0014TDZ, 0014TEA, 0014SAH, 0014TBN, 0014TDU, 0014VAH, 0014SCL, 0014VAC, 0014URA, 0014TAZ, 0014VAG, 0014TEG, 0014TBS, 0014VAD, 0014UNA, 0014TDS, 0014UMW, 0014TCZ, 0014UNU, 0014TDR, 0014UMS, 0014TDE, 0014SAN, 0014TBT, 0014UNS, 0014ULX, 0014UHC, 0014TDL, 0014UNT, 0014TBH, 0014UMV, 0014TBJ"
F->12K-<=14K-FRTAXLE,"0002AUH, 0002ARV, 0002ASR, 0002AKC, 0002AST, 0002AKR, 0002AUM, 0002ASG, 0002AUJ, 0002AJU, 0002AVN, 0002AUL, 0002AKJ, 0002AJP, 0002AGC, 0002AHX, 0002AJE, 0002AJG, 0002AEZ, 0002AKP, 0002AVW, 0002AKH, 0002AJH, 0002AUK, 0002AKD, 0002AVJ, 0002AKK, 0002ATT"
F->40K-SUSP,"0014UHL, 0014UNW, 0014VHB, 0014VKL, 0014UPV, 0014UZB, 0014UPS, 0014ULM, 0014ULT, 0014UPC, 0014UMJ, 0014URE, 0014UZW, 0014UJE, 0014ULS, 0014UMY, 0014URJ, 0014URH, 0014XAM, 0014ULB, 0014UPL, 0014UMZ, 0014UZY, 0014ULZ, 0014UMM, 0014ULC, 0014ULY, 0014UNX, 0014UYZ, 0014UNY, 0014524, 0014UHU, 0014ULE, 0014UZT, 0014UMP, 0014UHK, 0014UMT, 0014UZX, 0014UPU, 0014UPY, 0014UPW, 0014URG, 0014UMN, 0014UPX, 0014UZV, 0014UMX, 0014UPP, 0014698, 0014UZU"
F->=40K-SUSP,"0014ULS, 0014UHK, 0014UMZ, 0014ULT, 0014UPS, 0014UJE, 0014VHB, 0014UMW, 0014UMN, 0014UMV, 0014URE, 0014UZS, 0014URJ, 0014UPP, 0014UMM, 0014URG, 0014524, 0014VKL, 0014UMP, 0014UMS, 0014UZB, 0014UNU, 0014ULE, 0014UZV, 0014ULV, 0014ULY, 0014UMY, 0014UNV, 0014UPW, 0014UHC, 0014UMX, 0014ULM, 0014UHE, 0014ULB, 0014UHU, 0014UZX, 0014UNS, 0014UZT, 0014UHD, 0014UNX, 0014URA, 0014UPY, 0014XAM, 0014UNW, 0014698, 0014UHL, 0014UNT, 0014UMT, 0014ULA, 0014TBX, 0014UPU, 0014UNY, 0014UPC, 0014UPL, 0014UZU, 0014TDC, 0014ULC, 0014ULZ, 0014ULU, 0014UNA, 0014UPZ, 0014ULX, 0014UPX, 0014URH, 0014UZY, 0014UYZ, 0014UKZ, 0014UMJ, 0014UZR, 0014UZW, 0014XAL, 0014UPV"
F->=44K-SUSP,"0014524, 0014UMP, 0014UMZ, 0014UMN, 0014VHB, 0014UPU, 0014URG, 0014UHU, 0014ULS, 0014URJ, 0014UPV, 0014ULE, 0014UPY, 0014UPL, 0014ULT, 0014698, 0014UZU, 0014UYZ, 0014URH, 0014UHK, 0014UZX, 0014URE, 0014UJE, 0014ULY, 0014UNW, 0014ULZ, 0014UMJ, 0014UMX, 0014UMT, 0014UZV, 0014ULM, 0014UPX, 0014UPS, 0014UMM, 0014UZT, 0014UHL, 0014UPP, 0014UZW, 0014UPC, 0014UNY, 0014UZB, 0014UZY, 0014ULB, 0014TDC, 0014UPW, 0014UNX, 0014UMY, 0014ULC, 0014XAM, 0014VKL"
F->=45K-SUSP,"0014UZY, 0014UPC, 0014UNX, 0014ULB, 0014UPV, 0014UMX, 0014VHB, 0014UMT, 0014TDC, 0014UMM, 0014URG, 0014UPY, 0014URH, 0014UZU, 0014524, 0014UPX, 0014VKL, 0014UMJ, 0014ULM, 0014UZV, 0014UNY, 0014UPS, 0014UMP, 0014URJ, 0014UPP, 0014698, 0014UJE, 0014UHU, 0014UMY, 0014UPW, 0014UHK, 0014ULE, 0014ULS, 0014ULZ, 0014UYZ, 0014UMN, 0014UZW, 0014XAM, 0014UMZ, 0014ULY, 0014UZX, 0014UNW, 0014ULC, 0014UHL, 0014UPL, 0014UPU, 0014ULT, 0014UZB, 0014URE, 0014UZT"
F->=46K-SUSP,"0014UPC, 0014UMZ, 0014UZX, 0014UPY, 0014524, 0014UYZ, 0014ULS, 0014UPW, 0014XAM, 0014UPS, 0014UZB, 0014UMT, 0014UMN, 0014UZY, 0014UHL, 0014698, 0014UMJ, 0014ULB, 0014UNX, 0014UHK, 0014UMY, 0014UPP, 0014UZU, 0014UPU, 0014UZW, 0014UMM, 0014UNW, 0014UPL, 0014ULT, 0014UNY, 0014UJE, 0014UZT, 0014URG, 0014VHB, 0014UZV, 0014URE, 0014UHU, 0014UPV, 0014UPX, 0014UMP, 0014ULC, 0014ULZ, 0014ULY, 0014URJ, 0014UMX, 0014VKL, 0014ULM, 0014URH, 0014ULE"
F->=50K-SUSP,"0014UPU, 0014UZY, 0014UMP, 0014UMT, 0014UZX, 0014UPP, 0014UPC, 0014UPV, 0014UJE, 0014URJ, 0014URH, 0014UPW, 0014UPX, 0014524, 0014URE, 0014698, 0014UHU"
F->=52K-SUSP,"0014URH, 0014UMP, 0014UPW, 0014524, 0014UPV, 0014UPP, 0014UHU, 0014UJE, 0014UPX, 0014UPU, 0014UPC, 0014UMT, 0014URJ, 0014UZX, 0014UZY, 0014698"
F-ABS-ATC-BRAK,"0004AZY, 0004AZJ, 0004AZU, 0004AZH, 0004AAS, 0004AZA, 0004AZS, 0004AZE, 0004AZX, 0004BAA, 0004BAB, 0004BAC, 0004AZV"
F-ABS-BRAK,"0004AZA, 0004AZU, 0004BAB, 0004AZE"
F-ADL-SPG-BRK-CHMBR,"0004AAV, 0004AAA, 0004XEE, 0004AAB, 0004AAR, 0004AAU"
F-ADVANTAGE-AMT-TRAN,"0013GYC, 0013ZAD, 0013GYG, 0013GYD, 0013GYH"
F-AERO-EXTENDER,"0016XYL, 0016YAB, 0016XZL, 0016YAD, 0016XZZ, 0016XZD, 0016XZX, 0016XZJ, 0016XZW, 0016XYY, 0016XZY, 0016XYZ, 0016YAA, 0016WZA, 0016XYD, 0016XYM, 0016XYC, 0016YAC, 0016XZV"
F-AERO-SLPR,"0016AVH, 0016AVK, 0016AVJ"
F-AIR-BRK-ESC,"0004AAS, 0004AZX, 0004AZY, 0004AZS"
F-AIR-DRYERS,"0004EDC, 0004EDN, 0004EBD, 0004EDT, 0004EDP, 0004ECJ, 0004ECX, 0004EBT, 0004EBZ, 0004EDJ, 0004EDX, 0004EDR, 0004EBS, 0004EDU, 0004ECC, 0004ECH, 0004EDL, 0004ECG, 0004EBP, 0004EDK, 0004EDM, 0004EDV"
F-AIR-HORN-LANYARD,"0008WHE, 0008XME, 0008HXT, 0008XHN"
F-AIR-SHIFT-TRANS,"0013GZD, 0013GYZ, 0013GKE, 0013GYN, 0013GUN, 0013HAE, 0013GXD, 0013GHW, 0013HAJ, 0013GWZ, 0013GWR, 0013GHL, 0013GKD, 0013GWX, 0013GWW, 0013GYH, 0013HAA, 0013GKL, 0013GKC, 0013GXA, 0013GHS, 0013GZB, 0013HAG, 0013GKB, 0013GXH, 0013GKJ, 0013GYG, 0013GJS, 0013GZC, 0013GWU, 0013GZA, 0013HAD, 0013GYD, 0013GMZ, 0013HAH, 0013GHX, 0013GWP, 0013GYY, 0013HAC, 0013GYC, 0013GYL, 0013GNA, 0013GKZ, 0013GXC, 0013HAB, 0013GJT, 0013GWN, 0013GKM, 0013GJR, 0013GYK, 0013GKA"
F-AIR-SLD-5THWHL,"0010EKG, 0010HHK, 0010JPG, 0010HKL, 0010EKH, 0010HKK, 0010KKR, 0010GZV, 0010HJD, 0010HJL, 0010HHY, 0010HHX, 0010HZV, 0010HZU, 0010HNL, 0010JAH, 0010KKU, 0010HNV, 0010JBD, 0010HNR, 0010HNY, 0010HLD, 0010HJV, 0010GYX, 0010HNU, 0010HHN, 0010HHD, 0010HHZ, 0010KKY, 0010KKN, 0010HSZ, 0010JPK, 0010JBL, 0010HZR, 0010HND, 0010HZP, 0010HNX, 0010EKJ, 0010HYX, 0010KKS, 0010HJB, 0010JPS, 0010HHR, 0010HKZ, 0010HNS, 0010HSY, 0010KLC, 0010HNN, 0010JBK, 0010HJK, 0010HZT, 0010HHL, 0010HHG, 0010HNT, 0010JAE, 0010HJY, 0010JBC, 0010KKA, 0010HNZ, 0010KLA, 0010HNW, 0010HHB, 0010JAD, 0010JAT, 0010HZK, 0010JBG, 0010HMR, 0010HLJ, 0010KKT, 0010HHW, 0010HLR, 0010HZN, 0010HNM, 0010HJX, 0010HHU, 0010HHM, 0010HLC, 0010JAJ, 0010EKC, 0010HHA, 0010JPH, 0010HJS, 0010HHT, 0010HKX, 0010ERU, 0010HLE, 0010HJW, 0010EKK, 0010KKM, 0010HZS, 0010HJC, 0010KKP, 0010HKD, 0010KKV, 0010HNP, 0010JAS, 0010HHH, 0010JBB, 0010HKJ, 0010HJA, 0010HKC, 0010HCZ"
F-AIR-SOLENOID-REQD,"0014WCY, 0014WCX, 0014AHJ, 0014GKL, 0014GRP, 0014ARB, 0014GKX, 0014GWV, 0014GZE, 0014HSC, 0014AWS, 0014AKW, 0014ANL, 0014GKY, 0014GVZ, 0014BAA, 0014ANR, 0014AHG, 0014HRE, 0014GVP, 0014GHE, 0014ERY, 0014AWN, 0014HRW, 0014APL, 0014HRD, 0014GZC, 0014GKT, 0014GWY, 0014AWT, 0014GKN, 0014CVC, 0014GVY, 0014HSH, 0014AHL, 0014GRD, 0014GXB, 0014ARY, 0014GVD, 0014GKJ, 0014HRV, 0014GKG, 0014GZA, 0014GZD, 0014GLB, 0014GWW, 0014GKS, 0014ANX, 0014GVR, 0014GXC, 0014GKP, 0014GVH, 0014ASA, 0014GVM, 0014GXR, 0014AKU, 0014AWK, 0014ANM, 0014GKH, 0014GKW, 0014HRC, 0014ARK, 0014GJT, 0014GVU, 0014GYA, 0014AWJ, 0014AKV, 0014ANY, 0014GRS, 0014GKZ, 0014GLD, 0014GLA, 0014AKY, 0014HRM, 0014ANT, 0014ASD, 0014GRR, 0014GVN, 0014ANZ, 0014GVL, 0014GVG, 0014ATX, 0014GVJ, 0014ANK, 0014CVG, 0014GXX, 0014GXY, 0014GXA, 0014GKV, 0014GVX, 0014HRB, 0014GKR, 0014ATZ, 0014GKU, 0014GYC, 0014ATG, 0014GVE, 0014AWE, 0014GVK, 0014HSG, 0014GXJ, 0014GKM, 0014GKK, 0014ATN, 0014BAJ, 0014GLC, 0014GKE, 0014HRL, 0014GWZ, 0014GYY, 0013PNB, 0013607, 0013PNC, 0013TKC, 0013TLX, 0013TKL, 0013TLY, 0013TLT, 0013TLW, 0013TKK, 0013TKA, 0013TKB, 0010HHH, 0010HHR, 0010HNP, 0010HHT, 0010HNL, 0010JBC, 0010KKR, 0010KKP, 0010HCZ, 0010HHZ, 0010HJA, 0010JAT, 0010KKY, 0010HZU, 0010GYX, 0010HJX, 0010HKC, 0010JPR, 0010HJD, 0010EKK, 0010JBL, 0010GYZ, 0010HHK, 0010JPT, 0010HJK, 0010KKM, 0010HNY, 0010HKX, 0010HZP, 0010JBD, 0010HZT, 0010ERU, 0010HYX, 0010HNV, 0010HZV, 0010HNU, 0010HJY, 0010HKL, 0010HJS, 0010HHN, 0010HHG, 0010HZR, 0010JPK, 0010JAH, 0010HKD, 0010HHX, 0010HHY, 0010HKJ, 0010HNX, 0010HHB, 0010HLD, 0010JAJ, 0010HKK, 0010HMR, 0010HNN, 0010HJB, 0010HKZ, 0010HHM, 0010HHL, 0010HNM, 0010HJL, 0010EKJ, 0010HLC, 0010HLE, 0010HHA, 0010HNW, 0010HNT, 0010HZK, 0010KKN, 0010HJC, 0010HLV, 0010HJW, 0010JBG, 0010KKV, 0010HHW, 0010KKT, 0010HLJ, 0010HZN, 0010HHU, 0010HLR, 0010JBK, 0010HSY, 0010EKG, 0010HNR, 0010HZS, 0010EKH, 0010HJV, 0010HHD, 0010HLA, 0010HNZ, 0010KKU, 0010KKS, 0010EKC, 0003WAJ, 0003WAK, 0003WAN, 0004WWX, 0013XAA, 0014899, 0008WKM, 0008WGP, 0008WGB, 0008WGC, 0008WKX, 0008WGA, 0008WGD, 0008WGR, 0008WCL"
F-AIR-STOP-ARM,"0049AGE, 0049BSB, 0049BMA, 0049BJH, 0049AGG, 0049BAV, 0049ENA, 0049EMZ, 0049BWG, 0049ELK, 0049AKM"
F-AIR-TANK-LOCATION,"0004VKZ, 0004VJE, 0004VKJ, 0004XAN, 0004VKK, 0004VLA, 0004VKL, 0004VKV, 0004VJM, 0004VMM, 0004VMH, 0004VJA, 0004VDU, 0004VLB, 0004XAD, 0004VMT, 0004WZV, 0004XET, 0004VJJ, 0004XEP, 0004XAU, 0004XBX, 0004VMV, 0004VKW, 0004VMU, 0004WZA, 0004VMR, 0004VMA, 0004XER, 0004VCL, 0004VLR, 0004VKG, 0004XCC, 0004XCD, 0504619, 0004VCY, 0004XEZ, 0004WZW, 0004VMN, 0004XAC, 0004XAS, 0004VHX, 0004VME, 0004VKX, 0004VML, 0004VLT, 0004VLW, 0004VMC, 0004XEU, 0004VJG, 0004XBS, 0004VKH, 0004VLD, 0004VJK, 0004VHZ, 0504615, 0004VDX, 0004VMB, 0004VLC, 0004WZJ, 0004VHW, 0004VJS, 0004VJY"
F-AIRRIDE-BUS-DRV,"0048GJH, 0048TMY, 0048TZK, 0048VUK, 0048GPL, 0048RYW, 0048UXP, 0048HDN, 0048PTM"
F-AIRRIDE-DRV-SEAT,"0016JJG, 0016JYV, 0016KBL, 0016LKU, 0016JYS, 0016JPA, 0016KAN, 0016KBK, 0016JNZ, 0016JYX, 0016JNV, 0016JPT, 0016KAK, 0016KBZ, 0016KBD, 0016KAP, 0016LWM, 0016KZU, 0016KBX, 0016KBT, 0016JYP, 0016JYM, 0016KAM, 0016JXM, 0016JPY, 0016KCB, 0016KUY, 0016LJS, 0016LWL, 0016JNT, 0016LWJ, 0016KCE, 0016LWX, 0016KAR, 0016JXN, 0016LRX, 0016JXY, 0016KZN, 0016JJD, 0016JCR, 0016KBY, 0016JHR, 0016LRA, 0016LRV, 0016LWR, 0016KZZ, 0016JCJ, 0016JYJ, 0016KZW, 0016KBE, 0016JCK, 0016KZS, 0016KBM, 0016JXP, 0016KBR, 0016LRW, 0016LJP, 0016KCD, 0016KBV, 0016JXK, 0016LWZ, 0016KZT, 0016JCP, 0016KBU, 0016HXD, 0016KVH, 0016LLK, 0016HXB, 0016LWN, 0016JYA, 0016LKV, 0016KZM, 0016JNY, 0016KVL, 0016LWU, 0016KZY, 0016LSD, 0016JXC, 0016JYN, 0016KBG, 0016KBN, 0016KAG, 0016KAS, 0016KVE, 0016KBA, 0016KVY, 0016KZV, 0016KBJ, 0016JXZ, 0016LWK, 0016KZX, 0016JXL, 0016LSA, 0016LWV, 0016JXV, 0016KAT, 0016KUM, 0016JYL, 0016KBP, 0016KBB, 0016KBH, 0016KZE, 0016KCA, 0016JPX, 0016JXU, 0016LWP, 0016JJE, 0016LWW, 0016LJL, 0016LLR, 0016KBS, 0016KBC, 0016KDH"
F-AIRRIDE-PASS-SEAT,"0016KZP, 0016SRS, 0016KCH, 0016JXR, 0016PUS, 0016KCV, 0016SRX, 0016JXW, 0016SRT, 0016JYC, 0016PPM, 0016KCK, 0016PNX, 0016SPH, 0016KCZ, 0016LHK, 0016LER, 0016KDE, 0016KCT, 0016RAJ, 0016JYD, 0016RPV, 0016SRP, 0016PUN, 0016LSN, 0016KDD, 0016SSA, 0016PPN, 0016REY, 0016KCS, 0016PPC, 0016KCW, 0016HYE, 0016RBE, 0016LGC, 0016LDX, 0016KDA, 0016LSL, 0016LPL, 0016SRN, 0016LDK, 0016SRR, 0016RXE, 0016KCR, 0016PUR, 0016KZR, 0016KCP, 0016KDG, 0016KDB, 0016RDW, 0016REH, 0016STC, 0016LVK, 0016RXP, 0016KVG, 0016SRU, 0016KCG, 0016SPE, 0016JXX, 0016RAD, 0016REG, 0016KDC, 0016SRZ, 0016RPX, 0016JXT, 0016LCZ, 0016KCY, 0016KCJ, 0016RAK, 0016RXZ, 0016JXS, 0016KCU, 0016SPG, 0016PPH, 0016RWZ, 0016RBD, 0016KCX, 0016RDY, 0016LSM, 0016PPG, 0016PPK, 0016KCM, 0016RBC, 0016HYB, 0016LPZ, 0016KCN, 0016JYB, 0016PPD, 0016KCL, 0016LPM, 0016HYA, 0016LEP, 0016RXX, 0016LPG, 0016PUP, 0016SRY, 0016KJC"
F-ALL-2SPD-XFER-CASE,"0013TLW, 0013TKL, 0013TLY, 0013TLU, 0013TLP, 0013TKB, 0013TKA, 0013TLT, 0013TKK, 0013TLX"
F-ALL-39INCH-SEATS,"0048YAG, 0048XZX, 0048YAH, 0048XZZ, 0048YAE, 0048XZY, 0048YAA, 0048YJK, 0048YAC, 0048XZV, 0048XZW, 0048YAB, 0048YAD, 0048RXR, 0048RVK, 0048RTK, 0048RVL, 0048XGN, 0048RTJ, 0048RTL, 0048RVH, 0048XGS, 0048RVM, 0048RVZ, 0048RXK, 0048RTR, 0048RVY, 0048XGX, 0048XGR, 0048XGU, 0048XGV, 0048XGW, 0048VVG, 0048XGT, 0048RWZ, 0048XGM, 0048RTT, 0048RTS, 0048RUG, 0048RUP, 0048RUJ, 0048RUK, 0048RUE, 0048RUH, 0048RUM, 0048UBZ, 0048RXU, 0048CUH, 0048RUN, 0048RUL, 0048RXT, 0048RXX, 0048RZZ, 0048RVA, 0048RVC, 0048RVB, 0048RVG, 0048RVD, 0048RVE, 0048SYP, 0048RUZ, 0048SYR, 0048YSK, 0048YSN, 0048YSM, 0048YSL, 0048YSJ, 0048YSP, 0048GYN, 0048YSV, 0048YSX, 0048YST, 0048HEK, 0048YSW, 0048YSU, 0048YZP, 0048YZY, 0048YZZ, 0048YZX, 0048YZT, 0048YZS, 0048YZR, 0048YZV, 0048YZU, 0048YZW, 0048YYN, 0048YYM, 0048YYK, 0048YYC, 0048YYG, 0048YYD, 0048YYB, 0048YYL, 0048YYJ, 0048YYH, 0048YYE, 0048YYP, 0048YAL, 0048YAW, 0048YAU, 0048YAJ, 0048YAY, 0048YAP, 0048YAK, 0048YAX, 0048YAV, 0048YAS, 0048YAT, 0048YAN, 0048YAM, 0048YAR, 0048SDS, 0048SDR, 0048SDT, 0048SDH, 0048SDK, 0048SDJ, 0048SDU, 0048SDL, 0048SDM, 0048SDP, 0048SDW, 0048SDN, 0048SDV, 0048SKA, 0048SKR, 0048SKJ, 0048SKB, 0048SKK, 0048SKN, 0048SKG, 0048SKD, 0048SKL, 0048SKC, 0048SKP, 0048SKM, 0048SKE, 0048SKH, 0048SRA, 0048SWA, 0048YLP, 0048XCM, 0048XCR, 0048XXL, 0048XCN, 0048XXR, 0048YHW, 0048XCK, 0048XCT, 0048XCP, 0048XXH, 0048XXN, 0048XCJ, 0048XXJ, 0048XCS, 0048XXK, 0048XXS, 0048XXP, 0048XCL, 0048XCH, 0048XXM, 0048XCX, 0048XCU, 0048GSB, 0048XXX, 0048XDC, 0048YKB, 0048XXU, 0048XXY, 0048XXW, 0048XYB, 0048XDD, 0048YJR, 0048XCZ, 0048XCY, 0048XXV, 0048XXT, 0048XYA, 0048XDB, 0048XCV, 0048XCW, 0048XXZ, 0048YPN, 0048XDA, 0048UAH, 0048UAU, 0048YMC, 0048XYW, 0048XZN, 0048BXM, 0048BXL, 0048UNK, 0048BXD, 0048UMV, 0048XYV, 0048UMY, 0048BXV, 0048BXG, 0048GRU, 0048HAA, 0048WNR, 0048BXU, 0048UNL, 0048BXZ, 0048BYB, 0048CGY, 0048BYA, 0048URX, 0048UNY, 0048UNZ, 0048BYH, 0048BYG, 0048BXH, 0048YXC, 0048YWU, 0048YWR, 0048YWT, 0048YLS, 0048XZU, 0048YMM, 0048XZS, 0048YME, 0048XZD, 0048XZG, 0048GRV, 0048YJW, 0048YJL, 0048YMJ, 0048XYL, 0048YML, 0048XYM, 0048XZE, 0048XYK, 0048XZT, 0048YLR, 0048XZC, 0048YMH, 0048YMD, 0048XZR, 0048YUR, 0048YTU, 0048YUG, 0048YUK, 0048YTY, 0048YUE, 0048YUM, 0048YUN, 0048YUL, 0048YTW, 0048YTZ, 0048YUP, 0048YTV, 0048YTT, 0048YUJ, 0048YUA, 0048YUB, 0048YUD, 0048YUH, 0048YTX, 0048YUC, 0048YWD, 0048YVV, 0048YWG, 0048YVY, 0048YVR, 0048YVW, 0048YVS, 0048YWA, 0048YWH, 0048YWE, 0048YWB, 0048YWC, 0048YVU, 0048YVX, 0048YVZ, 0048YVT, 0048HDG, 0048HDB, 0048HDW, 0048HDT, 0048HEL, 0048HEA, 0048HDD, 0048HCZ, 0048YNE, 0048YNK, 0048YNJ, 0048YNH, 0048YNL, 0048YNM, 0048YNG, 0048YND, 0048YNB, 0048YNC, 0048YMY, 0048YMX, 0048YMZ, 0048YNA, 0048HEB, 0048HDA, 0048HEM, 0048HEW, 0048HDC, 0048HDE, 0048HDU, 0048HDV, 0048HDS, 0048GTW, 0048GUD, 0048YNW, 0048YNS, 0048YMS, 0048YNY, 0048YNU, 0048YNV, 0048YNT, 0048YMR, 0048YNZ, 0048YNX"
F-ALL-45INCH-SEATS,"0048YHD, 0048YGV, 0048YMW, 0048YHA, 0048YGK, 0048YHB, 0048YLW, 0048YGL, 0048YGJ, 0048YHH, 0048YMN, 0048YHG, 0048YGZ, 0048YHE, 0048YMP, 0048YGH, 0048YGX, 0048ZAS, 0048YGM, 0048YGY, 0048YHC, 0048ZAM, 0048YLX, 0048YGW, 0048YMT, 0048YPG, 0048YPH, 0048YPD, 0048YPE, 0048YHK, 0048YLG, 0048YPJ, 0048YHL, 0048YHM, 0048YHN, 0048SER, 0048SEP, 0048SEN, 0048SEM, 0048YGE, 0048YMA, 0048YGC, 0048YGG, 0048YGB, 0048YGD, 0048YYT, 0048XGJ, 0048YYS, 0048XGH, 0048XGL, 0048XGY, 0048YYR, 0048ZAP, 0048ZAH, 0048XGP, 0048XGK, 0048GTX"
F-ALL-5THWHL,"0010HNN, 0010KKA, 0010HMR, 0010HLR, 0010HZU, 0010KKU, 0010HKX, 0010JPV, 0010JBB, 0010JAY, 0010HKL, 0010HNY, 0010HLX, 0010HKD, 0010HHW, 0010HNW, 0010KKT, 0010HYS, 0010GWY, 0010HNS, 0010JBG, 0010HHZ, 0010HKK, 0010HND, 0010HKZ, 0010HLV, 0010HKH, 0010HJW, 0010JBE, 0010HHR, 0010EYC, 0010HNZ, 0010JAT, 0010HKB, 0010EKC, 0010HJZ, 0010JPG, 0010HKP, 0010HHD, 0010HCZ, 0010JAD, 0010GYA, 0010HLE, 0010HNE, 0010KKR, 0010JPR, 0010JAA, 0010GYX, 0010JBJ, 0010HCA, 0010HLJ, 0010JPP, 0010HNV, 0010EKK, 0010JPS, 0010GYC, 0010HJX, 0010HHB, 0010EYN, 0010EYD, 0010HZV, 0010JPL, 0010JBH, 0010HZK, 0010KKS, 0010HME, 0010HNU, 0010HNK, 0010GWZ, 0010HYV, 0010HZJ, 0010HCY, 0010HZT, 0010JAZ, 0010HJC, 0010KKM, 0010HLA, 0010HYX, 0010GZV, 0010HHA, 0010HJK, 0010HYU, 0010KKV, 0010HHH, 0010EYL, 0010GYB, 0010JAS, 0010EXZ, 0010HHX, 0010JPK, 0010HKJ, 0010HNL, 0010HLD, 0010EKG, 0010HSY, 0010HSZ, 0010JAJ, 0010HKC, 0010JAH, 0010HJD, 0010JAX, 0010HNM, 0010HMD, 0010JPH, 0010GYD, 0010HML, 0010HMC, 0010HZL, 0010EYK, 0010JPU, 0010HKT, 0010JPJ, 0010HKG, 0010HNT, 0010HZR, 0010HYR, 0010HHN, 0010KKP, 0010HNX, 0010JBC, 0010HJV, 0010KKN, 0010KLC, 0010HZN, 0010HHY, 0010EXS, 0010HHT, 0010HJA, 0010HKE, 0010HHK, 0010HNR, 0010HHU, 0010HLC, 0010EKH, 0010HKS, 0010EKJ, 0010HNG, 0010KKY, 0010HHM, 0010KLA, 0010JPT, 0010EGV, 0010HMU, 0010JPN, 0010HJL, 0010HNH, 0010HJB, 0010HKA, 0010JPM, 0010HZP, 0010JBK, 0010HNP, 0010JBL, 0010HKM, 0010GYZ, 0010JBD, 0010ERU, 0010HJS, 0010HHG, 0010HHL, 0010JAE, 0010EWW, 0010HZS, 0010HJY, 0010HKN"
F-ALL-6X4-SUSP,"0014UNT, 0014XAM, 0014UMN, 0014ULX, 0014UMS, 0014UMW, 0014XAL, 0014ULM, 0014UZU, 0014UHU, 0014URJ, 0014UPX, 0014UNA, 0014UPU, 0014UZV, 0014UHD, 0014524, 0014VKL, 0014URE, 0014UMM, 0014UZY, 0014ULA, 0014ULZ, 0014ULY, 0014ULU, 0014UKZ, 0014698, 0014UJE, 0014UPL, 0014UNU, 0014UMZ, 0014UNV, 0014UZX, 0014UHL, 0014UPW, 0014UZS, 0014UMJ, 0014670, 0014UZT, 0014UMV, 0014ULC, 0014ULS, 0014UMP, 0014UNX, 0014UHE, 0014UNS, 0014UZW, 0014UMT, 0014VHB, 0014ULP, 0014URH, 0014UNW, 0014UZB, 0014ULB, 0014UMY, 0014UPV, 0014URA, 0014UHK, 0014UYZ, 0014ULE, 0014UNY, 0014ULV, 0014UZR, 0014UMX, 0014ULT, 0014UPZ, 0014UHC, 0014UPY, 0014URG"
F-ALL-AIR-REAR-SUSP,"0014ULM, 0014UKZ, 0014UPC, 0014UPV, 0014TCJ, 0014XAM, 0014UNW, 0014TBH, 0014UPZ, 0014ULS, 0014ULB, 0014UNT, 0014UNU, 0014ULA, 0014TAZ, 0014ULV, 0014UPU, 0014TEH, 0014TBL, 0014UPY, 0014ULE, 0014ULT, 0014TEJ, 0014UPX, 0014TDU, 0014TCZ, 0014TBN, 0014ULC, 0014XAL, 0014UNV, 0014UPW, 0014TDK, 0014TBZ, 0014URA, 0014UPL, 0014URG, 0014TDV, 0014TEB, 0014TBS, 0014TBT, 0014UNS, 0014TAY, 0014TDE, 0014UPS, 0014UNY, 0014UNX, 0014UPP, 0014TDT, 0014TCL, 0014TAX, 0014TEG, 0014URH, 0014TBJ, 0014TBM, 0014TEC, 0014TDG, 0014ULU"
F-ALL-AUX-TRANS,"0013607, 0013PNC, 0013PDN, 0013PNB"
F-ALL-BUS-BODY-A/C,"0048GZH, 0048HDH, 0048GSW, 0048CXZ, 0048GNT, 0048CXC, 0048GZY, 0048DNV, 0048GZW, 0048HDY, 0048HDJ, 0048CXB, 0048GYZ, 0048GNV, 0048HDP, 0048CXE, 0048VHH, 0048GYY, 0048CXD, 0048GYL, 0048HEJ, 0048GNU, 0048HCW, 0048CXP, 0048HEP, 0048CXJ, 0048CXH, 0048HEN, 0048GYA, 0048UXD, 0048GYC, 0048GZK"
F-ALL-DANA-F12-AXLES,"0002AHY, 0002AYZ, 0002AEZ, 0002AJX, 0002AYY, 0002AJR, 0002AGE, 0002AYP, 0002AJH, 0002AGG, 0002AGC, 0002AHZ, 0002AHJ, 0002AKB, 0002AHX, 0002AJG, 0002AKD, 0002AKC, 0002AYX, 0002AJE, 0002AYW, 0002AGB, 0002AYU, 0002AVW, 0002AJP, 0002AYV, 0002AJD, 0002AJN, 0002AGM"
F-ALL-DCLD-RRAXLE,"0014GKW, 0014ANZ, 0014GXP, 0014GXJ, 0014GJW, 0014HRG, 0014AWN, 0014HRD, 0014GLB, 0014HRM, 0014HRV, 0014BAJ, 0014ASA, 0014AHP, 0014GVR, 0014GVP, 0014AKY, 0014ANT, 0014HSD, 0014GXR, 0014AWK, 0014GKN, 0014ANX, 0014HSB, 0014GKX, 0014GKJ, 0014AHG, 0014AWU, 0014BAG, 0014GZA, 0014BAA, 0014APL, 0014BAH, 0014GWW, 0014AHJ, 0014HRL, 0014ATX, 0014GVM, 0014HRZ, 0014ANK, 0014ANR, 0014AWE, 0014GYD, 0014GKU, 0014AKU, 0014GKP, 0014GTW, 0014GUV, 0014GRS, 0014ARB, 0014AWS, 0014ASD, 0014GKK, 0014AHL, 0014HRH, 0014ATN, 0014GVJ, 0014AWJ, 0014BAB, 0014GYC, 0014ANL, 0014GXY, 0014HRE, 0014HRC, 0014GJT, 0014GRP, 0014HSC, 0014AGX, 0014AKW, 0014ANY, 0014ARY, 0014HRA, 0014GKG, 0014GWZ, 0014ERY, 0014GYY, 0014GLA, 0014AWT, 0014GLD, 0014GVN, 0014GZB, 0014GWY, 0014GKH, 0014ATZ, 0014HSA, 0014GKV, 0014AKV, 0014GKR, 0014ARK, 0014GTU, 0014AGR, 0014GLC, 0014GVK, 0014GVL, 0014ANM, 0014AEW, 0014ATG"
F-ALL-ELECT-RRAXLE,"0014BAH, 0014BAC, 0014BAJ, 0014BAA, 0014BAE, 0014BAB, 0014BAG"
F-ALL-EXH-BRAK,"0007SBN, 0007SAM, 0007SAZ, 0007SAP"
F-ALL-EXH-CONFIG,"0007DXW, 0007BKT, 0007BKN, 0007BLV, 0007DXK, 0007BKZ, 0007BMB, 0007BMK, 0007DWX, 0007BKY, 0007BMC, 0007BLX, 0007DXU, 0007BLY, 0007BLH, 0007BLD, 0007BMD, 0007BNB, 0007DXV, 0007BNA, 0007BLW, 0007BEJ, 0007BMS, 0007BMA, 0007BME, 0007BDS, 0007BDV, 0007BKP, 0007BLA, 0007BMT, 0007BMJ, 0007BMG, 0007BKR, 0007BLG, 0007BLC, 0007BNC, 0007BMM, 0007BLU, 0007BLT, 0007BDA, 0007BHB, 0007DXT, 0007BLR, 0007BMH, 0007BML, 0007BKS, 0007BJU, 0007BLJ, 0007BLB, 0007BLK"
F-ALL-FLYWHL-CLUCH,"0011MHP, 0011LGS, 0011MHN, 0011LEG, 0011LEA, 0011LGP, 0011LEX, 0011LEV, 0011MRU, 0011MHR, 0011LEH, 0011LEY, 0011LGG, 0011MRT, 0011LEU, 0011MHA, 0011LGN, 0011LGR, 0011LGB, 0011LEZ, 0011MGZ, 0011LEW, 0011MRW, 0011MRP, 0011MRR, 0011LGA, 0011MRV"
F-ALL-FR-AIR-SUSP,0M03A02
F-ALL-FR-AOL-SUSP,"0003AZR, 0003AZH, 0003AZE, 0003AZP"
F-ALL-FR-MECH-SUSP,"0003AHL, 0M03A08, 0003ADB, 0003AGS, 0003AJM, 0003AHN, 0003AEW, 0003AHT, 0003AJR, 0003AZN, 0003ACP, 0003AGA, 0M03A06, 0003AGE, 0003ADE, 0M03A10, 0003ACX, 0003ACH, 0M03A04, 0003AGN, 0003AGR, 0M03A09, 0003ADA, 0003AGU, 0003AEX, 0003AJK, 0003ACT, 0003AHR, 0003AGT, 0003AJP, 0003AEP, 0003ADS, 0003AHU, 0M03A05, 0M03A13, 0003ADG, 0003ACS, 0003AGD, 0003ACU, 0M03A12, 0003AJS, 0003ADD, 0M03A07, 0M03A01, 0M03A11, 0003ADC, 0003AGW, 0003ADR, 0003ADJ, 0003AJV, 0003ACR, 0003AJN"
F-ALL-FRNT-DEST-SIGN,"0049ESS, 0049ESH, 0049GTM, 0049JCL, 0049GTK, 0049ESK, 0049ESM, 0049EPR, 0049GTB"
F-ALL-FRNT-FLUSH-A/C,"0048CXJ, 0048GZK, 0048GYC, 0048CXZ, 0048HDH, 0048HDJ, 0048CXB, 0048GYA, 0048HCW, 0048GZW, 0048HEP, 0048HDP, 0048GZH, 0048CXH, 0048HDY"
F-ALL-FRONT-SIDE-A/C,"0048CXC, 0048CXP, 0048CXE, 0048GYZ, 0048UXD, 0048GYY, 0048CXD"
F-ALL-FRT-AXLE,"0002AHY, 0002AJY, 0002AUM, 0002AJG, 0002ESR, 0002AVN, 0002AJN, 0002ASG, 0002AJL, 0002AJH, 0002ATG, 0002ASM, 0002AUK, 0002ESA, 0002AKL, 0002AVU, 0002ARX, 0002AKH, 0002AKK, 0002AYL, 0002AKB, 0002AVX, 0002ARW, 0002EZX, 0002AEZ, 0002AKC, 0002GAK, 0002ESV, 0002ASC, 0002AYS, 0002ATL, 0002AYK, 0002ATN, 0002AGE, 0002AUE, 0002AVH, 0002ARV, 0002AYT, 0002AKG, 0002AUH, 0002ASX, 0002ARY, 0002ETD, 0002AVJ, 0002AJU, 0002GAB, 0002AJE, 0002EZY, 0002AVM, 0002AGC, 0002GAJ, 0002AUC, 0002AKR, 0002GAC, 0002ASR, 0002AVA, 0002AJX, 0002AYY, 0002AVL, 0002ARZ, 0002AVW, 0002AVY, 0002AKJ, 0002AHX, 0002AKP, 0002AUL, 0002AYJ, 0002AUZ, 0002ESP, 0002AYW, 0002AVE, 0002AUJ, 0002ASH, 0002AYZ, 0002AKD, 0002AKM, 0002AYU, 0002AVK, 0002AYV, 0002AKN, 0002GAE, 0002AVS, 0002AST, 0002ATU, 0002AJT, 0002EWA, 0002AVD, 0002ATB, 0002AJK, 0002ARU, 0002ATM, 0002GAM, 0002AVT, 0002AGG, 0002AVB, 0002GAD, 0002AKE, 0002AEM, 0002AUR, 0002AVC, 0002AJW, 0002AYX, 0002ERX, 0002ATT, 0002AJP, 0002ATK, 0002EZZ, 0002AUD"
F-ALL-HAS-SUSP,"0014TAX, 0014ULV, 0014ULB, 0014ULA, 0014ULM, 0014ULU, 0014XAL, 0014TAZ, 0014ULC, 0014XAM, 0014ULE, 0014TAY, 0014ULS, 0014ULT, 0014UKZ"
F-ALL-HEND-AIR-SUSP,"0014ULT, 0014XAM, 0014ULC, 0014ULE, 0014XAL, 0014ULS, 0014ULU, 0014ULV, 0014UKZ, 0014ULM, 0014ULB, 0014ULA, 0014VBE"
F-ALL-HEND-RT-SUSP,"0014UHC, 0014UHD, 0014ULP, 0014UMJ, 0014UHE, 0014667, 0014698, 0014UML, 0014524, 0014UHL, 0014UHK"
F-ALL-HEND-RUB-SUSP,"0014UMZ, 0014URE, 0014UMS, 0014VHB, 0014ULY, 0014UHU, 0014ULX, 0014UMM, 0014ULZ, 0014UMX, 0014UMW, 0014UMT, 0014URJ, 0014UMY, 0014UMN, 0014UMP, 0014UMV"
F-ALL-HEND-STL-SUSP,"0014698, 0014ULP, 0014UJE, 0014UHL, 0014UML, 0014UHE, 0014UHK, 0014UHD, 0014UMJ, 0014524, 0014667, 0014UHC"
F-ALL-HEND-SUSP,"0014UMT, 0014ULX, 0014524, 0014698, 0014ULZ, 0014UMZ, 0014ULC, 0014UNW, 0014UPY, 0014UNX, 0014UMX, 0014UPC, 0014UNV, 0014UMN, 0014ULM, 0014UHD, 0014UMY, 0014ULE, 0014UMS, 0014UMW, 0014ULT, 0014UMP, 0014URJ, 0014UMM, 0014UHC, 0014UHK, 0014UPX, 0014UMV, 0014ULY, 0014ULP, 0014XAL, 0014URG, 0014UHL, 0014URE, 0014UNY, 0014UKZ, 0014ULA, 0014UPV, 0014UJE, 0014UPU, 0014UMJ, 0014ULV, 0014ULS, 0014XAM, 0014UHU, 0014UPS, 0014UPW, 0014UPP, 0014URH, 0014ULU, 0014UPL, 0014UHE, 0014ULB, 0014VHB"
F-ALL-HORZ/HORZ-EXH,"0007BNE, 0007BLU, 0007BMR, 0007BMH, 0007AAW, 0007BKZ, 0007BKP, 0007BNB, 0007BKL, 0007BMM, 0007BMN, 0007AAJ, 0007ABT, 0007BMG, 0007BMV, 0007BHB, 0007BLV, 0007BML, 0007BLC, 0007AAY, 0007BMX, 0007DXS, 0007BNA, 0007BNG, 0007BDV, 0007BLM, 0007BND, 0007BKY, 0007BKR, 0007BMK, 0007BME"
F-ALL-HORZ/VERT-EXH,"0007BNK, 0007BMP, 0007BLB, 0007BKS, 0007BLY, 0007DXY, 0007DXK, 0007BLG, 0007BLD, 0007BEZ, 0007DXZ, 0007BLT, 0007BMA, 0007BAW, 0007BKX, 0007BMT, 0007DXU, 0007BKT, 0007DXV, 0007BNJ, 0007BAV, 0007BNH, 0007BNC, 0007BLW, 0007BMY, 0007DXW, 0007BMJ, 0007ACZ, 0007BAJ, 0007BMB, 0007DXT"
F-ALL-INT-VAR-R-SUSP,"0014VAD, 0014SAL, 0014VAB, 0014SBV, 0014VAG, 0014VAH, 0014SBK, 0014VAJ, 0014SCG, 0014VBJ, 0014TED, 0014SCE, 0014SAN, 0014SCD, 0014SBW, 0014SAE, 0014SAC, 0014SBN, 0014SAM, 0014SAH, 0014SCL, 0014VAC"
F-ALL-IROS-SUSP,"0014TDG, 0014TEJ, 0014TBL, 0014UNT, 0014UNS, 0014TEG, 0014TDU, 0014TBN, 0014TBJ, 0014TBM, 0014TDV, 0014TBS, 0014UPZ, 0014TEH, 0014TDE, 0014TEB, 0014UNU, 0014TEC, 0014URA"
F-ALL-KEYS-ALIKE,"0010921, 0010WDX, 0010WBA, 0010930, 0010922, 0010933, 0010WBD, 0010923, 0010924, 0010WBB, 0010WBC, 0010WBE"
F-ALL-MERITOR-F12-AX,"0002ATM, 0002ATN, 0002AST, 0002ARV, 0002ATU, 0002ASR, 0002AKK, 0002AKJ, 0002ARX, 0002ASH, 0002ASG, 0002ASM, 0002AJU, 0002AKP, 0002AKG, 0002ASC, 0002AKL, 0002AVT, 0002AVM, 0002AVL, 0002AKR, 0002ATL, 0002AJT, 0002ASX, 0002ARW, 0002AKM, 0002AJY, 0002ATT, 0002AKN, 0002ATG, 0002AVN, 0002AVX, 0002AKH"
F-ALL-MS13X-RRAXLE,"0014AKK, 0014APT, 0014AKN, 0014AKG, 0014APU, 0014APV, 0014AKJ, 0014AKL, 0014AKD, 0014AKM, 0014AKH, 0014AKE"
F-ALL-MS14X-RRAXLE,"0014ANU, 0014ANL, 0014APJ, 0014APL, 0014ANS, 0014APH, 0014ANV, 0014ANP, 0014ANR, 0014ANY, 0014ANZ, 0014ANW, 0014ANG, 0014ANK, 0014ANX, 0014ANN, 0014ANT, 0014APA, 0014ANM, 0014ANH"
F-ALL-PMX-SUSP,"0014UNY, 0014UNX, 0014TDT, 0014UPL, 0014URG, 0014UPW, 0014TBZ, 0014UPX, 0014UPV, 0014URH, 0014TCZ, 0014UPS, 0014UPU, 0014UPY, 0014TCL, 0014UNW, 0014TCJ"
F-ALL-RBR-REAR-SUSP,"0014TBU, 0014UZW, 0014TBX, 0014UZV, 0014UYZ, 0014UZY, 0014UZU, 0014UZB, 0014UZR, 0014TDC, 0014UZS, 0014UZT, 0014UZX, 0014TBW"
F-ALL-REAR-DEST-SIGN,"0049GTG, 0049GTL, 0049ESR, 0049JCM, 0049ESN, 0049ESL, 0049GSZ, 0049ESG, 0049EPW"
F-ALL-REAR-FLUSH-A/C,"0048CXB, 0048CXC, 0048HDH, 0048HDP, 0048UXD, 0048HDY, 0048GZH, 0048CXH, 0048CXZ, 0048DNV, 0048GYL, 0048GYA, 0048GYY, 0048GZW, 0048GZK, 0048HEP, 0048CXE, 0048CXJ, 0048HCW, 0048GYZ, 0048HDJ, 0048GYC"
F-ALL-REAR-SIDE-A/C,"0048CXD, 0048CXP"
F-ALL-ROOFTOP-COND,"0048UXD, 0048VHH, 0048GZH, 0048GYZ, 0048CXJ, 0048GSW, 0048GYL"
F-ALL-RRAXLE,"0014GVK, 0014GKY, 0014ASK, 0014APV, 0014HRA, 0014CVB, 0014ARY, 0014AKW, 0014HRC, 0014ANZ, 0014ANU, 0014BAE, 0014BAG, 0014ERW, 0014GLA, 0014GTS, 0014AJG, 0014HRH, 0014AGX, 0014ASA, 0014GVP, 0014AKK, 0014AKR, 0014AWW, 0014AKA, 0014GZD, 0014APT, 0014AKP, 0014AWC, 0014BAL, 0014AJC, 0014AWM, 0014AWL, 0014GRP, 0014HRD, 0014ATG, 0014AWJ, 0014GLC, 0014AKU, 0014GZC, 0014GHE, 0014GVD, 0014CDP, 0014GRS, 0014BAC, 0014GKE, 0014APJ, 0014APH, 0014GUV, 0014HRM, 0014AWB, 0014GLD, 0014GJT, 0014AKV, 0014GYC, 0014GYS, 0014AJY, 0014AGA, 0014AHL, 0014GVX, 0014HSA, 0014AHH, 0014AGY, 0014AWD, 0014AWK, 0014GJW, 0014AKC, 0014ACW, 0014AEY, 0014GKS, 0014AKG, 0014GWZ, 0014AKY, 0014AHJ, 0014ERZ, 0014AHG, 0014HRE, 0014AWT, 0014APA, 0014GVY, 0014GKR, 0014ANS, 0014AWG, 0014GXC, 0014ERY, 0014ANH, 0M14A31, 0014GVN, 0014GXJ, 0014BAJ, 0014GKM, 0014GYY, 0014AWV, 0014BAK, 0014GXY, 0014ATX, 0014ATZ, 0014AJH, 0014GWW, 0014AWH, 0014AWP, 0014HSC, 0014GKP, 0014AKH, 0014GXB, 0014051, 0014GRJ, 0M14A02, 0014GVE, 0014GKW, 0014GWY, 0014GKX, 0014APU, 0014ANY, 0014AHK, 0014GVR, 0014BAA, 0014CDL, 0014AKN, 0014ATN, 0014AWS, 0014AJE, 0014ASD, 0014GRR, 0014ANW, 0014GKH, 0014ANM, 0014ASC, 0014GKU, 0014ANV, 0014GKN, 0014GKK, 0014ANL, 0014AKD, 0014GZA, 0014AWR, 0014AHE, 0014AET, 0014AHW, 0014HRG, 0014AKZ, 0014APL, 0014HRZ, 0014ARB, 0014GYB, 0014AWN, 0014HRW, 0014HSD, 0014GYA, 0014BAB, 0014ARZ, 0014GXZ, 0014GLB, 0014AWE, 0014CDE, 0014AJJ, 0014CVC, 0014GRD, 0014ARX, 0014ATE, 0014HSB, 0014AKX, 0014ANR, 0014HRB, 0014ARK, 0014GXP, 0014ANT, 0014AEW, 0014GXR, 0014GTU, 0014HSG, 0014GXX, 0014AKT, 0014ACV, 0014ERU, 0014ANN, 0014GTT, 0014ANX, 0014GVJ, 0014GKZ, 0014ERB, 0014AGE, 0014AGR, 0014GVM, 0014GKG, 0014ASB, 0014APD, 0014AKB, 0014ANK, 0014GVU, 0014CVG, 0014GVL, 0014GVH, 0014AKJ, 0014AKL, 0014GTW, 0014GYD, 0014AHP, 0014GKV, 0014GVG, 0014HRV, 0014GXA, 0014GZB, 0014GKJ, 0014ATY, 0014GVZ, 0014AJZ, 0014ANP, 0014GKL, 0014GKT, 0014HRL, 0014APN, 0014AKM, 0014GZE, 0014HSH, 0014GWV, 0014AKS, 0014BAH, 0014AKE"
F-ALL-RRAXLE-=21K,"0014APL, 0014BAC, 0014AKB, 0014APV, 0014BAG, 0014AKT, 0014AKJ, 0014AKW, 0014AKR, 0014ANV, 0014AWD, 0014AWJ, 0014AGG, 0014AGR, 0014CDL, 0014ANY, 0014ANU, 0014ATG, 0014APN, 0014ANK, 0014AGP, 0014AKC, 0014ATE, 0014AET, 0014CVB, 0014ANN"
F-ALL-SAT-BAO,0004XAT
F-ALL-SEAT,"0016LJZ, 0016LJY, 0016SMU, 0016LKA, 0016SMV, 0016LJX, 0016SPY, 0016SMT, 0016REA, 0016RZL, 0016KCJ, 0016JYD, 0016KCP, 0016LER, 0016KDB, 0016RAK, 0016LPM, 0016KZP, 0016SMM, 0016SRR, 0016SML, 0016KDG, 0016SRN, 0016LPL, 0016KCX, 0016KCM, 0016SMS, 0016KCY, 0016JYC, 0016PPC, 0016KAW, 0016PUR, 0016SRY, 0016JYB, 0016JXT, 0016SMN, 0016HYE, 0016PPD, 0016PJV, 0016RPX, 0016SRM, 0016LDK, 0016SMH, 0016RXP, 0016LUM, 0016SRS, 0016SRU, 0016JXW, 0016SRL, 0016SMJ, 0016RPV, 0016SRZ, 0016SMP, 0016PNX, 0016RAM, 0016PPG, 0016PXH, 0016RXE, 0016SRX, 0016RAD, 0016KCH, 0016LTA, 0016HYA, 0016KDE, 0016LVK, 0016KDC, 0016HYB, 0016RAJ, 0016SMR, 0016SMZ, 0016JXR, 0016SSY, 0016SRP, 0016SMX, 0016KCS, 0016KCZ, 0016LCZ, 0016JXS, 0016LDX, 0016JXX, 0016LUN, 0016SMK, 0016RAN, 0016PPN, 0016KCK, 0016KZR, 0016PJW, 0016RXZ, 0016LPZ, 0016KCL, 0016KCW, 0016RXX, 0016SRT, 0016KDD, 0016PPH, 0016SMY, 0016LWL, 0016JXZ, 0016KBA, 0016HXD, 0016JJE, 0016JNT, 0016JPY, 0016JYJ, 0016JPX, 0016KAV, 0016JPT, 0016KZY, 0016LWN, 0016JXN, 0016KCC, 0016KZX, 0016KBH, 0016JXL, 0016KBM, 0016KUY, 0016KBV, 0016KBK, 0016JNV, 0016LWX, 0016KBY, 0016KBU, 0016JNY, 0016JCP, 0016KZV, 0016JXK, 0016JXG, 0016KZW, 0016JXV, 0016KBE, 0016KZM, 0016KCA, 0016LJS, 0016JYS, 0016KBJ, 0016KBT, 0016LWP, 0016KZE, 0016JPA, 0016LSA, 0016KAX, 0016KBS, 0016KZZ, 0016LRV, 0016KBL, 0016JXY, 0016JYN, 0016LWV, 0016JYL, 0016JYX, 0016KBD, 0016JYM, 0016LWK, 0016KBC, 0016JXP, 0016KBG, 0016KBB, 0016KCB, 0016JCR, 0016LRX, 0016LWU, 0016JJG, 0016LRW, 0016LWM, 0016JJD, 0016HXB, 0016LRA, 0016JXM, 0016KCE, 0016JHR, 0016KZN, 0016JXU, 0016KBZ, 0016KZU, 0016JYA, 0016KZS, 0016LJL, 0016JYV, 0016LWR, 0016JNZ, 0016LSC, 0016KCD, 0016KAU, 0016JYP, 0016KZT, 0016LSD"
F-ALL-SGL-RRAXLE,"0014AGE, 0014ACW, 0014ASC, 0014ERZ, 0014CVB, 0014APA, 0014AJC, 0014AET, 0014AWK, 0014AWB, 0014AHG, 0014AGX, 0014AKP, 0014ANS, 0014APT, 0014ANH, 0014ASB, 0014APV, 0014051, 0014ERB, 0014APL, 0014AWS, 0014ATZ, 0014AHW, 0014AHE, 0014ANK, 0014AHP, 0014BAC, 0014AHH, 0014AJG, 0014ATY, 0014AKW, 0014AKZ, 0014AHL, 0014AKM, 0014ANM, 0014AJH, 0014AKB, 0014AKA, 0014AWG, 0014AWD, 0014AKJ, 0014ASK, 0014BAK, 0014APD, 0014BAA, 0014CDP, 0014ANR, 0014APH, 0014AWV, 0014AKL, 0014AKT, 0014CVG, 0014ANN, 0014AWL, 0014ANX, 0014ATG, 0014ANL, 0014AKH, 0014ARB, 0014AKY, 0014ANP, 0014AWC, 0014AEW, 0014ANT, 0014AGA, 0014AHK, 0014AGY, 0014APN, 0014ERW, 0014CDE, 0014ANZ, 0014CVC, 0014AJE, 0014ARY, 0014BAE, 0014AKE, 0014ANU, 0014ARX, 0014APU, 0014AKK, 0014ANW, 0014AWH, 0014ATE, 0014CDL, 0014AKG, 0014AGR, 0014AEY, 0014AHJ, 0014ARK, 0014APJ, 0014ASA, 0014AWR, 0014AKV, 0014BAG, 0014AKS, 0014BAH, 0014BAL, 0014ANV, 0014AWP, 0014AWJ, 0014ACV, 0014AKN, 0014AKD, 0014AWW, 0014AJJ, 0014AKX, 0014ARZ, 0014AJY, 0014AKR, 0014AJZ, 0014AWM, 0014AKU, 0014ERY, 0014ASD, 0014AWT, 0014ANY, 0014AKC, 0014ATX, 0014BAJ, 0014AWE, 0014ERU, 0014ATN, 0014AWN"
F-ALL-SKIRT-COND-A/C,"0048HDJ, 0048CXH, 0048GNT, 0048GNU, 0048GYY, 0048GNV, 0048HEP, 0048GZY, 0048CXC, 0048GYC, 0048CXD, 0048CXP, 0048GZK, 0048DNV, 0048HCW, 0048HDY, 0048CXE, 0048CXB, 0048GYA, 0048CXZ, 0048GZW, 0048HDH, 0048HDP, 0048GZB"
F-ALL-SLD-REAR-SUSP,"0014UHW, 0014UHC, 0014670, 0014UMY, 0014UMV, 0014UHD, 0014667, 0014ULX, 0014UMJ, 0014VHB, 0014UJE, 0014UMT, 0014UMN, 0014UMM, 0014VKL, 0014698, 0014UHE, 0014URE, 0014UMZ, 0014UML, 0014UHU, 0014UMB, 0014ULZ, 0014ULY, 0014UMK, 0014UMP, 0014UMW, 0014ULP, 0014UMX, 0014UHK, 0014524, 0014UHL, 0014UMS"
F-ALL-STL-IN-REINF,"0001431, 0001461"
F-ALL-STL-OUT-REINF,"0001GBP, 0001GDS, 0001GDK, 0001GDT"
F-ALL-STL-RAIL,"0001CAH, 0001CGH, 0001CGA, 0001CCJ, 0001CGG, 0001CGE, 0001CAD, 0001CEK, 0001CAW, 0001CBW, 0001CGB, 0001AGX, 0001CGN, 0001CDT, 0001CAJ, 0001CEL, 0001CGL, 0001AGY, 0001CAB, 0001CAA, 0001CGC, 0001CEZ, 0001CGD, 0001CAE, 0001CAG, 0001AGW, 0001CBV, 0001CAC, 0001CCK, 0001CBE, 0001CEM, 0001CBU, 0001CCL, 0001CBX"
F-ALL-STL-REAR-SUSP,"0014SCG, 0014VAC, 0014SAL, 0014VAD, 0014SBN, 0014SAE, 0014SBV, 0014VAH, 0014SAN, 0014SBW, 0014UNA, 0014SBK, 0014SAH, 0014VAJ, 0014VAB, 0014SCL, 0014VAG, 0014SAM, 0014TED, 0014VBJ, 0014SAC, 0014SCE, 0014SCD"
F-ALL-STL-REINF,"0001GDS, 0001431, 0001461, 0001GDT, 0001GBP, 0001GDK"
F-ALL-TAN-RRAXLE,"0014GHE, 0014GTW, 0014GTU, 0014GRJ, 0014GVJ, 0014GKR, 0014GKK, 0014GVL, 0014GVX, 0014GWZ, 0014HRD, 0014GWV, 0014GUV, 0014GYC, 0014GXC, 0014HRC, 0014BAB, 0014GRP, 0014HRL, 0014GZB, 0014GVZ, 0014GXZ, 0014GKS, 0014GKU, 0014GKL, 0014GLC, 0014HRV, 0014HRE, 0014GWY, 0014GTT, 0014GKH, 0014HSD, 0014GZC, 0014GLA, 0014GZE, 0014HSB, 0014GVU, 0014GXY, 0014GTS, 0014GXP, 0014GKP, 0014GXA, 0014GVP, 0014HSA, 0014GYS, 0014GZA, 0014GVM, 0014GJW, 0014GXR, 0014HRG, 0014GVR, 0014GKZ, 0014HRA, 0014GKX, 0014GKJ, 0014GKN, 0014GYB, 0014GVK, 0014GLD, 0014HRM, 0014GXB, 0014HSG, 0014GJT, 0014GKW, 0014GLB, 0014GVD, 0014GVN, 0014GXJ, 0014GYD, 0014GKG, 0014HRH, 0014GKT, 0014GVE, 0014GRR, 0014GYY, 0014HRZ, 0014HSC, 0014GKE, 0014HRW, 0014GYA, 0014GXX, 0014HSH, 0014HRB, 0014GZD, 0014GRD, 0014GWW, 0014GKM, 0014GKY, 0014GVH, 0014GVG, 0014GVY, 0014GKV, 0014GRS"
F-ALL-TRANS,"0013BHJ, 0013BGM, 0013BHT, 0013BGT, 0013BGN, 0013BBG, 0013BHP, 0013BEA, 0013BCR, 0013BAZ, 0013BCY, 0013BBT, 0013GZD, 0013BGL, 0013BAX, 0013BCX, 0013BGE, 0013GKC, 0013GZX, 0013GHX, 0013BEB, 0013BCU, 0013BEP, 0013BER, 0013GYY, 0013GKE, 0013BBK, 0013BEE, 0013BCP, 0013BEV, 0013BDK, 0013BHD, 0013GXD, 0013GKA, 0013BGZ, 0013BEK, 0013GHL, 0013GZZ, 0013BGJ, 0013BCS, 0013GZC, 0013BDJ, 0013GUN, 0013BDC, 0013BGY, 0013BDV, 0013BCT, 0013GYK, 0013HAG, 0013BDM, 0013BGK, 0013HAJ, 0013BGX, 0013BDZ, 0013BHH, 0013GMS, 0013GKM, 0013BGB, 0013BEN, 0013BHA, 0013GYZ, 0013GMZ, 0013HAH, 0013BEC, 0013BCN, 0013BGW, 0013BDW, 0013GZB, 0013BHL, 0013BBP, 0013GKB, 0013HAD, 0013BBN, 0013BCL, 0013HAB, 0013BEJ, 0013BHC, 0013BAV, 0013BGD, 0013BGU, 0013BGA, 0013BDX, 0013BES, 0013BBS, 0013BEL, 0013BHG, 0013GYG, 0013GHS, 0013BAU, 0013BBD, 0013BGR, 0013BGS, 0013BDT, 0013BGP, 0013BBE, 0013HAC, 0013BCM, 0013GNA, 0013BDB, 0013BBC, 0013BHN, 0013BHM, 0013BAY, 0013BDR, 0013GPG, 0013BEG, 0013BHE, 0013HAA, 0013BEM, 0013BED, 0013BBW, 0013GKD, 0013BBM, 0013BHB, 0013HAE, 0013BET, 0013BGH, 0013BBU, 0013GWZ, 0013BBJ, 0013GXC, 0013GZA, 0013BGV, 0013BGG, 0013BDL, 0013BEU, 0013BBA, 0013BHR, 0013BGC, 0013BDH, 0013GJS, 0013GZJ, 0013GHW, 0013GMJ, 0013BHK, 0013GJT, 0013BDY, 0013BEH, 0013BDP, 0013BCV, 0013GNG, 0013GKZ, 0013BAW, 0013BHS, 0013BBB"
F-ALL-TRANSFER-CASE,"0013TLX, 0013TLW, 0013TLT, 0013TLU, 0013TKB, 0013TLY, 0013TKA, 0013TKK, 0013TKL, 0013TKC, 0013TLP"
F-ALL-VERT/VERT-EXH,"0007AWC, 0007BLX, 0007BKN, 0007BDS, 0007BNM, 0007AMM, 0007BMS, 0007AWB, 0007BNL, 0007AMN"
F-ALT>160AMP<210AMP,"0008GHZ, 0008GXD, 0008GXE, 0008GGG, 0008GHU, 0008GJE, 0008GJS, 0008GHC, 0008GHE"
F-ALT>=210AMP,"0008GXC, 0008GXG, 0008GXN, 0008GXT, 0008GYA, 0008GXK, 0008GHK, 0008GWY, 0008GHJ, 0008GXM, 0008GWZ, 0008GXH, 0008GHY, 0008GJT, 0008GXB"
F-ALUM-285-WIDE-RRWH,"0032DHY, 0032DJU, 0032DKH, 0032DJX, 0032DWR, 0032DKK, 0032DHK, 0032DJW, 0032DKJ, 0032DKA, 0032DWS, 0032DKD, 0032DWN, 0032DJV, 0032DWP"
F-ALUM-HUB-FRTWHL,"0027DWK, 0027DWY, 0027DWN, 0027DYA, 0027DUX, 0027DEM, 0027DYD, 0027DUZ, 0027DVC, 0027DRG, 0027DJN, 0027DWM, 0027DTB, 0027DUC, 0027DJL, 0027DYK, 0027DWE, 0027DYP, 0027DWX, 0027DYJ, 0027DTA, 0027DVU, 0027DUD, 0027DWU, 0027DVZ, 0027DVS, 0027DWS, 0027DWC"
F-ALUM-HUB-RRWHL,"0032DWP, 0028DUC, 0028DTA, 0028DYJ, 0028DEM, 0028DYP, 0028DUZ, 0032DJU, 0028DYK, 0028DWN, 0028DWS, 0032DWN, 0028DWL, 0028DUD, 0028DVS, 0028DUX, 0028DYA, 0032DWS, 0028DWY, 0032DJV, 0028DWK, 0028DTB, 0028DVU, 0032DKH, 0032DKK, 0028DWU, 0028DTC, 0032DKJ, 0028DJN, 0028DWC, 0028DWE, 0032DJW, 0028DVZ, 0032DWR, 0028DYD"
F-AMTRAN-BTR-TANKS,"0015TAL, 0015SBZ, 0015SJT, 0015SLJ, 0015SJY, 0015SZT, 0015SBP, 0015SZS, 0015SBR, 0015TAM, 0015SXT, 0015SXP, 0015TAP, 0015SLK, 0015SXU, 0015SLH, 0015SZM, 0015SJX, 0015TAN, 0015SCC, 0015SLL"
F-ANCHOR-TETHER-UCRA,"0048DNX, 0048DRB, 0048DMM, 0048DMS, 0048DMH, 0048DNN, 0048DMR, 0048DMK, 0048DMP, 0048DMN, 0048DNH, 0048DML, 0048DRC, 0048DPJ, 0048DMJ"
F-ANTI-SIPHON,"0015WHR, 0015WSX, 0015WUA, 0015WHD, 0015WHW, 0015WHP, 0015WHV, 0015WHC"
F-AUTO-5SPD-TRANS,"0013BGX, 0013BGS, 0013BGR, 0013BHM, 0013BGU, 0013BCP, 0013BAW, 0013BEU, 0013BCN, 0013BBT, 0013BCX, 0013BCY, 0013BDL, 0013BDM, 0013BGA, 0013BHD, 0013BHK, 0013BBD, 0013BGN, 0013BBE, 0013BHL, 0013BGC, 0013BBC, 0013BEV, 0013BBJ, 0013BHR, 0013BBS, 0013BHN, 0013BCT, 0013BAY, 0013BGP, 0013BGZ, 0013BBN, 0013BGH"
F-AUTO-NEUTRAL,"0013WUA, 0013AAZ, 0013WEH"
F-AUTO-TRANS,"0013BEC, 0013BDC, 0013BCL, 0013BDY, 0013BHK, 0013BBB, 0013BAV, 0013BEG, 0013BGL, 0013BEM, 0013BBN, 0013BDM, 0013BEH, 0013BAX, 0013BDT, 0013BBE, 0013BGT, 0013BDX, 0013BEJ, 0013BCT, 0013BHD, 0013BGJ, 0013BHP, 0013BDJ, 0013BCN, 0013BGR, 0013BHH, 0013BBG, 0013BBM, 0013BGN, 0013BEA, 0013BGP, 0013BGH, 0013BDH, 0013BDK, 0013BCU, 0013BBW, 0013BCM, 0013BGX, 0013BGE, 0013BHR, 0013BGM, 0013BBK, 0013BEB, 0013BBD, 0013ZZW, 0013BGD, 0013BBP, 0013BDP, 0013BEU, 0013BHL, 0013BCR, 0013BGA, 0013BDB, 0013BCX, 0013BES, 0013BDV, 0013BDW, 0013BGK, 0013BAW, 0013BHT, 0013BGV, 0013BGW, 0013BGY, 0013BDR, 0013BEV, 0013BGB, 0013BBJ, 0013BAZ, 0013BHE, 0013BER, 0013BHJ, 0013BED, 0013BHA, 0013BBT, 0013BDZ, 0013BAY, 0013BCP, 0013BEK, 0013BGZ, 0013BCS, 0013BBS, 0013BCV, 0013BHC, 0013BEE, 0013BBA, 0013BEN, 0013BGS, 0013BGC, 0013BBC, 0013BHN, 0013BEL, 0013BEP, 0013BBU, 0013BGG, 0013BDL, 0013BHG, 0013BAU, 0013BHB, 0013BCY, 0013BET, 0013BHM, 0013BGU, 0013BHS"
F-AUX-TRLR-SCKT,"0008XBE, 0008THG, 0008XCE, 0008TWB, 0008THH, 0008TWD"
F-BALLSEAT-MT-RRWHL,0032WAA
F-BATT-DISC-SWITCH,"0008XRB, 0008RMH, 0008RLZ, 0008XJL, 0008WCS, 0008WJW, 0008XGK, 0008WDU, 0008XHV, 0008XNB, 0008XHD, 0008WDT, 0008WJV"
F-BATTERYBOX-SEAT,"0016SMY, 0016SRK, 0016SMX, 0016SMZ"
F-BELT-DOUBLE,"0048VLR, 0048VLY, 0048VLP, 0048VLE, 0048VKT, 0048VLG, 0048VKW, 0048VLX, 0048VLM, 0048VLT, 0048VKU, 0048VLL, 0048VLS, 0048VLJ, 0048VLD, 0048VLC, 0048VKS, 0048VLU, 0048VLA, 0048VLH, 0048VLN, 0048VLK, 0048VKV, 0048VLW, 0048VKX, 0048VLB"
F-BELT-TRIPLE,"0048VPK, 0048VPC, 0048VRH, 0048VRG, 0048VPD, 0048VRC, 0048VPE, 0048VPP, 0048VPA, 0048VPM, 0048VPT, 0048VPY, 0048VPZ, 0048VPB, 0048VPX, 0048VPH, 0048VPW, 0048VPJ, 0048VPG, 0048VRE, 0048VPS, 0048VRD, 0048VPV, 0048VPN, 0048VPR, 0048VRA, 0048VRJ, 0048VRB, 0048VPL, 0048VPU"
F-BLOCK-HEATER,"0012WCT, 0012WCZ, 0012890, 0012XBR, 0012XBW, 0012864, 0012XBU, 0012WYW, 0012XBT, 0012WCM, 0012WYX, 0012XBS, 0012XBV"
F-BODY-REAR-DOOR,"0047AJH, 0047ANT, 0047AYB, 0047BJZ"
F-BOX-BATT-DISC-SW,"0008WDT, 0008RLZ, 0008RMH"
F-BP-VARIATION,"0049212, 0049047, 0049020, 0049246, 0049127, 0049240, 0049159, 0049051, 0049006, 0049038, 0049101, 0049039, 0049092, 0049096, 0049099, 0049239, 0049046, 0049026, 0049025, 0049053, 0049202, 0049249, 0049011, 0049155, 0049073, 0049094, 0049136, 0049018, 0049116, 0049208, 0049062, 0049225, 0049012, 0049131, 0049029, 0049191, 0049152, 0049034, 0049209, 0049181, 0049049, 0049021, 0049001, 0049210, 0049251, 0049237, 0049070, 0049125, 0049076, 0049132, 0049043, 0049091, 0049086, 0049089, 0049114, 0049201, 0049110, 0049156, 0049108, 0049151, 0049045, 0049088, 0049187, 0049188, 0049226, 0049186, 0049169, 0049095, 0049121, 0049215, 0049005, 0049004, 0049182, 0049235, 0049194, 0049205, 0049077, 0049243, 0049015, 0049158, 0049102, 0049126, 0049023, 0049115, 0049219, 0049184, 0049236, 0049147, 0049230, 0049052, 0049178, 0049028, 0049118, 0049085, 0049042, 0049222, 0049244, 0049206, 0049146, 0049154, 0049041, 0049040, 0049203, 0049183, 0049223, 0049027, 0049063, 0049112, 0049173, 0049068, 0049017, 0049014, 0049058, 0049195, 0049022, 0049241, 0049010, 0049198, 0049133, 0049167, 0049177, 0049168, 0049044, 0049129, 0049229, 0049227, 0049079, 0049164, 0049250, 0049231, 0049056, 0049075, 0049160, 0049016, 0049143, 0049100, 0049172, 0049003, 0049247, 0049036, 0049189, 0049140, 0049196, 0049106, 0049207, 0049024, 0049065, 0049128, 0049074, 0049013, 0049197, 0049217, 0049157, 0049148, 0049019, 0049090, 0049193, 0049134, 0049008, 0049221, 0049082, 0049192, 0049037, 0049104, 0049123, 0049078, 0049238, 0049199, 0049200, 0049097, 0049216, 0049124, 0049084, 0049166, 0049232, 0049149, 0049109, 0049171, 0049185, 0049087, 0049105, 0049162, 0049179, 0049213, 0049161, 0049030, 0049057, 0049228, 0049163, 0049072, 0049031, 0049130, 0049174, 0049002, 0049139, 0049150, 0049176, 0049211, 0049055, 0049035, 0049142, 0049060, 0049248, 0049144, 0049050, 0049170, 0049175, 0049252, 0049233, 0049234, 0049220, 0049000, 0049032, 0049069, 0049135, 0049120, 0049145, 0049064, 0049180, 0049113, 0049067, 0049253, 0049137, 0049245, 0049059, 0049122, 0049111, 0049071, 0049054, 0049224, 0049119, 0049153, 0049007, 0049061, 0049165, 0049033, 0049048, 0049080, 0049117, 0049190, 0049093, 0049098, 0049138, 0049214, 0049081, 0049218, 0049107, 0049009, 0049066, 0049141, 0049083, 0049204, 0049242, 0049103"
F-BRIGHT-MIRRORS-LH,"0016SPJ, 0016SLE, 0016SLC, 0016SLT"
F-BTI-SEAT,"0048XZZ, 0048YAE, 0048YAG, 0048YAD, 0048YAC, 0048XZV, 0048YAH, 0048YAB, 0048XZX, 0048XZW, 0048YAA, 0048XZY, 0048YJK, 0048YCH, 0048YCC, 0048YBX, 0048YBY, 0048YBW, 0048YCA, 0048YCJ, 0048YBZ, 0048YBV, 0048YCD, 0048YCE, 0048YCG, 0048YCB, 0048YDT, 0048YDM, 0048YDW, 0048YDL, 0048YDP, 0048YGA, 0048YDV, 0048YDR, 0048YDU, 0048YDN, 0048YDY, 0048YDS, 0048ZAS, 0048YMN, 0048YMW, 0048YMP, 0048ZAM, 0048YLX, 0048YLW, 0048YMT, 0048GRB, 0048WZT, 0048GXM, 0048WZN, 0048GRJ, 0048XEP, 0048YHX, 0048WZM, 0048WZK, 0048WZS, 0048WZL, 0048XGB, 0048YAN, 0048YAM, 0048YAT, 0048YAR, 0048YAV, 0048YAK, 0048YAL, 0048YAW, 0048YAX, 0048YAU, 0048YAP, 0048YAY, 0048YAJ, 0048YAS, 0048YCM, 0048YCK, 0048YCX, 0048YCP, 0048YCL, 0048YCU, 0048YCT, 0048YCR, 0048YCS, 0048YCW, 0048YCV, 0048YCN, 0048YDE, 0048YDK, 0048YDG, 0048YDH, 0048YDC, 0048YDB, 0048YDD, 0048YDA, 0048YCY, 0048YDJ, 0048YDX, 0048YCZ, 0048YJS, 0048YLP, 0048XCN, 0048XCJ, 0048XXL, 0048XXS, 0048YHW, 0048XXM, 0048XCS, 0048XCL, 0048XCP, 0048XXK, 0048XXR, 0048XCR, 0048XXH, 0048XXN, 0048XXP, 0048XCM, 0048XCK, 0048XXJ, 0048XCT, 0048XCH, 0048XDB, 0048XDD, 0048XYA, 0048XCV, 0048XDC, 0048XXZ, 0048YKB, 0048XCZ, 0048GSB, 0048YPN, 0048XXV, 0048XXT, 0048XXW, 0048XXY, 0048XCW, 0048XDA, 0048XYB, 0048XCY, 0048XXU, 0048XCU, 0048YJR, 0048XCX, 0048XXX, 0048YJT, 0048WYW, 0048XGA, 0048WZP, 0048YJU, 0048XEN, 0048WXM, 0048WXR, 0048XEM, 0048WZR, 0048WXP, 0048WXN, 0048XAK, 0048XEH, 0048XAJ, 0048XAG, 0048XAN, 0048XAD, 0048YJJ, 0048XAH, 0048XAM, 0048XAL, 0048XAE, 0048WZW, 0048XAA, 0048WZU, 0048WZY, 0048WZV, 0048YLH, 0048YJH, 0048WZZ, 0048XAB, 0048WZX, 0048XAC, 0048XGC, 0048YMM, 0048XYL, 0048YLS, 0048XZS, 0048YMJ, 0048XZG, 0048XZD, 0048YJW, 0048YME, 0048YJL, 0048GRV, 0048XZU, 0048XYM, 0048YLR, 0048XZE, 0048YML, 0048YMD, 0048GRZ, 0048YMH, 0048XZR, 0048XZT, 0048XYK, 0048XZC, 0048XEY, 0048XAR, 0048XER, 0048XAP, 0048XAT, 0048XHA, 0048XAS, 0048GPG, 0048XES, 0048XAW, 0048XGZ, 0048XAX, 0048XEZ, 0048GPH, 0048XAV, 0048XAU, 0048XCA, 0048YJA, 0048XCB, 0048XEJ, 0048XCC, 0048XCG, 0048XCD, 0048XCE, 0048XEK, 0048YJB, 0048HDB, 0048HDW, 0048HEL, 0048HCZ, 0048HDG, 0048HDT, 0048HDD, 0048HEA, 0048YNL, 0048YNE, 0048YNM, 0048YNG, 0048YNK, 0048YNJ, 0048YNH, 0048YNC, 0048YND, 0048YMZ, 0048YNA, 0048YMX, 0048YNB, 0048YMY, 0048WYV, 0048XEU, 0048XEX, 0048YNN, 0048YLT, 0048XYG, 0048XYE, 0048YLY, 0048WZG, 0048YLV, 0048WZJ, 0048WZH, 0048WZE, 0048XET, 0048WYU, 0048XEW, 0048HEW, 0048HDA, 0048HDV, 0048HDC, 0048HDS, 0048HDE, 0048HDU, 0048HEB, 0048HEM, 0048YNP, 0048XYC, 0048WZC, 0048WZD, 0048WZA, 0048XYD, 0048WZB, 0048YNS, 0048YMS, 0048YNW, 0048YNY, 0048YNU, 0048YNZ, 0048YNV, 0048YNX, 0048YNT, 0048YMR"
F-BTR-FUEL-FILL-LH,"0049CKS, 0015WZM"
F-BTR-FUEL-FILL-RH,0049CKT
F-BUS-BDY-78HR+9FFRR,"0047AVR, 0047AEU, 0047AVL, 0047AEK, 0047AGA, 0047AEM, 0047AEX, 0047AGJ, 0047AEP, 0047AGC, 0047AHM, 0047AGG, 0047AES, 0047AEC, 0047AEW"
"F-BUS-BODY-78""HR+9","0047AGH, 0047AEX, 0047AGG, 0047AEY, 0047AET, 0047AGB, 0047AMG, 0047AES, 0047AGA, 0047AEN, 0047AEM"
F-BUS-PLY-SUB-FL,"0047SBK, 0047ANW, 0047SAX, 0047SAV, 0047AML, 0047SBP, 0047SAZ, 0047SBS, 0047SBB, 0047SBN, 0047SBR, 0047SBM, 0047NXZ, 0047BGT, 0047BJU, 0047SAY, 0047AMR, 0047SBC, 0047SBA, 0047SCK, 0047ANJ, 0047AMN, 0047BGE, 0047SUB, 0047AMM"
F-BUS-W-SHLDR-RAILS,"0048BEJ, 0048BEM, 0048BEL, 0048BEK, 0048BEN, 0048BEG"
F-C-2000-10SPD-TRANS,"0013GUN, 0013GJT, 0013GHL, 0013GHS, 0013GKZ"
F-C-CHAN-IN-REINF,"0001431, 0001461"
F-C-CHAN-OUT-REINF,"0001GDS, 0001GDT, 0001GBP, 0001GDK"
F-C-CHAN-REINF,"0001431, 0001461, 0001GDK, 0001GDT, 0001GDS, 0001GBP"
F-CAB-BATT-DISC-SW,"0008XHV, 0008XHD, 0008WJW, 0008WJV, 0008XNB, 0008XRB, 0008XJL, 0008WDU"
F-CAB-SLPR-EXTENDERS,"0016WBV, 0016WZR, 0016XCE, 0016WYV, 0016723, 0016XCD, 0016XCY"
F-CAL-YR-EMISSIONS,"0012VKM, 0012VJL, 0012VJT, 0012VJG, 0012VJB, 0012VJH, 0012VJA, 0012VJU, 0012VKN, 0012VJK, 0012VKK, 0012VJS, 0012VKH, 0012VKG, 0012VJC, 0012VJR, 0012VKD, 0012VJZ, 0012VJX, 0012VJN, 0012VJP, 0012VJM, 0012VJY, 0012VKC, 0012VKE, 0012VKL, 0012VHZ, 0012VKA, 0012VKJ, 0012VJW, 0012VKP, 0012VJJ, 0012VJV, 0012VKB"
F-CARB-PLAN-S13,"0040NSW, 0040NSX, 0040NSY"
F-CB-AFT-DRVR,"0048RAG, 0048RAJ, 0048RAL, 0048RAM"
F-CB-AFT-ENTDR,"0048BDS, 0048RAA, 0048RAC, 0048RAE, 0048RYX, 0048BDM, 0048BDP"
F-CB-LH-1POS,"0048RBA, 0048RBC, 0048RBE, 0048RBG, 0048RBX, 0048RRZ, 0048RSD, 0048RXY"
F-CB-LH-2POS,"0048BDT, 0048RSC, 0048BDX"
F-CB-LH-3POS,0048RSJ
F-CB-RH-1POS,"0048BGV, 0048RBS, 0048RBU, 0048RBW, 0048RSR, 0048RSS, 0048RST, 0048RXZ"
F-CB-RH-2POS,"0048BCY, 0048BSU, 0048RSV, 0048BBU, 0048BBY"
F-CB-RH-3POS,"0048RCN, 0048RCT, 0048RTA"
F-CHALMER-SUSP,"0014UYZ, 0014UZB, 0014UZR, 0014UZS, 0014UZT, 0014UZU, 0014UZV, 0014UZW, 0014UZX, 0014UZY"
F-CHALMERS-54-SUSP,"0014UYZ, 0014UZB, 0014UZR, 0014UZS, 0014UZU, 0014UZX"
F-CHALMERS-60-SUSP,"0014UZT, 0014UZV"
F-CHALMERS-72-SUSP,"0014UZW, 0014UZY"
F-CHRG-STN,"0010CAU, 0010CAW, 0010CBR, 0010CBJ, 0010CBE, 0010CAB, 0010CBG, 0010CBS, 0010CAD, 0010CAG, 0010CAA, 0010CBD, 0010CAK, 0010CBM, 0010CAC, 0010CBH, 0010CBA, 0010CBB, 0010CAJ, 0010CAT, 0010CAH, 0010CBP, 0010CAX, 0010CBL, 0010CBK, 0010CBC, 0010CAL, 0010CAE, 0010CAY, 0010CBN"
F-CHROME-DOOR-TRIM,"0016VSY, 0016VSW, 0016VTE, 0016VTC"
F-COAXIAL-SPKRS,"0008RPZ, 0008RPV, 0008RMA, 0008RRA"
F-COLL-MITGN-SYS-CAM,"0008TXN, 0008TRN, 0008TXK, 0008TRR, 0008TRM, 0008TRG, 0008TXL, 0008TPU, 0008TXU, 0008TRH"
F-CONVECTION-HTRS,"0048CGA, 0048CEZ, 0048CGC, 0048CEY, 0048CYC, 0048CEJ, 0048CEW, 0048CEX, 0048CER, 0048CEL, 0048CEM, 0048CGB"
"F-CS-BUS-BODY-78""-HR","0047AES, 0047AVL, 0047AGA, 0047AEX, 0047AEZ, 0047AHM, 0047AEL, 0047AGB, 0047AEM, 0047AGC, 0047AHJ, 0047AJU, 0047AGG, 0047AEW, 0047AVN, 0047AGE, 0047AEU, 0047AGJ, 0047AMG, 0047AEV, 0047AVP, 0047AEC, 0047AET, 0047AEN, 0047AEK, 0047AEY, 0047AER, 0047AGH, 0047AVR, 0047AEP, 0047AGK, 0047AGD"
F-CUMM-EXH-BRAK,0007SAP
F-CUST-FRM-PIERCING,"0001MGG, 0001MEG, 0001MLB, 0001WSE, 0001MHM, 0001MTG, 0001MKL, 0001MLR, 0001MKT, 0001MAX, 0001MJW, 0001MDE, 0001MMK, 0001MET, 0001PHA, 0001MJX, 0001MLW, 0001MJZ, 0001MGH, 0001MKS, 0001MAH, 0001MBW, 0001MHX, 0001MEV, 0001MTH, 0001MHC, 0001MMR, 0001MHV, 0001LXJ, 0001MEL, 0001MLG, 0001MMT, 0001MKN, 0001MGS, 0001MHW, 0001MHL, 0001MJH, 0001MST, 0001MJY, 0001MLT, 0001MKM, 0001MLC, 0001MHZ, 0001MHT, 0001MGT, 0001MCS, 0001MBN, 0001MDG, 0001MMB, 0001MGR, 0001MGM, 0001MMX, 0001MLE, 0001MSV, 0001MHS, 0001MHA, 0001MKP, 0001MLL, 0001MMC, 0001LAW, 0001LBB, 0001MEU, 0001MDJ, 0001MES, 0001MLX, 0001MTE, 0001MKC, 0001MLK, 0001WSG, 0001MEK, 0001MLA, 0001MLH, 0001WSW, 0001MHD, 0001MMU, 0001MHH, 0001MHK, 0001MJS, 0001MLZ, 0001MMS, 0001LPN, 0001MLS, 0001MMZ, 0001MGU, 0001MEX, 0001MMW, 0001MGW, 0001MHN, 0001MJP, 0001MCK, 0001MME, 0001MTC, 0001MBU, 0001MMY, 0001MKU, 0001WSX, 0001MGY, 0001MKB, 0001MMJ, 0001MMD, 0001MLD, 0001MEP, 0001MMN, 0001MKK, 0001MMG, 0001MGX, 0001MKH, 0001MGK, 0001MJE, 0001MGE, 0001MJD, 0001MJT, 0001MJM, 0001MJU, 0001MDU, 0001MLU, 0001MDY, 0001MJR, 0001MMM, 0001MGZ, 0001MGC, 0001MEM, 0001MJB, 0001MHY, 0001MGA, 0001MJK, 0001WSM, 0001MHR, 0001MKJ, 0001MHJ, 0001MGD, 0001MEE, 0001MEW, 0001MJV, 0001MHB, 0001WSS, 0001MLY, 0001MMV, 0001MHG, 0001MKA, 0001MHP, 0001MGP, 0001MJJ, 0001MLV, 0001MMA, 0001MGN, 0001MGB, 0001MHU, 0001MGL, 0001MJN, 0001MJL, 0001MDV, 0001MKR, 0001MGV, 0001MEA"
F-CUST-INT-XMBR-LOC,"0001UDE, 0001UEV, 0001UCY, 0001UDD, 0001UDH, 0001UBC, 0001UDP, 0001UBU, 0001SCD, 0001UDM, 0001UDW, 0001UCH, 0001UEH, 0001UDG, 0001UCN, 0001UET, 0001UES, 0001VBP, 0001UEN, 0001UDN, 0001UDJ, 0001UEA, 0001UCW, 0001UCM, 0001UDK, 0001VBN, 0001UDB, 0001UBB, 0001UBX, 0001UEG, 0001UDX, 0001UDT, 0001UEK, 0001UEJ, 0001SBZ, 0001UDA, 0001UER, 0001UCP, 0001UEM, 0001UDZ, 0001UCR, 0001UBD, 0001UBP, 0001VBM, 0001UEE, 0001VBU, 0001UAY, 0001SCH, 0001UEU, 0001UDV, 0001UDL, 0001UEP, 0001UBR, 0001UCZ, 0001UBE, 0001UBH, 0001UEL, 0001UEX, 0001UDS, 0001UEW, 0001UCE, 0001UDR, 0001UCS, 0001UCT, 0001UEB, 0001UBY, 0001UEC, 0001SBX, 0001UDY, 0001UCX, 0001UDC, 0001UCU"
F-CUST-OMIT-INT-XMBR,"0001UCV, 0001UBV"
F-CUST-SPEC-INT-XMBR,"0001WNJ, 0001WNK, 0001VAG, 0001WLZ, 0501031, 0001WMA, 0001UCB, 0001WNM, 0001WNA, 0001WNH, 0001WNL"
F-CUST-WHL-PAINT,"0010632, 0010641, 0010645, 0010643, 0010649, 0010651, 0010646"
F-D12-WHLEND-FRTAXLE,"0002EZS, 0002ERX, 0002GAH, 0002GAC, 0002EZX, 0002ESV, 0002ESA, 0002GAE, 0002EZK, 0002GAJ, 0002GAD, 0002EZY, 0002EZW, 0002EZJ, 0002ESP, 0002EZZ, 0002EZP, 0002GAB"
F-D18-WHLEND-FRTAXLE,"0002GAK, 0002GAL, 0002GAM"
F-DANA-DCLD-AXLE,"0014GKH, 0014GLC, 0014AHJ, 0014AEW, 0014GLA, 0014AWN, 0014GKU, 0014GKW, 0014AGR, 0014AKY, 0014GKV, 0014GJT, 0014BAA, 0014AWJ, 0014GKG, 0014AKU, 0014GKJ, 0014GKK, 0014GKP, 0014AWK, 0014GLB, 0014GXY, 0014AHL, 0014BAH, 0014GKN, 0014GYD, 0014AHP, 0014AKV, 0014AKW, 0014BAG, 0014AGX, 0014GKX, 0014AHG, 0014BAB, 0014AHM, 0014GYC, 0014GJW, 0014GLD"
F-DANA-IADB-F12-AXLS,"0002AJP, 0002AJX, 0002AJN, 0002AJR, 0002AKD"
F-DANA060-RRAXLE,"0014AKV, 0014AKY, 0014AKX, 0014AWC, 0014AWD, 0014AKW, 0014AKT, 0014AKZ, 0014APN, 0014AWB"
F-DANA110130-RRAXLE,"0014ACV, 0014AWH, 0014AWG, 0014BAK, 0014AJE, 0014AJC, 0014BAL, 0014ACW"
F-DANA155156-RRAXLE,"0014GXX, 0014GXY, 0014GYA, 0014GXZ, 0014GYC, 0014GYD, 0014GYB"
F-DANA172-RRAXLE,"0014GKE, 0014GKM, 0014GKJ, 0014GKP, 0014GKH, 0014GKK, 0014GKN, 0014GKL, 0014GKG"
F-DANA172S-RRAXLE,"0014ERW, 0014AWK, 0014AWM, 0014AWL, 0014AWJ"
F-DANA190-RRAXLE,0014GJW
F-DANA190S-RRAXLE,"0014AHH, 0014AHJ, 0014AKU, 0014AJY, 0014AWN, 0014AHG, 0014AHL, 0014AHE, 0014AHK"
F-DAVCO-FUEL-WTR-SEP,"0015LPA, 0015LRJ, 0015LRG, 0015LGN, 0015LNM, 0015LNG, 0015LRK, 0015LLD, 0015LGM, 0015LRL, 0015LND, 0015LHR, 0015LNC, 0015LKW, 0015LNX, 0015LHU, 0015LNW, 0015LMC, 0015LHT, 0015LNY, 0015LKX, 0015LGL, 0015LMM, 0015LGT, 0015LML, 0015LLB, 0015LNV, 0015LNL, 0015LKZ, 0015LNE, 0015LRH, 0015LPT"
F-DECK-PLATE,"0001WLT, 0501011, 0001VAD, 0501034, 0501008, 0501003, 0001WLS, 0001VBB, 0001VAV, 0001VBE, 0001WLU, 0501037, 0001VAE, 0001VBA, 0001832"
F-DELCO-ALT->-120AMP,"0008GHK, 0008GHP, 0008GHY, 0008GHT, 0008GHJ, 0008GHU, 0008GJT, 0008GGG, 0008GCU, 0008GHW"
F-DELCO-ALT<=-115AMP,0008GCS
F-DISC-FRT,"0027DWR, 0027DWX, 0027DUK, 0027DUP, 0027DWL, 0027DYP, 0027DYV, 0027DPR, 0027DWY, 0027DWS, 0027DJN, 0027DTE, 0027DYN, 0027DHK, 0027DVB, 0027DJM, 0027DVC, 0027DVV, 0027DPT, 0027DYD, 0027DUD, 0027DTA, 0027DWB, 0027DYM, 0027DUY, 0027DMZ, 0027DWT, 0027DYJ, 0027DTB, 0027DWM, 0027DYG, 0027DJJ, 0027DWJ, 0027DKE, 0027DUC, 0027DVU, 0027DUZ, 0027DJL, 0027DWW, 0027DYB, 0027DTT, 0027DUR, 0027DVW, 0027DJH, 0027DTD, 0027DTU, 0027DKG, 0027DTX, 0027DUT, 0027DYC, 0027DUN, 0027DVZ, 0027DEL, 0027DUW, 0027DAZ, 0027DPN, 0027DWP, 0027DBE, 0027DRG, 0027DUL, 0027DTS, 0027DYS, 0027DVY, 0027DYE, 0027DYA, 0027DVD, 0027DWZ, 0027DYT, 0027DBA, 0027DSG, 0027DVT, 0027DUS, 0027DMA, 0027DUJ, 0027DPS, 0027DBC, 0027DYH, 0027DRC, 0027DYU, 0027DUX, 0027DEM, 0027DYK, 0027DWU, 0027DVA, 0027DYL, 0027DYR, 0027DWK"
F-DISC-RR,"0028DYA, 0032DWS, 0028DYM, 0028DTE, 0032DKJ, 0028DUR, 0028DMA, 0028DVA, 0028DUZ, 0028DYD, 0032DWR, 0028DTB, 0028DUS, 0028DUD, 0028DYK, 0028DWV, 0028DEL, 0028DEN, 0028DUY, 0028DPT, 0028DVT, 0032DSG, 0028DWY, 0028DAJ, 0028DVW, 0028DUP, 0032WAA, 0032DKE, 0028DBC, 0032DHY, 0028DWP, 0028DTA, 0028DPS, 0028DJM, 0028DAZ, 0032DKD, 0028DUC, 0032DPZ, 0028DBD, 0028DTT, 0028DYC, 0032DWP, 0028DUX, 0028DBG, 0028DWU, 0028DTX, 0028DYB, 0028DYP, 0028DWT, 0032DYE, 0028DWW, 0028DTS, 0028DYJ, 0028DVU, 0028DWS, 0028DWK, 0032DKG, 0028DTY, 0032DYV, 0028DYN, 0028DYL, 0028DUK, 0028DWJ, 0032DHK, 0028DTD, 0032DKH, 0028DVV, 0032DWN, 0028DTU, 0028DVZ, 0028DPR, 0028DWL, 0028DWZ, 0028DWM, 0028DWR, 0032DKK, 0028DEM, 0028DUL, 0028DYH, 0028DJN, 0028DUW"
F-DISC-SPA-RIM,"0026DYK, 0026DTU, 0026DKE, 0026DYR, 0026DSU, 0026DYH, 0026DWR, 0026DWJ, 0026DUW, 0026DWY, 0026DWT, 0026DTX, 0026DYV, 0026DTS, 0026DYT, 0026DWL, 0026DBC, 0026DJH, 0026DUT, 0026DRA, 0026DYS, 0026DRL, 0026DUL, 0026DUC, 0026DYA, 0026DJM, 0026DKG, 0026DYE, 0026DRS, 0026DRN, 0026DWP, 0026DTT, 0026DPN, 0026DUS, 0026DPP, 0026DTE, 0026DAZ, 0026DBA, 0026DYU, 0026DYJ, 0026DPR, 0026DTD, 0026DUZ, 0026DUR, 0026DUK, 0026DVT"
F-DISC-SW-CAB-PWR,"0008XRB, 0008XHV, 0008WJW, 0008WJV, 0008RLZ, 0008WDT, 0008XJL, 0008WDU, 0008XNB"
F-DISC-SW-CABPWR-SOL,"0008WDU, 0008XHV, 0008WDT, 0008XRB"
F-DISC-SW-CHR-CIR,"0008RMH, 0008XHD"
F-DOOR-ENT-2ND,"0047NZU, 0047DRP, 0047DZB, 0047BHL"
F-DOOR-LIFT,"0047DWP, 0047DWR, 0047DWS"
F-DOOR-SIDE-EMER-LH,"0047DCJ, 0047DCL"
F-DOOR-SIDE-EMER-RH,"0047DCP, 0047DCT"
F-DP-PWR-TRLR-SCKT,"0008WKP, 0008WUD, 0008TWJ, 0008WJH, 0008TWL, 0008WSS, 0008WSR"
F-DRV-SEAT-W/BELLOWS,"0016KBX, 0016LWW, 0016KZG, 0016KZT, 0016KZU, 0016LJL, 0016JCJ, 0016KZS, 0016JYP, 0016JYL, 0016LWZ, 0016KBE, 0016KZJ, 0016LKB, 0016HXB, 0016JYN, 0016KCE, 0016KBA, 0016LKV, 0016LJP, 0016KZD, 0016JCH, 0016KZK, 0016KBZ, 0016JYM, 0016JCP, 0016JYS, 0016JCR, 0016LJM, 0016KAK, 0016JCK, 0016JYJ, 0016KBB"
F-DRVR-NFPA-SEATS,"0016JJE, 0016JJG, 0016JXK, 0016KVY"
F-DRVR-SEATS-AIR-SPN,"0016JYJ, 0016JJE, 0016KBM, 0016KCA, 0016LJS, 0016JXC, 0016JPY, 0016KBY, 0016KBE, 0016KBC, 0016JXK, 0016LRV, 0016LJL, 0016JYX, 0016KAT, 0016JYV, 0016KZY, 0016KCB, 0016JNV, 0016KAR, 0016LKU, 0016KBS, 0016LSA, 0016KZE, 0016KBJ, 0016KZX, 0016JNY, 0016LSC, 0016KAN, 0016KBR, 0016KBD, 0016KZZ, 0016JNZ, 0016KZW, 0016KBG, 0016KBL, 0016KAS, 0016JPT, 0016KAP, 0016JNT, 0016KBT, 0016JPA, 0016KCD, 0016LRW, 0016KBK, 0016KBP, 0016LSD, 0016KAM, 0016JJD, 0016KBZ, 0016KBB, 0016JPX, 0016KBH, 0016KBA, 0016KZV, 0016LRX, 0016KBN, 0016KCC"
F-DRVR-SEATS-SCISSOR,"0016JYL, 0016KVE, 0016HXD, 0016LWJ, 0016KVL, 0016LWX, 0016KZG, 0016KBW, 0016JCH, 0016LKV, 0016KBK, 0016LJP, 0016JYS, 0016KZU, 0016LLK, 0016LWN, 0016LWR, 0016LKB, 0016KCE, 0016KBB, 0016LWM, 0016KZK, 0016LWV, 0016JCK, 0016KZD, 0016KVJ, 0016KUT, 0016JYN, 0016LJM, 0016JCR, 0016KZS, 0016KUY, 0016LWU, 0016KVM, 0016LKZ, 0016KAG, 0016LLR, 0016LWW, 0016KUZ, 0016KAK, 0016JCP, 0016HXB, 0016KBA, 0016JCJ, 0016LRA, 0016LWP, 0016JYM, 0016LWZ, 0016LLE, 0016KZJ, 0016KBE, 0016LWK, 0016LWL, 0016KVN, 0016KZT, 0016KVH, 0016KBX, 0016JYP, 0016KBV, 0016JJG, 0016KVB"
F-DSH-RRAXLE,"0014GLB, 0014GKT, 0014GLD, 0014GKY, 0014GKZ, 0014GHE, 0014GKV, 0014GKU, 0014GLA, 0014GLC, 0014GKX, 0014GKS, 0014GKW"
F-DUAL-100GAL-TANK,"0015DYM, 0015DXE, 0015DJU, 0015DXG, 0015DWS, 0015DJS, 0015DWT"
F-DUAL-100GAL-UC-TK,"0015DGC, 0015DPR, 0015DPP, 0015DJX, 0015DJS, 0015DJT, 0015DJU, 0015DWT, 0015DWS"
F-DUAL-120GAL-TANK,"0015DXJ, 0015DWP, 0015DWR, 0015DXH"
F-DUAL-120GAL-UC-TK,"0015DWP, 0015DWR"
F-DUAL-24IN-FUEL-TKS,"0015DWR, 0015DXH, 0015DWT, 0015DZB, 0015DXC, 0015DXG, 0015DWU, 0015DXD, 0015DXE, 0015DZC, 0015ECV, 0015DWV, 0015DWP, 0015DWS, 0015DXJ"
F-DUAL-80GAL-TANK,"0015DXC, 0015DWU, 0015DMS, 0015DWV, 0015DMT, 0015DPL, 0015DPM, 0015DPK, 0015DXD"
F-DUAL-80GAL-UC-TK,"0015DPL, 0015DMT, 0015DWV, 0015DMS, 0015DPM, 0015DPK, 0015DWU"
F-DUAL-BOC-FUEL-TNK,"0015EAG, 0015EBC, 0015ECN, 0015EAB, 0015EAS, 0015EAC, 0015ECU, 0015HDH, 0015EAK, 0015EAA, 0015EAE, 0015HDJ, 0015EBS, 0015EAW, 0015ECJ, 0015EAY, 0015EAD, 0015EAJ, 0015EAT, 0015EAX, 0015EBG, 0015EAR, 0015EAL, 0015EBY, 0015EAM, 0015EBD, 0015EAH, 0015EBE, 0015EAU"
F-DUAL-BOC-TANK,"0015DXJ, 0015DXM, 0015DYK, 0015DYJ, 0015DRC, 0015DXG, 0015DXH, 0015HDH, 0015ECA, 0015DYL, 0015DXD, 0015DXC, 0015EAS, 0015DWY, 0015DXE, 0015DYM, 0015EAR"
F-DUAL-CB-RAD-OHC,"0008RRJ, 0008RNC, 0008RNE, 0008RCB"
F-DUAL-REAR-WHLS,"0028DYH, 0028DYM, 0028DUY, 0028DWL, 0028DVZ, 0028DWS, 0028DJN, 0028DWR, 0028DVU, 0028DWZ, 0028DBG, 0028DTU, 0028DUR, 0028DTT, 0028DPT, 0028DVA, 0028DWY, 0028DTX, 0028DUC, 0028DWP, 0028DBD, 0028DTE, 0028DPS, 0028DUW, 0028DUZ, 0028DPR, 0028DUD, 0028DWU, 0028DYP, 0028DEN, 0028DEM, 0028DEL, 0028DAZ, 0028DWM, 0028DTB, 0028DUP, 0028DTS, 0028DYB, 0028DVT, 0028DYK, 0028DYA, 0028DVW, 0028DYD, 0028DWK, 0028DJM, 0028DUL, 0028DUS, 0028DYC, 0028DTY, 0028DMA, 0028DVV, 0028DYL, 0028DBC, 0028DUX, 0028DWV, 0028DYJ, 0028DYN, 0028DWW, 0028DUK, 0028DTD, 0028DTA, 0028DWJ, 0028DWT"
F-DUAL-STAGGER-TANK,"0015ECL, 0015DTA, 0015DZW, 0015DZU, 0015DZT, 0015DZZ, 0015DZY, 0015DZV, 0015DZX"
F-DUAL-UNCAB-TANK,"0015DMR, 0015DPL, 0015DWR, 0015DJT, 0015DPR, 0015DWU, 0015DZA, 0015DJS, 0015DMT, 0015DWT, 0015DRB, 0015DMZ, 0015DPH, 0015DWS, 0015ECV, 0015DWP, 0015DMS, 0015DYY, 0015DYZ, 0015DJU, 0015DMN, 0015DYS, 0015DYU, 0015DJX, 0015DMW, 0015DZC, 0015DPM, 0015DWV, 0015DMV, 0015DYT, 0015DZB"
F-EATON-FS-TRANS,"0013GZZ, 0013GSK, 0013GPG, 0013GZJ, 0013GNG, 0013GNC, 0013GMJ, 0013GRB, 0013GMS, 0013GZX"
F-EATON-RT-TRANS,"0013GHX, 0013GHW, 0013GJR, 0013GJS, 0013GKJ, 0013GKL, 0013GKM, 0013GZE, 0013GYK, 0013GNM, 0013GNA, 0013GMZ"
F-EATON-SGL-RRAXLE,"0014CDE, 0014AHG, 0014AHW, 0014AKB, 0014AWN, 0014AKC, 0014AWJ, 0014AGE, 0014AWD, 0014AKT, 0014AJZ, 0014AKX, 0014AWK, 0014AKS, 0014BAE, 0014BAJ, 0014AGX, 0014AJG, 0014AWL, 0014AGR, 0014ACV, 0014BAC, 0014AEY, 0014AHE, 0014BAA, 0014AWM, 0014AKP, 0014ERW, 0014AKZ, 0014BAG, 0014AHP, 0014AWB, 0014CDP, 0014AWG, 0014AKY, 0014AWR, 0014AHJ, 0014ACW, 0014BAK, 0014APN, 0014AGA, 0014AKV, 0014AWW, 0014AHH, 0014BAL, 0014AGY, 0014AWC, 0014AKW, 0014AEW, 0014AKU, 0014AET, 0014BAH, 0014AJJ, 0014AJH, 0014AJY, 0014AKR, 0014AKA, 0014AWH, 0014AHK, 0014AHL, 0014CDL"
F-EATON-TAN-RRAXLE,"0014GKS, 0014GKU, 0014GKJ, 0014GKN, 0014GKK, 0014GKZ, 0014GYA, 0014GLD, 0014GXX, 0014GYC, 0014GKH, 0014GLB, 0014GKM, 0014GKV, 0014GKY, 0014BAB, 0014GLC, 0014GXZ, 0014GHE, 0014GJW, 0014GKL, 0014GXY, 0014GYD, 0014GKW, 0014GKT, 0014GJT, 0014GKP, 0014GKE, 0014GKG, 0014GKX, 0014GGV, 0014GEW, 0014GGU, 0014GYK, 0014GLA, 0014GYB"
F-EBS-ATC-BRAK,"0004BAJ, 0004BAK, 0004BAL, 0004BAH, 0004BAM"
F-EE-WIN-LH-VERT-STM,"0048DNY, 0048DPC, 0048DNZ"
F-EE-WIN-RH-VERT-STM,"0048DPD, 0048DPB, 0048DPA"
F-ELEC-STOP-ARM,"0049EMY, 0049EKR, 0049ELS, 0049ELB, 0049EKU, 0049EKS, 0049ELD, 0049EKT, 0049EKP, 0049ELC, 0049ENB, 0049ELJ, 0049EKX, 0049ELG, 0049EKW, 0049ELR, 0049ELE, 0049EKV, 0049ELT, 0049EKY, 0049ELH, 0049ENC"
F-ELEC-TRLR-BRK,"0008HAG, 0008HAH"
F-ENDURANT-TRANS,"0013GZD, 0013GYY, 0013GZB, 0013GZA, 0013GYZ, 0013ZAB, 0013GZC"
F-ENDURANTXD-TRANS,"0013ZAE, 0013GKE, 0013GKC, 0013GKB, 0013GKD, 0013GKA"
F-ENG-HP=300-400,"0012NMT, 0012NMW, 0012CXH, 0012NMU"
F-ENG-SPECL-EFF,"0012YAU, 0012YAV, 0012YAY, 0012YAX, 0012YAB, 0012YAC, 0012ZZE, 0012YAA, 0012YAN, 0012YAR, 0012ZYA, 0012YAW, 0012YAT, 0012ZYD"
F-ENHANCED-RPMS,"0060AEK, 0060ADY, 0060AET, 0060ADT, 0060ADW, 0060AEC, 0060AES, 0060AEN, 0060AEB, 0060AEE, 0060AED, 0060AEG, 0060ADU, 0060AEA, 0060ADX, 0060ADP, 0060AEJ, 0060AEU, 0060ADZ, 0060ADS, 0060ADR, 0060AER, 0060ADV, 0060ADL, 0060ADM, 0060ADN, 0060AEH"
F-EOF-7WAY-TRLR-SKT,"0008TVZ, 0008TMG, 0008TRP, 0008TME"
F-ERICH-TRLR-CBL,"0008TRK, 0004XAM, 0004XAH, 0004XAK"
F-EXT-GRAB-HANDLE,"0016SMW, 0016ZDV, 0016SEE, 0016SPW, 0016SED, 0016ZDU, 0016SGH, 0016ZGX, 0016ZHD, 0016SDC, 0016UKG"
F-F08-WHLEND-FRTAXLE,"0002ATK, 0002AEM, 0002AJK, 0002AJL"
F-F12->13.2K-FRTAXLE,"0002AVX, 0002AGC, 0002ARV, 0002AUM, 0002ATU, 0002AEZ, 0002AKM, 0002AUK, 0002AHX, 0002ATT, 0002AVT, 0002AVW, 0002AKC, 0002ASM, 0002AKL, 0002AKR, 0002AST, 0002AKK, 0002AUL, 0002AKP"
F-F12-WHLEND-FRTAXLE,"0002ATT, 0002ASX, 0002AVH, 0002ASR, 0002AYZ, 0002AEZ, 0002ASG, 0002AJN, 0002AJX, 0002AVN, 0002AUL, 0002ASM, 0002AJP, 0002AVX, 0002AJY, 0002ATL, 0002AGC, 0002ATN, 0002AKR, 0002ATM, 0002AVM, 0002AUJ, 0002AYX, 0002AVJ, 0002ARX, 0002AUD, 0002AKK, 0002AKG, 0002AVT, 0002AKB, 0002AUC, 0002AJE, 0002AKP, 0002AJG, 0002AUE, 0002AUM, 0002AYW, 0002AVU, 0002AHY, 0002ASH, 0002AUK, 0002AYV, 0002ATG, 0002ARV, 0002AKJ, 0002AKH, 0002AKD, 0002AYU, 0002AGG, 0002ASC, 0002AYY, 0002ATU, 0002AVK, 0002AJH, 0002AGE, 0002ARW, 0002AST, 0002AKN, 0002AJU, 0002AVL, 0002AJT, 0002AKL, 0002AHX, 0002AKC, 0002AKM, 0002AVW, 0002AUH"
F-F16-SGL-FRTAXLE,"0002AVD, 0002AEV, 0002AJW, 0002AVY, 0002AVB, 0002AUZ, 0002AVC, 0002ARU, 0002AYS, 0002ARY, 0002AYJ, 0002AYK, 0002AUR, 0002AVE, 0002AVS, 0002AKE, 0002AYL, 0002AVA, 0002AYT, 0002ARZ, 0002AJV, 0002ATB"
F-F16-WHLEND-FRTAXLE,"0002AYT, 0002AVS, 0002AYJ, 0002AEV, 0002AYK, 0002AJV, 0002AVC, 0002AVD, 0002AYL, 0002AUZ, 0002AKE, 0002ATB, 0002ARU, 0002ARZ, 0002AJW, 0002AVB, 0002AVY, 0002AUR, 0002ARY, 0002AVA, 0002AYS, 0002AVE"
F-FLAT-FLYWHL-CLUCH,"0011MRR, 0011LGS, 0011MRW, 0011LEU, 0011LEX, 0011LGA, 0011LEZ, 0011MHN, 0011MHP, 0011MRU, 0011LEG, 0011LEY, 0011MRP, 0011MHA, 0011LEV, 0011MGZ, 0011LGR, 0011MRV, 0011MRT, 0011LGB, 0011LEH, 0011LGN, 0011LEW, 0011MHR, 0011LGG, 0011LGP"
F-FONT-AWB-5THWHL,"0010JAS, 0010HND, 0010JAD"
F-FONT-CCLWB-5THWHL,"0010HHL, 0010HHM, 0010HJK, 0010HKX, 0010HJL, 0010HHN, 0010HHK"
F-FONT-FMA-5THWHL,"0010EYK, 0010EXZ, 0010EYC, 0010EXS, 0010EWW, 0010EYL, 0010EYD, 0010EYN"
F-FONT-LWB12-5THWHL,"0010HHN, 0010HHL, 0010HHM, 0010HHX, 0010HHW, 0010HHK, 0010HHY, 0010JBG, 0010HHZ, 0010HHD, 0010HHB"
F-FONT-LWB24-5THWHL,"0010HJD, 0010HJL, 0010HJB, 0010HHH, 0010HHU, 0010HHG, 0010HHR, 0010HJK, 0010HZK, 0010HJA, 0010HSY, 0010HHT, 0010HJC"
F-FONT-LWB36-5THWHL,"0010JAT, 0010HNZ, 0010HKX, 0010HJS, 0010HYX"
F-FONT-NWB12-5THWHL,"0010HZR, 0010HZP, 0010HZN, 0010HZV"
F-FONT-NWB24-5THWHL,"0010HZT, 0010HZU, 0010HZS"
F-FONT-PML-5THWHL,"0010HNH, 0010HNK, 0010HLX, 0010JBH, 0010EGV"
F-FONTAINE-24-SLD,"0010JBK, 0010JBL, 0010JAD, 0010HND"
F-FONTAINE-36-SLD,"0010HKX, 0010HNZ, 0010HYX, 0010JAT, 0010HJS"
F-FONTAINE-5THWHL,"0010HHR, 0010HNH, 0010HYX, 0010HZN, 0010HHW, 0010JAE, 0010HJK, 0010HNK, 0010HJC, 0010HZP, 0010EYC, 0010HJL, 0010HHM, 0010HHG, 0010EYD, 0010HHZ, 0010EYN, 0010HHX, 0010JAD, 0010HHK, 0010HHT, 0010HJB, 0010HHN, 0010EWW, 0010HJS, 0010JBB, 0010HHY, 0010JBG, 0010JAS, 0010HZS, 0010HZT, 0010HHU, 0010JBD, 0010JAT, 0010HZK, 0010HNZ, 0010EXZ, 0010JBK, 0010EYK, 0010HHL, 0010HZV, 0010JBL, 0010HSY, 0010HHH, 0010HHD, 0010HZR, 0010HND, 0010EGV, 0010HHB, 0010HJD, 0010HJA, 0010HLX, 0010EYL, 0010HZU, 0010JBH"
F-FONTAINE-AIR-SLD,"0010HHT, 0010HZS, 0010HNZ, 0010JAD, 0010HJB, 0010JAT, 0010HHR, 0010HKX, 0010JBK, 0010JBL, 0010HHL, 0010HZR, 0010HHM, 0010HSY, 0010JBG, 0010HHW, 0010HJL, 0010JBB, 0010HHN, 0010HJA, 0010JBD, 0010HZK, 0010JAS, 0010HZV, 0010HHU, 0010HZT, 0010HJK, 0010HHB, 0010HHZ, 0010HJC, 0010HHY, 0010JAE, 0010HZP, 0010HZN, 0010HHX, 0010HHK, 0010HHH, 0010HYX, 0010HHG, 0010HHD, 0010HND, 0010HJD, 0010HZU, 0010HJS"
F-FONTAINE-HVY-5THWH,"0010JBB, 0010JAE"
F-FONTAINE-STA-6FMA,"0010EXS, 0010EWW"
F-FOUR-BTRY-SYS,"0008MSH, 0008MSK, 0008MME, 0008MMX, 0008MMV, 0008NBT, 0008MSM, 0008MRS, 0008MMR, 0008MJS, 0008MJV, 0008MWK, 0008NBJ, 0008MWB, 0008MWC, 0008MWJ"
F-FRAME-ACC,"0016ZHR, 0016ZJH, 0016ZHX, 0016ZHK, 0016ZHL, 0016ZJJ, 0016ZHM"
F-FREEDMAN-FMLY-3PT,"0048GUX, 0048GUJ, 0048GUK, 0048GWY, 0048GXB, 0048GUT, 0048GUU, 0048GUV, 0048GUE, 0048GUG, 0048GUW, 0048GUH, 0048GWZ, 0048GUR, 0048GWX, 0048GUS, 0048GUN, 0048GVB, 0048GUM, 0048GVA, 0048GUZ, 0048GUP, 0048GUL, 0048GUY, 0048GVE, 0048GVG, 0048GVH, 0048GVJ, 0048GVK, 0048GVL, 0048GVM, 0048GVN, 0048GVP, 0048GVR, 0048GVS, 0048GVT, 0048GVU, 0048GVV, 0048GVW, 0048GVX, 0048GVY, 0048GVZ, 0048GWA, 0048GWB, 0048GWC, 0048GXA, 0048GVD, 0048GVC, 0048UWA, 0048UVZ, 0048UVY, 0048UVX"
F-FREEDMAN-SEATS,"0048GUT, 0048GUX, 0048GXB, 0048GUN, 0048GUP, 0048GVA, 0048GUG, 0048GUW, 0048GUY, 0048GUZ, 0048GWY, 0048GWX, 0048GUR, 0048GVB, 0048GUJ, 0048GUE, 0048GWZ, 0048GUS, 0048GUH, 0048GUV, 0048GUK, 0048GUM, 0048GUU, 0048GUL, 0048GVJ, 0048GVR, 0048GVH, 0048GVT, 0048GVK, 0048GWB, 0048GVW, 0048GVC, 0048GWC, 0048GVE, 0048GVY, 0048GVU, 0048GVL, 0048GVD, 0048GVN, 0048GWA, 0048GVM, 0048GXA, 0048GVP, 0048GVX, 0048GVV, 0048GVS, 0048GVG, 0048GVZ, 0048UVZ, 0048VBW, 0048UWA, 0048DCR, 0048HAX, 0048VBT, 0048UVY, 0048UWM, 0048UVX, 0048TUA, 0048GAB, 0048TTZ, 0048GAA, 0048VVA, 0048UTD, 0048CUX, 0048TTX, 0048WVG, 0048UPP, 0048TMK, 0048DCU, 0048UJX, 0048WWG, 0048SNW, 0048DCS, 0048TCX, 0048DCM, 0048DMC, 0048DDG, 0048URE, 0048PHW, 0048DCN, 0048TJU, 0048TDZ, 0048TXM, 0048TUW, 0048UKU, 0048TBW, 0048AKB, 0048TXB, 0048DCL, 0048DCP, 0048WVH, 0048TBY, 0048DMD, 0048TXN, 0048TUX, 0048UTE, 0048CUY, 0048TBX, 0048DCW, 0048VVB, 0048WWJ, 0048TJT, 0048BWS, 0048UPR, 0048WWH, 0048DCV, 0048BYU, 0048UCK, 0048SNX, 0048TTY, 0048TDX, 0048DCT"
F-FRONT-STOP-ARM,"0049ELB, 0049EKS, 0049ELD, 0049ELS, 0049AGG, 0049AGE, 0049EMY, 0049EMX, 0049BSB, 0049EEP, 0049ELC, 0049EMU, 0049EMT, 0049BJH, 0049EKT, 0049BMA, 0049EKP, 0049EKU, 0049EKR"
F-FRT-AIR-DISC-BRK,"0004XCR, 0004XGN, 0004XCM, 0004XGS, 0004XGP, 0004XGL, 0004XCJ, 0004XCL"
F-FRT-AIR-DRUM-BRAKE,"0004XDT, 0004XDP, 0004XDD, 0004XDC, 0004XGV"
F-FRT-BENCH-SEAT,"0016KAX, 0016JXG"
F-FRT-HYD-DISC-BRAKE,"0004XCW, 0004XCU"
F-FRT-SUSP>=14.3K,"0003AJV, 0003AGA, 0003AHL, 0003ACS, 0003AEW, 0003ADG, 0003ADJ, 0003ACP, 0003AEP, 0003AJS, 0003ACT, 0003AHR, 0003ACR, 0003ACU, 0003AJP, 0003ADE, 0003AGT, 0003AEX, 0003AGR, 0003ADS, 0003ADR, 0003ACX, 0003AHU"
F-FRT-SUSP>=14K,"0003AZH, 0003AHR, 0003AEP, 0003ADJ, 0003ACR, 0003AEW, 0003ACH, 0003AGR, 0003AHU, 0003AJS, 0003AHL, 0003ADR, 0003AJP, 0003AJV, 0003ADG, 0003AGT, 0003ADD, 0003ADE, 0003AGA, 0003ADS, 0003ACU, 0003AGU, 0003AZN, 0003AHT, 0003ACX, 0003ACS, 0003ACT, 0003ACP, 0003AEX"
F-FRT-SUSP>=15.6K,"0003ACR, 0003ACT, 0003ADG, 0003ACP, 0003AEW, 0003AJP, 0003ACS, 0003AEP, 0003AJV, 0003AGR, 0003AHL, 0003ADE, 0003ADJ, 0003ADR, 0003AEX, 0003ACU, 0003AGA, 0003AHU, 0003AHR, 0003ADS, 0003ACX"
F-FRT-SUSP>=15K,"0003ACX, 0003AJV, 0003AGA, 0003ACS, 0003AEP, 0003AHR, 0003ADE, 0003AHL, 0003ACU, 0003ADR, 0003ACT, 0003ADG, 0003AEW, 0003ADJ, 0003AGR, 0003ACP, 0003ACR, 0003AJP, 0003AHU, 0003ADS, 0003AEX"
F-FRT-SUSP>=18K,"0003AHR, 0003AEP, 0003AEW, 0003ADJ, 0003ACS, 0003ADR, 0003ACU, 0003ADG, 0003ACR, 0003ACT, 0003ADS, 0003AHL, 0003AJV, 0003ACX, 0003AHU, 0003AEX, 0003AJP, 0003AGR, 0003AGA"
F-FRT-SUSP>=21K,"0003AEP, 0003AEW, 0003AHL, 0003ACT, 0003AHR, 0003ACX"
F-FRT-SUSP>=22K,"0003AHL, 0003AHR, 0003AEW, 0003ACT, 0003ACX, 0003AEP"
F-FRTWHL-ATT-ID,0029BAA
F-FRTWHL-COATING-ID,"0029AAA, 0029PBX, 0029PBZ, 0029PCB, 0029PCZ, 0029PDC, 0029PBT, 0029PCU, 0029PDA"
F-FRTWHL-PAINT-ID,"0029PAW, 0029PCE, 0029PAR, 0029PCN, 0029PBR, 0029PBA"
F-FUEL-AUX-DRAW-TUBE,"0015WUN, 0015WTM, 0016VLN, 0016UZL, 0016VWK, 0016VSU, 0016VSV, 0016VTN, 0016VUR, 0016VTW, 0016VWJ, 0016VTV"
F-FUEL-HTR,"0015LRL, 0015LRG, 0015LNE, 0015LRH, 0015LRK, 0015LGL, 0015LMM, 0015LRJ, 0015LML, 0015LKW, 0015LPA, 0015LNC, 0015LGM, 0015LBC"
F-FUEL-WATER-SEP,"0015LMN, 0015LRA, 0015LHU, 0015LLD, 0015LPX, 0015LNY, 0015LRL, 0015LMC, 0015LKU, 0015LPZ, 0015LRK, 0015LPU, 0015LPY, 0015LPW, 0015LND, 0015LGL, 0015LNE, 0015LNL, 0015LRU, 0015LMR, 0015LRH, 0015LRJ, 0015LNV, 0015LGM, 0015LRS, 0015LNX, 0015LHR, 0015LKZ, 0015LKX, 0015LGN, 0015LPT, 0015LNG, 0015LLB, 0015LHT, 0015LRT, 0015LPR, 0015LRB, 0015LRV, 0015LKW, 0015LNM, 0015LNW, 0015LMM, 0015LBC, 0015LGT, 0015LRG, 0015958, 0015LNC, 0015LPA, 0015LML"
F-FUEL-WATER-SEP-WIF,"0015LRA, 0015LRG, 0015LPT, 0015LNC, 0015LNE, 0015LNL, 0015LMS, 0015LND, 0015LRK, 0015LNS, 0015LMR, 0015LNG, 0015LRT, 0015LJN, 0015LPY, 0015LMN, 0015LRL, 0015LKW, 0015LPR, 0015LLT, 0015LNR, 0015LKG, 0015LJM, 0015LRH, 0015LPW, 0015LNM, 0015LML, 0015LPU, 0015LLD, 0015LMM, 0015LKU, 0015LLB, 0015LPX, 0015LPA, 0015LMC, 0015LRC, 0015LKX, 0015LRJ, 0015LKZ, 0015LRS, 0015LRB, 0015LPZ"
F-FULLER-10SPD-TRANS,"0013GHS, 0013GJR, 0013GUN, 0013GHX, 0013GJT, 0013GKZ, 0013GHL, 0013GHW"
F-FULLER-AIR-TRANS,"0013GXH, 0013GYH, 0013GWU, 0013GJS, 0013GYD, 0013GUN, 0013GXC, 0013GHX, 0013GYL, 0013GWR, 0013GKJ, 0013GZA, 0013GJR, 0013GKD, 0013GYN, 0013GYK, 0013GKE, 0013GKL, 0013GMZ, 0013GWZ, 0013GYG, 0013GYZ, 0013GZB, 0013GZD, 0013GHS, 0013GZC, 0013GWW, 0013GKA, 0013GKZ, 0013GKC, 0013GNA, 0013GKB, 0013GXA, 0013GHW, 0013GWX, 0013GJT, 0013GYY, 0013GWP, 0013GWN, 0013GHL, 0013GYC, 0013GKM, 0013GXD"
F-FULLER-MANL-TRANS,"0013GHS, 0013GJT, 0013GYK, 0013GZC, 0013GKE, 0013GXC, 0013GZA, 0013GYG, 0013GKB, 0013GKC, 0013GYZ, 0013GHW, 0013GYY, 0013GZJ, 0013GHL, 0013GZZ, 0013GZB, 0013GKA, 0013GKM, 0013GWZ, 0013GNA, 0013GJS, 0013GKZ, 0013GNG, 0013GKD, 0013GZD, 0013GHX, 0013GMS, 0013GMJ, 0013GMZ, 0013GXD, 0013GUN, 0013GPG"
F-FULLER-MANUAL-TRAN,"0013GMZ, 0013GHW, 0013GNA, 0013GUN, 0013GMJ, 0013GZJ, 0013GJR, 0013GJT, 0013GKJ, 0013GHX, 0013GZX, 0013GHL, 0013GYK, 0013GJS, 0013GKM, 0013GKL, 0013GKZ, 0013GNG, 0013GMS, 0013GZZ, 0013GPG, 0013GRB, 0013GHS"
"F-FW-285-<.63""-A-HUB","0027DUX, 0027DJN, 0027DUD, 0027DTA, 0027DTB, 0027DUC, 0027DVU, 0027DTC, 0027DUZ"
"F-FW-285-<.63""-S-HUB","0027DUN, 0027DJM, 0027DWP, 0027DUM, 0027DUA, 0027DTS, 0027DUK, 0027DMA, 0027DTD, 0027DYH, 0027DPS, 0027DTU, 0027DPN, 0027DPR, 0027DYR, 0027DJK, 0027DVV, 0027DTZ, 0027DTT, 0027DUL, 0027DYU, 0027DUY, 0027DTE, 0027DTJ, 0027DUP, 0027DYT, 0027DUW, 0027DYS"
"F-FW-285->.63""-A-HUB","0027DRG, 0027DWS, 0027DYA, 0027DVS, 0027DEM, 0027DWN, 0027DWK, 0027DYD, 0027DWE, 0027DYJ, 0027DWX, 0027DWM, 0027DYP, 0027DVC, 0027DVZ, 0027DWC, 0027DJL, 0027DWU, 0027DYK, 0027DWY"
"F-FW-285->.63""-S-HUB","0027DJJ, 0027DWH, 0027DBA, 0027DJH, 0027DWT, 0027DVW, 0027DHK, 0027DVB, 0027DWJ, 0027DUR, 0027DYB, 0027DWR, 0027DAY, 0027DWD, 0027DMZ, 0027DVA, 0027DVP, 0027DBE, 0027DYG, 0027DUV, 0027DVD, 0027DYN, 0027DWG, 0027DWZ, 0027DRC, 0027DUT, 0027DYL, 0027DWW, 0027DEL, 0027DUS, 0027DYM, 0027DYC, 0027DWL, 0027DVY, 0027DBC"
F-GW-PTO-BOT-FLANGE,"0013HBX, 0013HBJ, 0013HBR, 0013HBP, 0013HBN, 0013HBL, 0013HBK, 0013HBV, 0013HBS, 0013HBM"
F-GW-PTO-TOP-FLANGE,"0013HBH, 0013HBD, 0013HAZ, 0013HBG, 0013HBU, 0013HBB, 0013HBC, 0013HBW, 0013HBE, 0013HBA"
F-HEAT/VENT-DVR-SEAT,"0016KZD, 0016KZJ, 0016LWW, 0016LWX, 0016JPX, 0016JPY, 0016KZK, 0016LWV, 0016LWR, 0016KZN, 0016KZZ, 0016LWZ, 0016LWP, 0016LSA, 0016LWU, 0016KZY, 0016JXU, 0016LWN, 0016KBH, 0016KZG, 0016LWM, 0016KCB, 0016KBX, 0016LRX"
F-HEAT/VENT-PASS-SEA,"0016SRU, 0016SRS, 0016KCZ, 0016LPZ, 0016SRZ, 0016SRR, 0016SRY, 0016PUS, 0016SRT, 0016PNX, 0016KZR, 0016KCY, 0016SRX, 0016KZP, 0016JXT"
F-HEATER-LH-MIDSHIP,"0048PMC, 0048PMD"
F-HEATER-LH-REAR,"0048PMH, 0048PMJ"
F-HEATER-LH-RR-WALL,0048PRY
F-HEATER-PASSENGER,"0048PNK, 0048PMZ, 0048PNL, 0048PNM, 0048PMD, 0048PMC, 0048PMH, 0048SZC, 0048PMJ, 0048PMN, 0048PMM, 0048PMT, 0048PMR, 0048PPG, 0048UYC, 0048PRY"
F-HEATER-RH-MIDSHIP,"0048PMM, 0048PMN"
F-HEATER-RH-REAR,"0048PMT, 0048PMR"
F-HEATER-RH-RR-WALL,"0048PPG, 0048UYC"
F-HEND-52-RUB-SUSP,"0014UMB, 0014UMW"
F-HEND-52-STL-SUSP,"0014UHC, 0014ULP"
F-HEND-54-RUB-SUSP,"0014URE, 0014UMX, 0014UMT, 0014UMW, 0014UMM, 0014UMS, 0014UMP, 0014ULY, 0014UMV, 0014ULX, 0014UMN, 0014VHB"
F-HEND-54-RUB-TTR,"0014UMT, 0014UMS, 0014UMV, 0014ULY, 0014URE, 0014ULX, 0014UMM, 0014UMW, 0014UMN, 0014UMX, 0014UMP, 0014VHB, 0014UMK"
F-HEND-54-STL-SUSP,"0014UMJ, 0014698, 0014UHK, 0014UHD, 0014UML"
F-HEND-55-AIR-SUSP,"0014XAM, 0014VBE, 0014ULT, 0014ULU, 0014ULB, 0014XAL, 0014UKZ"
F-HEND-56-RUB-SUSP,0014UHU
F-HEND-56-STL-SUSP,0014524
F-HEND-60-AIR-SUSP,"0014ULC, 0014ULA, 0014ULV, 0014ULS"
F-HEND-60-RUB-SUSP,"0014ULZ, 0014UMY"
F-HEND-60-STL-SUSP,"0014667, 0014UHE, 0014UHL"
F-HEND-72-AIR-SUSP,"0014ULM, 0014ULE"
F-HEND-AXLE-IADB,"0002AVH, 0002AVG, 0002AVJ"
F-HEND-F12-NXT-AXLES,"0002AUL, 0002AUC, 0002AUJ, 0002AVJ, 0002AVH, 0002AVG, 0002AUM, 0002AUD, 0002AVK, 0002AUK, 0002AUE, 0002AUB, 0002AVU, 0002AUH"
F-HEND-RT-RTE-SUSP,"0014UHK, 0014UHD, 0014524, 0014ULP, 0014UHE, 0014UMJ, 0014698, 0014UHL, 0014UML, 0014UHC, 0014667"
F-HEND-SLDMT-SUSP,0014UJE
F-HLLND-12-ILS-SLD,"0010HZX, 0010HNP, 0010HNW, 0010GYG, 0010HLN, 0010HZW, 0010HLU, 0010KKN, 0010GYH, 0010HZY, 0010HNM, 0010DZY, 0010KKP, 0010HNL, 0010HNN, 0010KKM, 0010EGX, 0010GXR, 0010HJV"
F-HLLND-24-ILS-SLD,"0010KLL, 0010HLZ, 0010GZY, 0010KKT, 0010GYJ, 0010HLY, 0010HNY, 0010GXU, 0010HLH, 0010GZV, 0010GXV, 0010GYK, 0010KKR, 0010HNX, 0010JAM, 0010HNS, 0010ERU, 0010JAL, 0010KKY, 0010HNR, 0010JPK, 0010HMA, 0010HNV, 0010HNT, 0010KKS"
F-HLLND-36-ILS-SLD,"0010KKA, 0010KKV, 0010KKU"
F-HLLND-STA-5THWHL,"0010GWY, 0010HMU, 0010HKG, 0010HYV, 0010HCA, 0010JPU, 0010HMC, 0010JPV, 0010HYR, 0010HKS, 0010JPM, 0010JBJ, 0010HYU, 0010HKT, 0010HYS, 0010HNE, 0010GYA, 0010GYB, 0010GYD, 0010GYC, 0010HZL, 0010JAA, 0010GYZ, 0010HME, 0010HMD, 0010JPJ, 0010JPP, 0010HML, 0010GWZ"
F-HMX-EX-SUSP,"0014UMV, 0014URE, 0014UMT, 0014UMZ, 0014UMW, 0014UMX, 0014UMY"
F-HOLLAND-5THWHL,"0010KKT, 0010JAM, 0010GYZ, 0010HMD, 0010HJV, 0010JAL, 0010JPG, 0010GWY, 0010HMR, 0010KKY, 0010EGX, 0010KKM, 0010KLC, 0010JPJ, 0010HKT, 0010GYJ, 0010GZV, 0010KKS, 0010HLN, 0010HNR, 0010HYU, 0010HLU, 0010HNU, 0010HKS, 0010JPV, 0010HZL, 0010HZW, 0010GYB, 0010HYV, 0010JBJ, 0010GYH, 0010HNP, 0010GXV, 0010KLA, 0010HMA, 0010HNX, 0010HNT, 0010HLZ, 0010HNN, 0010HNV, 0010HNS, 0010HYS, 0010GYA, 0010GYC, 0010HNY, 0010KKN, 0010DZY, 0010HNE, 0010HMU, 0010JPS, 0010GYD, 0010JPU, 0010JPP, 0010JPH, 0010KKU, 0010HCA, 0010GYK, 0010KKP, 0010JPK, 0010GWZ, 0010HKZ, 0010HNL, 0010KLL, 0010HZA, 0010KKA, 0010HYR, 0010ERU, 0010HME, 0010HZY, 0010HLH, 0010HNW, 0010KKV, 0010GZY, 0010GYG, 0010HZX, 0010HNM, 0010KKR, 0010HLY, 0010GXU, 0010JPM"
F-HOLLAND-AIR-SLD,"0010JPH, 0010HNU, 0010HKL, 0010GXV, 0010HNY, 0010JAM, 0010HNL, 0010HJV, 0010EGX, 0010GYH, 0010GZV, 0010HJY, 0010JAL, 0010HLU, 0010HNR, 0010GYK, 0010KKP, 0010HNT, 0010KLA, 0010KKM, 0010HNN, 0010HKC, 0010DZY, 0010HNP, 0010GYJ, 0010GYG, 0010KKS, 0010HZY, 0010KLL, 0010HNM, 0010HNS, 0010HNV, 0010KKN, 0010KKA, 0010HLN, 0010JPS, 0010HNX, 0010HLC, 0010HLH, 0010HMA, 0010HLZ, 0010HKZ, 0010KKU, 0010KKT, 0010GZY, 0010HLY, 0010KLC, 0010HKD, 0010HZW, 0010ERU, 0010HJW, 0010GXU, 0010HNW, 0010HZX, 0010KKR, 0010HMR, 0010JPK, 0010HSZ, 0010HZA, 0010KKY, 0010KKV"
F-HOLLAND-ELITE-5THW,"0010JAL, 0010HNV, 0010JAM, 0010JPV, 0010ERU, 0010HNR"
F-HOSE-TENDER-POGO,"0004AAN, 0004XGJ, 0004AAL, 0004692, 0004AAM, 0004AAP"
F-HRZN-CAB-INT-TRIM,"0016VKR, 0016VVE, 0016VVC, 0016VKC, 0016VKB, 0016VKS, 0016VVB, 0016VKL, 0016VKH, 0016VKP, 0016VKN, 0016VKM, 0016VMG, 0016VLW, 0016VKG, 0016VKD, 0016VVD, 0016VKK, 0016VVK, 0016VKJ, 0016VKE"
F-HRZN-MIRROR-HEATED,"0016STL, 0016SNS, 0016STD, 0016SNV, 0016STH, 0016STP, 0016SPD, 0016SPJ, 0016SNP, 0016SSS, 0016SSN, 0016SSR, 0016STM, 0016SNM, 0016SNU, 0016SNR, 0016SST, 0016STJ, 0016SNN, 0016SSU, 0016SSP, 0016SNT, 0016STK"
F-HRZN-MIRRORS-CLOOP,"0016SSP, 0016SSS, 0016SST, 0016SNN, 0016SNP, 0016SRH, 0016SNL, 0016SSU, 0016SRG, 0016SRE, 0016STD, 0016SRJ, 0016SPJ, 0016SRD, 0016SNM, 0016SNR, 0016SSR, 0016SSN"
F-HRZN-MIRRORS-PDSTL,"0016STM, 0016STP, 0016SNS, 0016SNV, 0016SNU, 0016SNT"
F-HRZN-MIRRORS-POWER,"0016STJ, 0016STH, 0016SSR, 0016SST, 0016STP, 0016SNP, 0016STK, 0016SNR, 0016SNV, 0016STM, 0016STL, 0016SPD, 0016SNU, 0016SSS, 0016SNT, 0016SPJ, 0016SSU, 0016STD, 0016SNS"
F-HRZN-R-VIEW-MIRROR,"0016SSR, 0016STJ, 0016SNT, 0016SPD, 0016STM, 0016SSP, 0016STK, 0016SSS, 0016SSU, 0016SPJ, 0016STH, 0016SNV, 0016SNR, 0016SNM, 0016STD, 0016SRD, 0016SNU, 0016STP, 0016SST, 0016SNS, 0016STL, 0016SNP, 0016SSN, 0016SNL, 0016SNN"
F-HTD-MTZ-REAR-MIR,"0049EXD, 0049EJC, 0049DND, 0049EXG, 0049EHS, 0049DNG, 0049EHT, 0049EJY, 0049DNB, 0049EJM, 0049XAE, 0049DNE, 0049BRC, 0049EXL, 0049BEW, 0049EJS, 0049EJZ, 0049EXN, 0049EHH, 0049EHA"
F-HTD-NON-MTZ-RR-MIR,"0049EXK, 0049EHP, 0049EJW, 0049EJX, 0049EKA, 0049EHV, 0049EJV, 0049EXE, 0049EJB, 0049EHU, 0049EAB, 0049EHL, 0049EHN, 0049DMT, 0049EHM"
F-HTD-XVIEW-MIR,"0049NAH, 0049BRV, 0049BVJ, 0049MRM, 0049NBM, 0049GJR, 0049NBZ, 0049NCA, 0049MRL, 0049BVG, 0049EGM, 0049NBK, 0049EGN"
F-HTR-LFT-MID-1,"0048PMC, 0048PMD"
F-HTR-LFT-MID-2,"0048PMZ, 0048PNK"
F-HTR-RT-MID-1,"0048PMM, 0048PMN"
F-HTR-RT-MID-2,"0048PNL, 0048PNM"
F-HUB-MT-ALUM-FRTWHL,"0027DWZ, 0027DUT, 0027DBA, 0027DEM, 0027DWJ, 0027DKE, 0027DYA, 0027DWX, 0027DWM, 0027DUR, 0027DUV, 0027DVW, 0027DVA, 0027DYC, 0027DVP, 0027DYD, 0027DJH, 0027DVT, 0027DWD, 0027DVZ, 0027DVD, 0027DWT, 0027DUS, 0027DYM, 0027DYP, 0027DRC, 0027DWW, 0027DMZ, 0027DJJ, 0027DAZ, 0027DSG, 0027DRG, 0027DHK, 0027DVS, 0027DWG, 0027DVY, 0027DWU, 0027DAY, 0027DWE, 0027DWR, 0027DVC, 0027DBE, 0027DKG, 0027DWC, 0027DWY, 0027DYG, 0027DEL, 0027DBC, 0027DVB, 0027DYL, 0027DYJ, 0027DWH, 0027DWN, 0027DYN, 0027DYB, 0027DWL, 0027DJL, 0027DWS, 0027DWK, 0027DYK"
F-HUB-MT-ALUM-RRWHL,"0028DVW, 0028DVA, 0028DBG, 0028DYM, 0032DKK, 0028DUR, 0028DYK, 0032DWR, 0028DWW, 0032DKJ, 0028DYN, 0028DEL, 0028DWS, 0028DWM, 0028DWR, 0028DVT, 0028DYB, 0028DWL, 0028DWY, 0028DEM, 0028DBC, 0028DWK, 0032DWP, 0028DWT, 0028DUS, 0028DWV, 0028DYJ, 0032DSG, 0028DAZ, 0032DHK, 0028DEN, 0028DWJ, 0032DKH, 0028DWZ, 0028DYP, 0032DKG, 0028DBD, 0032DWN, 0028DYA, 0032DKE, 0028DYD, 0032DHY, 0032DWS, 0028DAJ, 0028DVZ, 0028DYL, 0028DYC, 0028DWU, 0032DKD"
F-HUB-MT-STL-FRTWHL,"0027DUP, 0027DUC, 0027DJN, 0027DYH, 0027DTE, 0027DYS, 0027DTT, 0027DUW, 0027DTU, 0027DYR, 0027DUZ, 0027DUY, 0027DUX, 0027DUJ, 0027DVU, 0027DPN, 0027DYT, 0027DPT, 0027DPS, 0027DUD, 0027DMA, 0027DYV, 0027DTB, 0027DVV, 0027DTD, 0027DUK, 0027DTA, 0027DPR, 0027DTX, 0027DYE, 0027DWB, 0027DTS, 0027DWP, 0027DJM, 0027DYU, 0027DUN, 0027DUL"
F-HUB-MT-STL-RRWHL,"0028DUL, 0028DJM, 0028DMA, 0028DVV, 0028DTX, 0028DTS, 0028DPS, 0028DTE, 0028DUD, 0028DTD, 0028DUY, 0028DUK, 0028DVU, 0028DTA, 0028DYH, 0032WAA, 0028DUX, 0028DTY, 0028DTT, 0032DYE, 0028DTU, 0032DPZ, 0028DTB, 0028DWP, 0028DPT, 0028DPR, 0028DJN, 0028DUP, 0028DUC, 0028DUZ, 0028DUW, 0032DYV"
F-HX-SUSP-XMBR-RELOC,0001WUY
F-IADB-FRT-AXLE,"0002AJU, 0002AJP, 0002AJN, 0002AVJ, 0002AKD, 0002AVH, 0002AJY, 0002AJX, 0002AKR, 0002AJT"
F-IMMI-SEAT,"0048YPW, 0048ZAJ, 0048YPZ, 0048YBL, 0048CMH, 0048YBK, 0048YPY, 0048YNR, 0048YPU, 0048YPX, 0048YRA, 0048YPV, 0048YBJ, 0048YRH, 0048YVE, 0048YRD, 0048YBP, 0048YBS, 0048YRC, 0048YVD, 0048YJN, 0048YRG, 0048YRB, 0048YBT, 0048DRA, 0048YRE, 0048YBR, 0048YGL, 0048YGJ, 0048YGH, 0048YGK, 0048YGM, 0048YHP, 0048YKY, 0048YKJ, 0048YRT, 0048YRU, 0048YRL, 0048YHR, 0048YHU, 0048YMG, 0048YRP, 0048YHS, 0048YRS, 0048YHT, 0048YHV, 0048YRJ, 0048YRR, 0048YRM, 0048YRN, 0048YRV, 0048YRK, 0048YPK, 0048HBP, 0048GUA, 0048GTT, 0048YPR, 0048YPP, 0048YPT, 0048YPS, 0048GXN, 0048YLG, 0048YHN, 0048YHM, 0048YHK, 0048YPG, 0048YHL, 0048YPD, 0048YPE, 0048YPH, 0048YPJ, 0048YSE, 0048YSC, 0048YLL, 0048YSB, 0048YGU, 0048YKE, 0048YSA, 0048YGT, 0048ZAN, 0048YGR, 0048YRX, 0048YRW, 0048YRY, 0048YSD, 0048YRZ, 0048YGP, 0048YMK, 0048YGN, 0048HEE, 0048YSN, 0048GYN, 0048YSM, 0048YSP, 0048YSJ, 0048YSL, 0048GYU, 0048YSK, 0048YSX, 0048YSU, 0048GYP, 0048YST, 0048HEH, 0048YSW, 0048YSV, 0048HEK, 0048YZP, 0048YZT, 0048GJU, 0048GJM, 0048YZW, 0048YZS, 0048GJV, 0048GJP, 0048GJR, 0048GZR, 0048YZR, 0048ZAA, 0048GJN, 0048YZV, 0048YZX, 0048YMV, 0048YZU, 0048YZY, 0048GJS, 0048GJT, 0048YZZ, 0048YYN, 0048GKC, 0048YYB, 0048YYP, 0048YYG, 0048YYM, 0048GJX, 0048YYD, 0048GJZ, 0048GKA, 0048GTS, 0048YYH, 0048YYL, 0048GSV, 0048YYC, 0048YYK, 0048GJY, 0048GTC, 0048GKB, 0048YYE, 0048GJW, 0048YYJ, 0048ZAG, 0048ZAE, 0048YPL, 0048HBG, 0048YSG, 0048HDZ, 0048YSH, 0048YPB, 0048DJP, 0048YPA, 0048DJU, 0048GNR, 0048YPM, 0048GPA, 0048GPB, 0048YSS, 0048YSR, 0048YXC, 0048HCY, 0048YXD, 0048HCX, 0048YWU, 0048YWS, 0048YWT, 0048HDK, 0048YWR, 0048XGK, 0048YYR, 0048XGP, 0048ZAP, 0048XGJ, 0048XGY, 0048XGH, 0048YYS, 0048XGL, 0048ZAH, 0048YYT, 0048HDL, 0048GLE, 0048GYD, 0048YXU, 0048YYA, 0048GLH, 0048YXW, 0048GLD, 0048YXR, 0048YXY, 0048YXT, 0048YXZ, 0048YXS, 0048GSU, 0048YXV, 0048GPM, 0048YXX, 0048GLJ, 0048GYE, 0048GLB, 0048YZK, 0048GLC, 0048GKZ, 0048YZH, 0048GKY, 0048GYG, 0048YZG, 0048GLA, 0048YZL, 0048YZD, 0048YZE, 0048YZM, 0048GZU, 0048YZJ, 0048YZN, 0048YTL, 0048YTN, 0048YTM, 0048YTR, 0048ZAK, 0048YTP, 0048YTK, 0048YTS, 0048YVM, 0048YVL, 0048YVP, 0048YVJ, 0048YVN, 0048YVH, 0048YVK, 0048YWN, 0048GMH, 0048YWL, 0048YWJ, 0048YWP, 0048YWM, 0048GMK, 0048GMG, 0048YWK, 0048YWX, 0048GMA, 0048GMC, 0048YWV, 0048YXA, 0048GMD, 0048GLZ, 0048YXB, 0048YWW, 0048YWY, 0048YWZ, 0048YTX, 0048YUM, 0048YUP, 0048YUA, 0048YUB, 0048YTU, 0048YTW, 0048GXD, 0048YTY, 0048GXC, 0048YUH, 0048YTV, 0048YUN, 0048YUJ, 0048GKM, 0048YUC, 0048GSS, 0048GTA, 0048HDX, 0048GKK, 0048YUK, 0048GNP, 0048GPC, 0048GSN, 0048GRA, 0048YTT, 0048HDM, 0048YUE, 0048GKJ, 0048YUL, 0048GYR, 0048GKL, 0048YTZ, 0048YUD, 0048GZD, 0048YUG, 0048YUR, 0048GXG, 0048YWD, 0048GKG, 0048YWH, 0048YWG, 0048GKD, 0048GNN, 0048GZX, 0048GKE, 0048YVX, 0048GRW, 0048YVV, 0048YWB, 0048YWC, 0048YVS, 0048GSP, 0048YVU, 0048GKH, 0048YVY, 0048YWE, 0048GSR, 0048YVR, 0048YVZ, 0048YWA, 0048YVT, 0048YVW, 0048GTL, 0048HEC, 0048YTG, 0048GZZ, 0048YTB, 0048YTD, 0048YTA, 0048YTE, 0048ZAT, 0048YTJ, 0048DPV, 0048YSZ, 0048YSY, 0048YTC, 0048YTH, 0048YUY, 0048YUU, 0048YVA, 0048YVC, 0048YVG, 0048YUS, 0048YVB, 0048DPW, 0048DHZ, 0048YUW, 0048YUX, 0048YUZ, 0048YUT, 0048HED, 0048YUV, 0048YXL, 0048YXH, 0048DNT, 0048YXK, 0048ZAL, 0048DKE, 0048YXP, 0048DKG, 0048YXM, 0048DKC, 0048ZAR, 0048DKD, 0048DPX, 0048YXN, 0048YXE, 0048YXJ, 0048YXG, 0048DPZ, 0048DJY, 0048YYX, 0048DKA, 0048DNS, 0048YZA, 0048YYU, 0048YYY, 0048YYV, 0048YYW, 0048DJZ, 0048YYZ, 0048DPY, 0048YZB, 0048DKB, 0048DNM, 0048DPK, 0048YZC, 0048DNJ, 0048ZAC, 0048ZAD, 0048ZAB, 0048YPC, 0048WEU, 0048GTX, 0048GTW, 0048GUD"
F-INDV-DRV-SEAT,"0016JYS, 0016JCJ, 0016KBL, 0016JNV, 0016KBH, 0016KVH, 0016KBA, 0016JCH, 0016LKB, 0016LSA, 0016KBU, 0016JCR, 0016KAG, 0016KCE, 0016HXD, 0016KCA, 0016KAU, 0016KBM, 0016KZT, 0016LWP, 0016JCK, 0016LJS, 0016HXB, 0016LWV, 0016JNY, 0016JYV, 0016LWL, 0016KBX, 0016KUM, 0016LWU, 0016KZY, 0016LWW, 0016KBY, 0016LRV, 0016KAT, 0016KVN, 0016LWK, 0016LRA, 0016KBC, 0016LWM, 0016KBD, 0016LJL, 0016KAV, 0016KBS, 0016LSC, 0016LRW, 0016JXC, 0016KZE, 0016LWX, 0016KZU, 0016KZZ, 0016KZV, 0016LKU, 0016KBZ, 0016LLR, 0016JPA, 0016LLE, 0016KZW, 0016LJP, 0016JCP, 0016JNZ, 0016KVL, 0016KBT, 0016JJE, 0016JYJ, 0016JYP, 0016LWR, 0016LSD, 0016KBG, 0016KZS, 0016JNT, 0016KBV, 0016KZX, 0016LKV, 0016LRX, 0016KVM, 0016KBB, 0016JPX, 0016KCB, 0016JPY, 0016KVY, 0016KVE, 0016LWZ, 0016JJD, 0016KUY, 0016KAK, 0016JJG, 0016KCD, 0016JHR, 0016JYM, 0016KBJ, 0016JYX, 0016KCC, 0016JPT, 0016KBE, 0016JXK, 0016KDH, 0016LWN, 0016JYN, 0016KBK, 0016JYL"
F-INDV-PASS-SEAT,"0016KCZ, 0016KVG, 0016LPL, 0016KDC, 0016KJC, 0016RXZ, 0016KDE, 0016KCX, 0016KCM, 0016LPM, 0016LUM, 0016SMM, 0016REM, 0016JAJ, 0016LPZ, 0016STC, 0016KCJ, 0016SRZ, 0016KCK, 0016PPZ, 0016RXP, 0016KCH, 0016SMR, 0016JJU, 0016PUS, 0016RPX, 0016SRM, 0016HYB, 0016KCV, 0016SRP, 0016SPH, 0016KCG, 0016LSM, 0016LHK, 0016RAN, 0016RAM, 0016RXE, 0016KCL, 0016PPH, 0016SRN, 0016PNX, 0016HYA, 0016PXH, 0016LDK, 0016KDA, 0016LTA, 0016SRS, 0016KDG, 0016KCW, 0016PPG, 0016RPV, 0016PPD, 0016LVK, 0016PUR, 0016KCY, 0016PPY, 0016SPG, 0016RAJ, 0016PPC, 0016SRR, 0016KCR, 0016LDX, 0016PPM, 0016SPE, 0016REY, 0016SRT, 0016LSL, 0016LGC, 0016SRU, 0016RAK, 0016LEP, 0016SRY, 0016PPN, 0016SRX, 0016KDD, 0016KCU, 0016LUN, 0016RAD, 0016HYE, 0016PPK, 0016SRL, 0016KCN, 0016LER, 0016LSN, 0016RXX, 0016LCZ, 0016KCT, 0016KDB, 0016KCP, 0016PXG, 0016KCS, 0016REJ, 0016LPG, 0016SMN"
F-INDV-REAR-SEAT,"0016PCU, 0016LJZ, 0016SPY, 0016PCS, 0016LKA, 0016PHR, 0016RDZ, 0016REA, 0016REB, 0016LJY, 0016JAH, 0016LJX, 0016RZU, 0016RZL"
F-INT-TRIM-DAY-CAB,"0016VLW, 0016VVB, 0016VKC, 0016VKL, 0016VKM, 0016VKK, 0016VKB, 0016VKD"
F-INT-TRIM-SLEEPER,"0016VVE, 0016VKR, 0016VKE, 0016VVD, 0016VKJ, 0016VKH, 0016VKP, 0016VKG, 0016VKN, 0016VVK, 0016VKS, 0016VVC"
F-INTL-2024-CBE1-ENG,"0012BGU, 0012BGV, 0012BGW, 0012BGX, 0012BGS, 0012BGT, 0012BGR"
F-INTL-2027-S13-ENG,"0012BGZ, 0012BHG, 0012BHK, 0012BHM, 0012BHD, 0012BHJ, 0012BGY, 0012BHH, 0012BHE, 0012BHA, 0012BHL, 0012BHB, 0012BHC"
F-INTL-4SPG-SUSP,"0014UNA, 0014670"
F-INTL-AIR-SUSP,"0014UNU, 0014UNS, 0014UNT, 0014URA, 0014UPZ"
F-INTL-GW-PTO,"0013HAP, 0013HAK, 0013HAM, 0013HAL, 0013HAN"
F-INTL-GW-PTO-RATIO,"0013HAY, 0013HAV, 0013HAU, 0013HAX, 0013HAW"
F-INTL-GW-TRANS,"0013HAH, 0013HAE, 0013HAA, 0013HAC, 0013HAB, 0013ZAG, 0013HAG, 0013HAJ, 0013HAD"
F-IROS-4X2-AIR-SUSP,"0014TBM, 0014TDV, 0014TBN, 0014TDG, 0014TBP, 0014TBL, 0014TBJ, 0014TBT, 0014TEC, 0014TEB, 0014TEH, 0014TBH, 0014TEG, 0014TEJ, 0014TDU, 0014TBS, 0014TDE"
F-IROS-6X4-AIR-SUSP,"0014UNT, 0014UNU, 0014UNS, 0014URA, 0014UPZ"
F-IROS-LP-AIR-SUSP,"0014TBN, 0014TDE, 0014TBM, 0014TBL"
F-IROS-TAN-52-SUSP,"0014UNU, 0014UPZ"
F-IROS-TAN-55-SUSP,"0014URA, 0014UNT"
F-IROS-TAN-60-SUSP,0014UNS
F-ISB-EURO3-ENG,"0012ENC, 0012ENA, 0012ENE, 0012END, 0012ENB"
F-ISB-EURO4-ENG,"0012EKP, 0012EKR, 0012EKN"
F-ISB-EURO5-ENG,"0012EGD, 0012EGB, 0012EGC"
F-ISL-EURO3-ENG,"0012EMT, 0012EMU, 0012EVR"
F-ISL-EURO5-ENG,"0012ELX, 0012ELT, 0012ELU, 0012ELV, 0012ELW"
F-ISM-EPA99-ENG,"0012NXM, 0012NXL, 0012NXK"
F-ISM-EUROIV-ENG,"0012ECJ, 0012ECS, 0012ECT"
F-ISM-EUROV-ENG,"0012ECL, 0012EHB, 0012EHA"
F-ISRI-DRV-SEAT,"0016LWV, 0016KZM, 0016LWU, 0016LWK, 0016LWM, 0016LWN, 0016LWX, 0016LWP, 0016LWR, 0016KDH, 0016LWL, 0016JXU, 0016KZN, 0016JXV"
F-ISRI-PASS-SEAT,"0016JXW, 0016SRT, 0016SRY, 0016KZP, 0016SRS, 0016SRP, 0016SRU, 0016SRR, 0016SRN, 0016JXX, 0016SRZ, 0016SRX, 0016KZR"
F-ISX-E3-CM2350,"0012EVS, 0012EVT, 0012EVV, 0012EVX, 0012EVU"
F-ISX-E3-CM2450,"0012GBS, 0012GBU, 0012GBT, 0012GBW, 0012GBV"
F-ISX-E6-CM2350,"0012EVJ, 0012EVG, 0012EVK, 0012EVH, 0012EVM, 0012EVL, 0012EVW"
F-ISX-E6-CM2450,"0012GDG, 0012GCD, 0012GCB, 0012GCA, 0012GBY, 0012GBZ, 0012GCC, 0012GBX"
F-ISX-EURO3-ENG,"0012EVS, 0012EVU, 0012GBS, 0012GBU, 0012EVX, 0012GBW, 0012EVV, 0012GBT, 0012GBV, 0012EVT"
F-ISX-EURO4-ENG,"0012YAK, 0012ENK, 0012CAY, 0012ENT"
F-ISX-EURO5-ENG,"0012ENP, 0012CKA, 0012ENM, 0012ETT, 0012ENL, 0012CKR, 0012ENN, 0012YAK, 0012ENU"
F-ISX-EURO6-ENG,"0012EVJ, 0012GBY, 0012GBX, 0012GBZ, 0012GCC, 0012EVK, 0012GCD, 0012EVG, 0012GCB, 0012EVW, 0012EVL, 0012GCA, 0012EVH, 0012GDG, 0012EVM"
F-JACKSHAFT,"0013TCP, 0013THT, 0013TBJ, 0013TBU, 0013TAA, 0013THP, 0013THJ, 0013TBY, 0013TGW, 0013TDW, 0013TBC, 0013THM, 0013TEV, 0013TEG, 0013TBG, 0013TAK, 0013TEB, 0013TGS, 0013TCM, 0013THC, 0013TBK, 0013TGD, 0013TGN, 0013TCB, 0013TAU, 0013TCX, 0013THA, 0013TCA, 0013TEY, 0013TCU, 0013TAP, 0013TEC, 0013TAX, 0013TEZ, 0013TCN, 0013TCL, 0013TEW, 0013TCR, 0013TBS, 0013TBZ, 0013TER, 0013TGL, 0013TES, 0013THD, 0013TGV, 0013THG, 0013TDZ, 0013TGH, 0013TAL, 0013TCW, 0013TEA, 0013TAV, 0013THR, 0013TGM, 0013TCZ, 0013TBD, 0013TEH, 0013TBL, 0013TCG, 0013TBH, 0013TEE, 0013TEK, 0013TGK, 0013TGU, 0013TGR, 0013TBM, 0013TGG, 0013TCD, 0013TED, 0013TET, 0013THH, 0013TCH, 0013TGX, 0013TEJ, 0013THN, 0013TBA, 0013TGE, 0013TDX, 0013TEL, 0013TGB, 0013TGA, 0013TCY, 0013TGZ, 0013THU, 0013TCJ, 0013TGY, 0013THE, 0013TGJ, 0013TCT, 0013TEN, 0013TBB, 0013TBT, 0013TEX, 0013TAD, 0013TEM, 0013TBW, 0013TGT, 0013TBE, 0013TGC, 0013TCV, 0013TEP, 0013THK, 0013TDY, 0013TEU, 0013TCS, 0013THL, 0013TCE, 0013THS, 0013THB, 0013TGP"
F-JAKE-EXH-BRAK,"0007SAM, 0007SAZ"
F-JAW-ELECT-R-5THWHL,"0010HLD, 0010HZY, 0010JBH, 0010JBD, 0010HSY, 0010HNS, 0010HNP, 0010HHN, 0010EKG, 0010HZV, 0010HNN, 0010HJV, 0010HLX, 0010JPM, 0010HLU, 0010HZW, 0010HHG, 0010JPR, 0010JPT, 0010EKJ, 0010HJX, 0010EKK, 0010JPV, 0010HLR, 0010HMC, 0010HLA, 0010GZV, 0010KKA, 0010ERU, 0010EKH, 0010HHB, 0010HHX, 0010JPP, 0010HKL, 0010HHH, 0010HLV, 0010JBG, 0010HJY, 0010EYK"
F-JAW-REL-5THWHL,"0010HLA, 0010HHX, 0010JBH, 0010EYK, 0010HKL, 0010HMC, 0010HLX, 0010HSY, 0010HHH, 0010HJY, 0010HLU, 0010HNN, 0010HLD, 0010JPP, 0010JPM, 0010HZV, 0010HNP, 0010KKA, 0010HNS, 0010HJX, 0010JBG, 0010HLV, 0010JPT, 0010ERU, 0010EKG, 0010HHB, 0010HLR, 0010HZW, 0010HHG, 0010EKH, 0010JPV, 0010EKK, 0010JBD, 0010HZY, 0010HHN, 0010HJV, 0010GZV"
F-JOST-12-SLD,"0010JAN, 0010EKC, 0010GYX, 0010JAH, 0010HCZ, 0010EKJ, 0010JBC, 0010HLR, 0010JAJ"
F-JOST-24-SLD,"0010HKJ, 0010HKK, 0010HJX, 0010HLJ, 0010HLD, 0010HLE, 0010HHA, 0010HMZ"
F-JOST-STA-5THWHL,"0010JPL, 0010JAX, 0010HKM, 0010JPN, 0010HKB, 0010HKP, 0010HKH, 0010HKA, 0010HJZ, 0010JBE, 0010HZJ, 0010JPT, 0010HKE, 0010HLV, 0010HCY, 0010HLA, 0010JAY, 0010HNG, 0010JPR, 0010HKN, 0010JAZ"
F-KO-LEFT-BOW-10,"0548137, 0548162, 0548123, 0548150"
F-KO-LEFT-BOW-11,"0548138, 0548163, 0548609, 0548124, 0548151"
F-KO-LEFT-BOW-12,"0548139, 0548164, 0548125, 0548152"
F-KO-LEFT-BOW-13,"0548140, 0548165, 0548126, 0548153"
F-KO-LEFT-BOW-14,"0548141, 0548127, 0548154"
F-KO-LEFT-BOW-4,"0548131, 0548117"
F-KO-LEFT-BOW-5,"0548132, 0548118, 0548145"
F-KO-LEFT-BOW-6,"0548133, 0548158, 0548119, 0548146"
F-KO-LEFT-BOW-7,"0548134, 0548159, 0548120, 0548147"
F-KO-LEFT-BOW-8,"0548135, 0548160, 0548121, 0548148"
F-KO-LEFT-BOW-9,"0548136, 0548161, 0548122, 0548149"
F-KO-RIGHT-BOW-10,"0548228, 0548255, 0548267, 0548242"
F-KO-RIGHT-BOW-11,"0548229, 0548256, 0548268, 0548243"
F-KO-RIGHT-BOW-12,"0548230, 0548257, 0548269, 0548244"
F-KO-RIGHT-BOW-13,"0548231, 0548258, 0548270, 0548245"
F-KO-RIGHT-BOW-14,"0548259, 0548246"
F-KO-RIGHT-BOW-4,"0548222, 0548236"
F-KO-RIGHT-BOW-5,"0548223, 0548250, 0548237"
F-KO-RIGHT-BOW-6,"0548224, 0548251, 0548263, 0548238"
F-KO-RIGHT-BOW-7,"0548225, 0548252, 0548239"
F-KO-RIGHT-BOW-8,"0548226, 0548253, 0548265, 0548240"
F-KO-RIGHT-BOW-9,"0548227, 0548254, 0548266, 0548241"
F-LDW-SYS-CAM,"0008TTG, 0008TVE"
F-LED-DOME-LIGHT,"0049BYL, 0049DMZ, 0049JBN, 0049JBR, 0049JGS, 0049BYN, 0049JCR, 0049BZL, 0049BYW, 0049BYX, 0049BYM, 0049JDD, 0049JDE, 0049DNA, 0049JBP, 0049JCH, 0049BYP"
F-LEECE-ALT->-120AMP,"0008GJE, 0008GWY, 0008GXB, 0008GXC, 0008GYA, 0008GXM, 0008GHV, 0008GXJ, 0008GXE, 0008GWZ, 0008GXH, 0008GXK, 0008GJD, 0008GHC, 0008GXN, 0008GHE, 0008GXD, 0008GXT, 0008GXG"
F-LH-CHASSIS-SKIRTS,"0016XSA, 0016XSU, 0016XRY, 0016XSD, 0016XSC, 0016XSG, 0016XSB, 0016XSL, 0016XST, 0016XSH, 0016XSJ, 0016XRZ"
F-LH-MIRRORS-HEATED,"0016SPD, 0016SPJ, 0016SLT, 0016SLC, 0016SLE, 0016SKX, 0016SNB"
F-LH-MIRRORS-LIGHTED,"0016SLE, 0016SKX, 0016SPD, 0016SLC, 0016SLT, 0016SPJ"
F-LH-MIRRORS-POWER,"0016SPD, 0016SLC, 0016SKX, 0016SLE, 0016SLT, 0016SPJ"
F-LH-PAINTED-SKIRTS,"0016XRY, 0016XSU, 0016XSA, 0016XSC"
F-LIFT-DOOR-MIDSHIP,0047DWS
F-LIFT-DR-AFT-ENT-DR,0047DWR
F-LIFT-DR-AFT-RR-WHL,0047DWP
F-LIFT-PSHR-RR-AXLE,"0014WNH, 0014WPP, 0014WNJ, 0014WNL, 0014WPM, 0014WPL, 0014WNZ, 0014WPS, 0014WNM, 0014WPN, 0014WNX, 0014WPU, 0014WLM, 0014WPJ, 0014WPT, 0014WPK, 0014WPR"
F-LIFT-RR-AXLE,"0014WCM, 0014WNX, 0014WPR, 0014WPT, 0014WPJ, 0014WNM, 0014WPU, 0014WPP, 0014WLM, 0014WPS, 0014WNJ, 0014WPL, 0014WPK, 0014WNL, 0014WPN, 0014WPM, 0014WNH, 0014WNZ, 0014WLR, 0014WNY, 0014WNK"
F-LIFT-TAG-RR-AXLE,"0014WLR, 0014WNK, 0014WNY"
F-LIGHTED-SKIRTS,"0016VZV, 0816SAM, 0016XJS"
F-LQD-SPG-SUSP,"0014TDM, 0014TDN, 0014TDR, 0014TDX, 0014TEE, 0014TDL, 0014TEA, 0014TDS, 0014TDZ, 0014TDW"
F-LSM-AIR-TANK-LOC,"0004VJE, 0004VKJ, 0004VKV, 0004VDU, 0004XEP, 0004VKG, 0004VMV, 0004VKZ, 0004VCY, 0004VLB, 0004VHJ, 0504615, 0004WZW, 0004VKX, 0004VHX, 0004VMU, 0004VHZ, 0004VLW, 0004VJS, 0504618, 0004VHW, 0504619, 0504602"
F-LSM-BOC-FUEL-TANK,"0015SZK, 0015SJU, 0015SSC, 0015SXX"
F-LSM-SGL-100GAL-TK,"0015SJR, 0015SES, 0015SET, 0015SHC, 0015STM, 0015SSK"
F-LSM-UNCAB-FUEL-TK,"0015SMD, 0015SSN, 0015SZY, 0015SXL, 0015SZJ, 0015SWJ, 0015SWH, 0015TAG, 0015SXN, 0015SHC, 0015SDK, 0015SJZ, 0015SSL, 0015SXK, 0015SBN, 0015SGJ, 0015SSG, 0015SWY, 0015TAB, 0015SMZ, 0015SSK, 0015SWK, 0015SRE, 0015SWD, 0015SGG, 0015SGD, 0015SVM, 0015SKS, 0015STM, 0015SZV, 0015TAC, 0015SWG, 0015SWU, 0015SSM, 0015SWE, 0015SJR, 0015TAE, 0015SXJ, 0015SGL, 0015SET, 0015SZX"
F-LT-AERO-BPR,"0001LSN, 0001LSP, 0001LSM, 0001LSR"
F-LT-MIC-AERO-BPR,"0001LSM, 0001LSP"
F-LT-PTD-AERO-BPR,"0001LSN, 0001LSR"
"F-LUG-COMP-18""-HIGH","0047EPW, 0047EUV, 0047ESL, 0047EUB, 0047ERR, 0047EPA, 0047ETH, 0047ERU, 0047EUX, 0047EUD, 0047EPC, 0047EPY, 0047ESN, 0047ETK, 0047EVN, 0047EUW, 0047EPH, 0047EVS, 0047EPB, 0047EVB, 0047ERY, 0047EST, 0047ERS, 0047ETP, 0047ESM, 0047EUJ, 0047ERC, 0047EUC, 0047EPZ, 0047EUY, 0047EPD, 0047ETT, 0047ESB, 0047EUM, 0047EVU, 0047ESW, 0047EVE, 0047ERV, 0047EVP, 0047ERG, 0047EPL, 0047EUK, 0047EVT, 0047ETR, 0047BHK, 0047EVC, 0047ESU, 0047EPJ, 0047ERZ, 0047ERT, 0047ERD, 0047EVV, 0047ETU, 0047EPE, 0047ESC, 0047ERH, 0047EPM, 0047EVG, 0047EUN, 0047ESX, 0047GAJ, 0047GAH, 0047GAG, 0047GAD, 0047GAE"
"F-LUG-COMP-20""-DEEP","0047EPW, 0047ETH, 0047EPA, 0047ESL, 0047EUB, 0047EUV, 0047ERR, 0047EUD, 0047ETK, 0047EPC, 0047ERU, 0047EUX, 0047ESN, 0047EPY, 0047ERS, 0047EUC, 0047BJD, 0047EVW, 0047ESM, 0047EXZ, 0047EVN, 0047EXY, 0047EPB, 0047PAJ, 0047EUP, 0047PDA, 0047EUW, 0047EXM, 0047EPD, 0047KDP, 0047ESZ, 0047ERV, 0047BJG, 0047EPZ, 0047EWD, 0047PCU, 0047EUY, 0047EVP, 0047EPN, 0047KDL, 0047ERT, 0047BHK, 0047EWC, 0047GAP, 0047EXU, 0047EXR, 0047EXN, 0047EXS, 0047EXP, 0047EXT, 0047EXB, 0047EXV, 0047EPE, 0047GAG, 0047GAJ, 0047GAH, 0047GAE, 0047GAD"
"F-LUG-COMP-22""-HIGH","0047ETB, 0047PDA, 0047ESE, 0047EXY, 0047EXM, 0047EVJ, 0047BJD, 0047EUR, 0047EUP, 0047ETW, 0047EVX, 0047PAJ, 0047EPR, 0047EVW, 0047ERK, 0047EXZ, 0047BJG, 0047ERN, 0047KDP, 0047EPU, 0047EUT, 0047EWD, 0047ETZ, 0047ESJ, 0047EPN, 0047EVL, 0047ETE, 0047PCU, 0047ESZ, 0047EVZ, 0047ERL, 0047KDL, 0047ESG, 0047EPS, 0047ETX, 0047EVK, 0047ETC, 0047EWC, 0047GAP, 0047EUS, 0047EVY, 0047EXU, 0047EXN, 0047EXR, 0047ESK, 0047EWA, 0047EXS, 0047EUU, 0047ETG, 0047ERP, 0047EXP, 0047EUA, 0047EPV, 0047EXB, 0047EVM, 0047EXT, 0047EXV"
"F-LUG-COMP-24""-DEEP","0047ERK, 0047ETW, 0047EVS, 0047GAK, 0047ERY, 0047EVX, 0047EUJ, 0047ETP, 0047EUR, 0047EPH, 0047ETB, 0047EPR, 0047EVB, 0047ERC, 0047EST, 0047EVJ, 0047ESE, 0047EUT, 0047ERG, 0047ESJ, 0047EVU, 0047GAM, 0047ERN, 0047ESW, 0047EPU, 0047EVL, 0047EPL, 0047EVZ, 0047ETE, 0047EUM, 0047EVE, 0047ESB, 0047ETT, 0047ETZ, 0047EVK, 0047EVC, 0047EUS, 0047ESG, 0047EVT, 0047EPS, 0047ERZ, 0047EVY, 0047EUK, 0047EPJ, 0047ETX, 0047ETR, 0047ERD, 0047GAL, 0047ERL, 0047ESU, 0047ETC, 0047ERP, 0047EVM, 0047EPV, 0047EUA, 0047ETU, 0047EWA, 0047EUU, 0047GAN, 0047ESC, 0047ETG, 0047ESX, 0047EVV, 0047EVG, 0047ERH, 0047EPM, 0047ESK, 0047EUN"
"F-LUG-COMP-24""-HIGH","0047GAK, 0047GAM, 0047GAL, 0047GAN"
F-LUG-COMP-LEFT-AFT,"0047EPA, 0047EPW, 0047ERR, 0047ESL, 0047ETH, 0047EUB, 0047EUV"
F-LUG-COMP-LEFT-BPR,"0047GAE, 0047GAD"
F-LUG-COMP-LEFT-FWD,"0047EVW, 0047ESM, 0047EST, 0047ERC, 0047PAJ, 0047EUC, 0047EPB, 0047BJD, 0047ETB, 0047EPH, 0047EPR, 0047EVN, 0047EVX, 0047EXZ, 0047PDA, 0047EUR, 0047ERS, 0047EUJ, 0047EXM, 0047EVS, 0047EXY, 0047GAK, 0047ESE, 0047EUP, 0047ETP, 0047EVJ, 0047EVB, 0047ERY, 0047EUW, 0047ERK, 0047ETW"
F-LUG-COMP-LEFT-MID,"0047ETC, 0047ETR, 0047EVT, 0047ESU, 0047ERZ, 0047EVK, 0047BHK, 0047EUK, 0047EWC, 0047EVC, 0047GAL, 0047EPS, 0047ETX, 0047EVY, 0047KDL, 0047ESG, 0047ERL, 0047EUS, 0047ERT, 0047EPJ, 0047GAP, 0047ERD"
F-LUG-COMP-RIGHT-AFT,"0047EPC, 0047EPY, 0047ERU, 0047ESN, 0047ETK, 0047EUD, 0047EUX"
F-LUG-COMP-RIGHT-BPR,"0047GAG, 0047GAH, 0047GAJ"
F-LUG-COMP-RIGHT-FWD,"0047EUY, 0047EPL, 0047ESW, 0047ERG, 0047ESZ, 0047ESB, 0047KDP, 0047ETZ, 0047EPZ, 0047EVZ, 0047EUT, 0047BJG, 0047PCU, 0047EVE, 0047EPU, 0047EVU, 0047EVP, 0047ESJ, 0047ERV, 0047EWD, 0047ETE, 0047EVL, 0047EUM, 0047EPN, 0047ETT, 0047ERN, 0047EPD, 0047GAM"
F-LUG-COMP-RIGHT-MID,"0047ETU, 0047EPM, 0047ERP, 0047ESX, 0047ESK, 0047EPE, 0047EXB, 0047EXT, 0047EPV, 0047EVG, 0047EXU, 0047ETG, 0047EXP, 0047EXR, 0047EUU, 0047EUA, 0047EXS, 0047EUN, 0047EWA, 0047ESC, 0047EXV, 0047GAN, 0047EVM, 0047EXN, 0047EVV, 0047ERH"
"F-LUG-LT-AFT-1-36""",0047EPA
"F-LUG-LT-AFT-1-44""",0047EPW
"F-LUG-LT-AFT-1-54""",0047ERR
"F-LUG-LT-AFT-1-66""",0047ESL
"F-LUG-LT-AFT-1-79""",0047ETH
"F-LUG-LT-AFT-1-87""",0047EUB
"F-LUG-LT-AFT-1-91""",0047EUV
"F-LUG-LT-AFT-20""-DP","0047EPA, 0047EPW, 0047ERR, 0047ESL, 0047ETH, 0047EUB, 0047EUV"
"F-LUG-LT-FWD-1-114""","0047EVX, 0047EVW, 0047GAK, 0047EVS, 0047EVN"
"F-LUG-LT-FWD-1-36""","0047PAJ, 0047EPH, 0047EPB, 0047EPR"
"F-LUG-LT-FWD-1-44""","0047ERC, 0047EXY, 0047ERK"
"F-LUG-LT-FWD-1-54""","0047EXZ, 0047ERS, 0047ERY, 0047ESE"
"F-LUG-LT-FWD-1-66""","0047ESM, 0047EST, 0047ETB, 0047BJD"
"F-LUG-LT-FWD-1-79""","0047ETW, 0047ETP, 0047EXM"
"F-LUG-LT-FWD-1-87""","0047EUC, 0047EUJ, 0047EUP, 0047EUR"
"F-LUG-LT-FWD-1-91""","0047EVB, 0047EUW, 0047PDA, 0047EVJ"
"F-LUG-LT-FWD-20""-DP","0047EUW, 0047ESM, 0047EXY, 0047BJD, 0047EXZ, 0047EUP, 0047EVW, 0047PAJ, 0047EPB, 0047ERS, 0047EVN, 0047EUC, 0047PDA"
"F-LUG-LT-MID-1-114""","0047GAL, 0047EVY, 0047EVT"
"F-LUG-LT-MID-1-36""","0047EPJ, 0047EPS"
"F-LUG-LT-MID-1-44""","0047ERD, 0047ERL, 0047KDL"
"F-LUG-LT-MID-1-54""","0047ERT, 0047ERZ, 0047GAP, 0047ESG"
"F-LUG-LT-MID-1-66""","0047ESU, 0047ETC"
"F-LUG-LT-MID-1-79""","0047ETR, 0047ETX, 0047EWC"
"F-LUG-LT-MID-1-87""","0047EUK, 0047EUS"
"F-LUG-LT-MID-1-91""","0047EVC, 0047EVK, 0047BHK"
"F-LUG-LT-MID-20""-DP","0047GAP, 0047EWC, 0047ERT, 0047KDL, 0047BHK"
"F-LUG-RT-AFT-1-36""",0047EPC
"F-LUG-RT-AFT-1-44""",0047EPY
"F-LUG-RT-AFT-1-54""",0047ERU
"F-LUG-RT-AFT-1-66""",0047ESN
"F-LUG-RT-AFT-1-79""",0047ETK
"F-LUG-RT-AFT-1-87""",0047EUD
"F-LUG-RT-AFT-1-91""",0047EUX
"F-LUG-RT-AFT-20""-DP","0047EPC, 0047EPY, 0047ERU, 0047ESN, 0047ETK, 0047EUD, 0047EUX"
"F-LUG-RT-FWD-1-114""","0047EVP, 0047EVZ, 0047GAM, 0047BJG, 0047EVU"
"F-LUG-RT-FWD-1-36""","0047EPD, 0047EPL, 0047EPN, 0047EPU"
"F-LUG-RT-FWD-1-44""","0047EPZ, 0047ERG, 0047ERN"
"F-LUG-RT-FWD-1-54""","0047ESB, 0047ERV, 0047ESJ, 0047PCU"
"F-LUG-RT-FWD-1-66""","0047ESW, 0047ESZ, 0047ETE"
"F-LUG-RT-FWD-1-79""","0047ETT, 0047ETZ"
"F-LUG-RT-FWD-1-87""","0047KDP, 0047EUM, 0047EUT"
"F-LUG-RT-FWD-1-91""","0047EUY, 0047EVE, 0047EVL, 0047EWD"
"F-LUG-RT-FWD-20""-DP","0047ESZ, 0047EPD, 0047EUY, 0047EWD, 0047EPZ, 0047BJG, 0047ERV, 0047KDP, 0047EVP, 0047EPN, 0047PCU"
"F-LUG-RT-MID-1-114""","0047EWA, 0047EVV, 0047EXV, 0047GAN"
"F-LUG-RT-MID-1-36""","0047EPE, 0047EPM, 0047EXB, 0047EPV"
"F-LUG-RT-MID-1-44""","0047ERP, 0047ERH, 0047EXP"
"F-LUG-RT-MID-1-54""","0047ESC, 0047EXN, 0047ESK"
"F-LUG-RT-MID-1-66""","0047ETG, 0047ESX, 0047EXR"
"F-LUG-RT-MID-1-79""","0047ETU, 0047EXS, 0047EUA"
"F-LUG-RT-MID-1-87""","0047EXT, 0047EUU, 0047EUN"
"F-LUG-RT-MID-1-91""","0047EVM, 0047EXU, 0047EVG"
"F-LUG-RT-MID-20""-DP","0047EPE, 0047EXB, 0047EXU, 0047EXS, 0047EXP, 0047EXN, 0047EXV, 0047EXT, 0047EXR"
F-LUGGAGE-RACK,"0047EMR, 0047EGB, 0047EEW, 0047EMV, 0047EMN, 0047EML, 0047EEX, 0047EMP, 0047EMU, 0047EMM, 0047EEZ, 0047EMS, 0047EMX, 0047EMZ, 0047EEY, 0047EEV, 0047EMT, 0047EGA"
F-MANL-TRANS,"0013GRB, 0013GPG, 0013HAD, 0013GYN, 0013GKZ, 0013GWP, 0013GWU, 0013GYC, 0013GMS, 0013GYL, 0013GKD, 0013HAG, 0013GZC, 0013GYD, 0013ZZZ, 0013GKJ, 0013GZD, 0013GKB, 0013HAE, 0013GYY, 0013HAJ, 0013GZZ, 0013GXC, 0013GYK, 0013GKL, 0013HAC, 0013GWX, 0013GHX, 0013GJS, 0013GXD, 0013GNA, 0013GMZ, 0013GJR, 0013GKE, 0013GYG, 0013GZB, 0013GWZ, 0013GZX, 0013GKC, 0013GXA, 0013GNG, 0013GJT, 0013GZA, 0013GYH, 0013GXH, 0013GWN, 0013HAH, 0013HAA, 0013GUN, 0013GKM, 0013GKA, 0013GHS, 0013GWW, 0013GHL, 0013GHW, 0013GMJ, 0013GYZ, 0013GZJ, 0013GWR, 0013HAB"
F-MANL-TRANS-LN>33IN,"0013GXU, 0013GYB, 0013GXA, 0013GKM, 0013HAD, 0013GXD, 0013GKA, 0013GWV, 0013GXC, 0013GNM, 0013GYG, 0013GNA, 0013HAC, 0013GYL, 0013GKJ, 0013GKL, 0013HAB, 0013GWN, 0013GZB, 0013GZA, 0013HAJ, 0013GYN, 0013GYZ, 0013GZD, 0013GJS, 0013GYK, 0013HAH, 0013GYH, 0013GWR, 0013GXV, 0013GZC, 0013GKE, 0013GYP, 0013GWU, 0013GKC, 0013GWX, 0013GWM, 0013GMZ, 0013GTJ, 0013GJR, 0013HAA, 0013GKD, 0013GHW, 0013GKB, 0013GWP, 0013HAG, 0013HAE, 0013GYC, 0013GHX, 0013GXH, 0013GYY, 0013GWZ, 0013GYD, 0013GWW"
F-MERITOR-AXLE-IADB,"0002AKR, 0002AJU, 0002AJT"
F-MERITOR-DCLD-AXLE,"0014HRZ, 0014GRS, 0014ANK, 0014GZA, 0014GWZ, 0014ANY, 0014AWT, 0014ANR, 0014GVR, 0014GTU, 0014HSB, 0014ARY, 0014HSA, 0014ERX, 0014ANZ, 0014ANT, 0014GVJ, 0014GZB, 0014HRM, 0014HSD, 0014GVM, 0014ARB, 0014ANL, 0014GVL, 0014GXR, 0014HRG, 0014AWE, 0014ARK, 0014APL, 0014HRL, 0014GYY, 0014ATZ, 0014HRH, 0014GKR, 0014GRP, 0014HRA, 0014ERY, 0014HRC, 0014GXJ, 0014ATX, 0014GVN, 0014GUV, 0014ASA, 0014GVK, 0014GWW, 0014GWY, 0014GYW, 0014AWU, 0014GTW, 0014ATG, 0014ATN, 0014HRE, 0014AWS, 0014HSC, 0014HRV, 0014HRD, 0014ANM, 0014ASD, 0014GXP, 0014GVP, 0014ANX"
F-MERITOR-DEEP-AXLES,"0002AYS, 0002AVE, 0002AVA, 0002AVB, 0002AVC"
F-MILITARY-RR-AXLES,"0M14A32, 0M14A26, 0M14A12, 0M14A24, 0M14A29, 0M14A19, 0M14A17, 0M14A05, 0M14A00, 0M14A10, 0M14A31, 0M14A02, 0M14A22, 0M14A08, 0M14A14, 0M14A13"
F-MOD-PANEL-AFT-DRVR,"0048YKM, 0048REP, 0048RHV"
F-MOD-PANEL-LT-1ST,0048RER
F-MOD-PANEL-LT-2ND,0048RES
F-MOD-PANEL-RT-1ST,0048REX
F-MOD-PANEL-RT-2ND,0048REY
F-MOD-PANEL-RT-3RD,0048REZ
F-MOD-PNL-AFT-ENT-DR,"0048RET, 0048YKN"
F-MOTR-REAR-MIRROR,"0049EXV, 0049EJS, 0049EHT, 0049EXG, 0049BRC, 0049EHS, 0049EHA, 0049DNG, 0049EXN, 0049EJC, 0049EYB, 0049EXD, 0049EJM, 0049EJR, 0049DND, 0049DNC, 0049DNB, 0049EJZ, 0049EXL, 0049XAE, 0049EJY, 0049DNE, 0049BEW, 0049DMU, 0049EHH"
F-MTZ-NONHTD-RR-MIR,"0049DMU, 0049EHG, 0049EHW, 0049EXV, 0049EJR, 0049EYB"
F-MUD-FLAP-HOLDERS,"0010WPT, 0010WHL, 0010WTA, 0010WRM, 0010WUG, 0010WPR, 0010WPU, 0010WHM, 0010WRL, 0010WRR, 0010WSR, 0010WPS, 0010WVX"
F-NATL-AIR-DRV,"0016HXB, 0016JPA, 0016KBY, 0016KZS, 0016KCD, 0016KBZ, 0016JYJ, 0016KCE, 0016KBH, 0016LRX, 0016KAK, 0016LRW, 0016JNT, 0016JXK, 0016KZE, 0016KZU, 0016KBL, 0016KBS, 0016JYX, 0016KBC, 0016LJL, 0016JHR, 0016KBA, 0016KBE, 0016JJD, 0016JNY, 0016JYS, 0016KBB, 0016KZV, 0016JYL, 0016JCP, 0016KCC, 0016JPX, 0016JYN, 0016KBU, 0016LRV, 0016JJE, 0016JXC, 0016KBV, 0016JCR, 0016JYM, 0016JYV, 0016JNZ, 0016KZY, 0016KZW, 0016HXD, 0016KZX, 0016KBT, 0016JPY, 0016LSC, 0016JNV, 0016KBG, 0016KCA, 0016KBJ, 0016KCB, 0016LLR, 0016LJS, 0016KZZ, 0016KBK, 0016LKU, 0016LSD, 0016KBD, 0016JYP, 0016KBM, 0016LSA, 0016JPT"
F-NFPA-SEATS,"0016PPZ, 0016PPY, 0016PPH, 0016LPG, 0016PPG, 0016JJG, 0016KVY, 0016JXK, 0016JJE"
F-NGV-10-RAILS,"0001CAJ, 0001CGA, 0001CGG"
"F-NGV-16""-DEEP-UC-TK","0015SGV, 0015SGK, 0015DYU, 0015DMN, 0015SGJ, 0015SVH, 0015DMZ, 0015SZJ, 0015DYT, 0015SCE, 0015DMW, 0015SZV, 0015SZY, 0015SVM, 0015SCD, 0015SWU"
"F-NGV-16""DEEP-BOC-TK",0015SSC
"F-NGV-19""-DEEP-UC-TK","0015TAG, 0015SGG, 0015DZA, 0015SGD, 0015SGE, 0015SXN, 0015SWY, 0015DYZ, 0015SBN, 0015SMD, 0015SDL, 0015SZX, 0015SME, 0015TAB, 0015SGH, 0015TAC, 0015DMV, 0015DYS, 0015TAE, 0015SDK, 0015SRE"
"F-NGV-19""DEEP-BOC-TK","0015SPS, 0015SZK, 0015SZZ, 0015SJU, 0015SNT, 0015SNU"
"F-NGV-23""-DEEP-UC-TK","0015SER, 0015SMR, 0015DMS, 0015SMG, 0015SEU, 0015SMN, 0015SET, 0015DMT, 0015SMJ, 0015SEZ, 0015DJS, 0015DJU, 0015SES, 0015DJT"
F-NGV-26IN-DIA-UC-TK,"0015SWE, 0015SWJ, 0015SWK, 0015SJN, 0015SHS, 0015DPK, 0015DRB, 0015DPM, 0015SJZ, 0015STM, 0015DPL, 0015SKS, 0015DPE, 0015SWG, 0015DPH, 0015SJR, 0015DYY, 0015DPR, 0015SJM, 0015SWD, 0015DPG, 0015DPJ, 0015DPP, 0015SJC, 0015SXL"
F-NGV-8.5-RAILS,0001CAB
F-NGV-9.5-RAILS,"0001CDT, 0001CEZ, 0001CAC, 0001CBE, 0001CEL, 0001CEM, 0001CAD, 0001CAH, 0001CBW, 0001CGN, 0001CAE, 0001CAG, 0001CBV, 0001CEK, 0001CGL, 0001CBU"
F-NGV-AIR-DRYER-LOC,"0004VGY, 0004VMD, 0004VKY, 0004VMJ, 0004VGA, 0004VJX, 0004VKC, 0004VLG, 0004VLS, 0004VKU, 0504397, 0004VLH, 0004VLU, 0004VMP, 0004VED, 0004VGG, 0004VBD, 0004VGT, 0004VHT, 0004VKB, 0004VMG, 0004VJR, 0004VLE, 0004VLV, 0004VEX, 0004VEU, 0504395, 0004VJN, 0004JDC, 0004VLM, 0004VKA, 0004VLJ, 0504396"
F-NGV-BATTERY-BOX,"0008XDZ, 0008WJN, 0008XGP, 0008XNP, 0008WEJ, 0008VUR, 0008VUW, 0008VTK, 0008XHJ, 0008VUK, 0008VUL, 0008VUV, 0008XJA, 0008XMH, 0008TTR, 0008VVH, 0008VVP, 0008WDB, 0008VUM, 0008XJZ, 0008XDU, 0008VTN, 0008WJJ, 0008VVG, 0008XHL, 0008XMK, 0008VUY, 0008VVE, 0008XMP, 0008VTR, 0008XKA, 0008VTJ, 0008VVS, 0008WEL, 0008VUJ, 0008VVR, 0008XHK, 0008VUZ, 0008VUN, 0008WEK, 0008XGJ, 0008TST, 0008XKB, 0008VUX, 0008WRG"
F-NGV-CAB-ACC,"0016ZHV, 0516004, 0016ZJC, 0016XTK, 0016ZJA, 0016XYV, 0016XTM, 0016VLT, 0016ZBT, 0016ZHY, 0516003, 0016XUH, 0016ZBX, 0016ZBU, 0016VBU, 0016ZBZ, 0016ZJB, 0516006, 0016ZBJ, 0516005"
F-NGV-FRAME-ACC,"0016ZGR, 0016ZHW, 0016ZHX, 0016ZJH, 0016ZHT, 0016ZJE, 0016ZHR, 0016ZHK, 0016ZHZ, 0016ZHU, 0016ZHM, 0016ZBV, 0016ZHH, 0016ZHL, 0016ZJJ, 0016ZJD"
F-NGV-FRT-DRV-AXLE,"0002GAB, 0002ESV, 0002EZZ, 0002GAJ, 0002ESA, 0002ESP, 0002GAM, 0002GAK, 0002GAC, 0002EWA, 0002EZY, 0002ESR, 0002GAL, 0002GAD, 0002EZX, 0002ERX, 0002GAE, 0002ETD"
F-NGV-LFE-CAB,0016AAK
F-NGV-POL-ALUM-TANK,"0015SDL, 0015STM, 0015DZX, 0015DPR, 0015SWY, 0015SDK, 0015DPG, 0015DPM, 0015SJN, 0015SMJ, 0015SVP, 0015SME, 0015SZV, 0015SXK, 0015DYM, 0015SVH, 0015DZA, 0015DTA, 0015SMN, 0015SMD, 0015DYU, 0015SHS, 0015DZY, 0015DPJ, 0015SMG, 0015DYK, 0015SXL, 0015SVS, 0015DYL, 0015SVU, 0015DYS, 0015DZZ"
F-NGV-RR-VIEW-MIRROR,"0016SLE, 0016SDT, 0016SKX, 0016SLT, 0016SNB, 0016SPD, 0016SPJ, 0016GAL, 0016SLC, 0016SNA, 0016SDU, 0016SNC"
F-NGV-SEAT-DRV-AIRSU,"0016LSA, 0016LWJ, 0016JYN, 0016LWR, 0016JPT, 0016KBB, 0016JYA, 0016KAG, 0016KBC, 0016KVN, 0016JYJ, 0016LJM, 0016KBZ, 0016LJS, 0016JPX, 0016JXL, 0016KZK, 0016KZD, 0016KAM, 0016KZN, 0016JYS, 0016KAT, 0016KAK, 0016KVE, 0016LRA, 0016KAN, 0016JCH, 0016KBV, 0016KBG, 0016KZM, 0016KZU, 0016KBY, 0016JYX, 0016KVL, 0016LWM, 0016LKZ, 0016KAS, 0016LLE, 0016JYL, 0016LRX, 0016JYP, 0016JYV, 0016JJG, 0016KZJ, 0016LWL, 0016LWN, 0016JXP, 0016HXD, 0016KDH, 0016HXB, 0016JXV, 0016JCJ, 0016JXK, 0016KBE, 0016LJP, 0016LLR, 0016KBL, 0016KVM, 0016JCP, 0016LKU, 0016KBX, 0016LWX, 0016JXC, 0016LKV, 0016LJL, 0016KBN, 0016JCR, 0016KCD, 0016KZS, 0016KVB, 0016KZZ, 0016KZT, 0016KVJ, 0016LWV, 0016JXY, 0016JXM, 0016KCA, 0016KBK, 0016LKB, 0016KZG, 0016KCE, 0016JCK, 0016KBJ, 0016JPY, 0016JXN, 0016JYM, 0016LWP, 0016LRV, 0016LSD, 0016KZW, 0016KUM, 0016KBR, 0016JNV, 0016KZX, 0016KZY, 0016KVY, 0016KBD, 0016KBM, 0016JJE, 0016JNY, 0016JXU, 0016KZV, 0016KBW, 0016LRW, 0016LWZ, 0016KCB, 0016JXZ, 0016LLK, 0016KBP, 0016KUZ, 0016JNT, 0016KBH, 0016LWU, 0016LWK, 0016JJD, 0016KBA, 0016KZE, 0016KVH, 0016KUT, 0016KUY, 0016LWW, 0016KAR, 0016KAP"
F-NGV-SEAT-NOAIRSUPP,"0016JHR, 0016KBU, 0016JNZ, 0016KCC, 0016KBT, 0016KBS, 0016JPA, 0016LSC"
F-NGV-SEAT-PASS-AIR,"0016KCK, 0016JXT, 0016KCT, 0016KJC, 0016JXX, 0016KDC, 0016LEP, 0016LVK, 0016RXX, 0016SRY, 0016KCU, 0016RBE, 0016KVG, 0016SPE, 0016SRU, 0016PNX, 0016PPN, 0016KDA, 0016RPX, 0016RXE, 0016PUP, 0016SRR, 0016KCV, 0016PUS, 0016LPL, 0016KCG, 0016RAK, 0016KCN, 0016KDE, 0016LPG, 0016RAD, 0016SSA, 0016RDW, 0016KDD, 0016KZP, 0016JYC, 0016LHK, 0016KCZ, 0016LGC, 0016JXW, 0016SRZ, 0016RWZ, 0016PPD, 0016PUN, 0016STC, 0016KCH, 0016KCJ, 0016REG, 0016PPC, 0016LER, 0016LSL, 0016REY, 0016RAJ, 0016KCX, 0016REH, 0016KDB, 0016LSN, 0016PPG, 0016LSM, 0016SRP, 0016SRX, 0016KCP, 0016KDG, 0016JXS, 0016SPH, 0016HYA, 0016RXZ, 0016LPZ, 0016PPM, 0016LDX, 0016JYB, 0016PUR, 0016RBC, 0016SPG, 0016KZR, 0016HYB, 0016PPK, 0016RBD, 0016RXP, 0016SRT, 0016RDY, 0016PPH, 0016JYD, 0016RPV, 0016JXR, 0016KCW, 0016KCS, 0016KCR, 0016HYE, 0016LPM, 0016SRN, 0016KCY, 0016SRS"
F-NGV-SLPR,"0016AUM, 0016AUN, 0016AUP, 0016AUS"
F-NO-IDLE-HEATER,"0016VTN, 0016VTW, 0016VTV, 0016VUR, 0016VSV"
F-NON-ENG-LANGUAGE,"0010WAW, 0010WAR, 0010WAS"
F-NONBRT-FR-ACC,"0016ZHR, 0016ZHL, 0016ZJH, 0016ZJJ"
F-NONDRV>12K-FRTAXLE,"0002AUZ, 0002AKN, 0002AVE, 0002AKJ, 0002AVD, 0002AJP, 0002AJG, 0002AJE, 0002ARY, 0002AKC, 0002ARZ, 0002AYT, 0002AJW, 0002AUL, 0002AKD, 0002AKP, 0002ATB, 0002ATN, 0002AUM, 0002AVC, 0002ARU, 0002ATG, 0002AUR, 0002AGC, 0002ATT, 0002AYL, 0002AVT, 0002AVX, 0002AKM, 0002AVB, 0002AJH, 0002AVW, 0002AEZ, 0002AKR, 0002AVY, 0002AYS, 0002AVS, 0002AKK, 0002AYK, 0002AYJ, 0002AST, 0002ARV, 0002AUK, 0002AVN, 0002ASM, 0002AKL, 0002AHX, 0002AKE, 0002AKH, 0002AVA"
F-NONPOL-FUEL-TNK,"0015ECN, 0015EAX, 0015SYY, 0015EAC, 0015ECD, 0015ECU, 0015SZB, 0015SXY, 0015EAM, 0015TAW, 0015EBY, 0015TBB, 0015SYD, 0015SYM, 0015SZW, 0015EAR, 0015EAK, 0015ECJ, 0015SYZ, 0015EBS, 0015EBE, 0015SYU, 0015EAE, 0015EAZ, 0015SYH, 0015TAT, 0015EAA, 0015EAH, 0015SYP, 0015EAT, 0015EBC, 0015TAU, 0015ECW, 0015SZU, 0015SYK, 0015TAY, 0015ECE, 0015SYX, 0015EAU, 0015HDJ, 0015SLN, 0015SYE, 0015SLM"
F-OIL-COOLER,"0013WCT, 0013WHL, 0013WAW, 0013703, 0013WLZ, 0013702, 0013WGJ, 0013WAN, 0013WEY, 0013WCU"
F-ONE-PUSHER-AXLE,"0014WLM, 0014WPS, 0014WPN, 0014WPU, 0014WNM, 0014WNH, 0014WPM, 0014WPJ, 0014WPD"
F-PAD-MTD-108MM-ALT,"0008GJS, 0008GJE, 0008GHP, 0008GXT, 0008GXM, 0008GJD, 0008GXC, 0008GXK, 0008GXJ, 0008GHZ, 0008GXD, 0008GHU, 0008GHC, 0008GXN, 0008GHE, 0008GXB, 0008GXG, 0008GXE, 0008GHV, 0008GXH, 0008GYA"
F-PAD-MTD-126MM-ALT,"0008GHW, 0008GWZ, 0008GHK, 0008GWY, 0008GGG, 0008GHJ, 0008GHY, 0008GJT"
F-PAD-MTD-ALT,"0008GHZ, 0008GXD, 0008GXM, 0008GXG, 0008GJT, 0008GHV, 0008GXE, 0008GHP, 0008GXJ, 0008GJS, 0008GXH, 0008GYA, 0008GXT, 0008GHC, 0008GHJ, 0008GXN, 0008GHK, 0008GXC, 0008GHE, 0008GJE, 0008GJP, 0008GJD, 0008GXK, 0008GWZ, 0008GJR, 0008GXB, 0008GWY, 0008GGG, 0008GHY, 0008GHU"
F-PAS-SEAT-LT-2LEG30,"0048SAX, 0048SAR, 0048SAS, 0048SAT, 0048SAE, 0048SAH, 0048SAJ, 0048SAK, 0048SAL, 0048SAM, 0048SAN, 0048SAP"
F-PAS-SEAT-LT-2LEG36,"0048SCM, 0048SCN, 0048SCP, 0048SCR, 0048SCS, 0048SCT, 0048SCU, 0048SCV, 0048SCW, 0048SCX, 0048SCY, 0048SCZ"
F-PAS-SEAT-LT-2LEG39,"0048SDT, 0048SDU, 0048SDV, 0048SDW, 0048SDH, 0048SDJ, 0048SDK, 0048SDL, 0048SDM, 0048SDN, 0048SDP, 0048SDR, 0048SDS"
F-PAS-SEAT-LT-2LEG45,"0048SEP, 0048SER, 0048SEM, 0048SEN"
F-PAS-SEAT-LT-4LEG36,0048SPA
F-PAS-SEAT-LT-4LEG39,0048SRA
F-PAS-SEAT-RT-2LEG30,"0048SGA, 0048SGL, 0048SGM, 0048SGN, 0048SGP, 0048SGB, 0048SGC, 0048SGD, 0048SGE, 0048SGG, 0048SGH, 0048SGJ, 0048SGK"
F-PAS-SEAT-RT-2LEG36,"0048SJN, 0048SJP, 0048SJA, 0048SJB, 0048SJC, 0048SJD, 0048SJE, 0048SJG, 0048SJH, 0048SJJ, 0048SJK, 0048SJL, 0048SJM"
F-PAS-SEAT-RT-2LEG39,"0048SKP, 0048SKR, 0048SKA, 0048SKB, 0048SKC, 0048SKD, 0048SKE, 0048SKG, 0048SKH, 0048SKJ, 0048SKK, 0048SKL, 0048SKM, 0048SKN"
F-PAS-SEAT-RT-4LEG39,0048SWA
F-PASS-NFPA-SEATS,"0016PPZ, 0016PPH, 0016LPG, 0016PPG, 0016PPY"
F-PAX-TAN-54-SUSP,"0014URG, 0014URH"
F-PAX-TAN-56-SUSP,"0014UPY, 0014UNX, 0014UPL, 0014UPV, 0014UPS, 0014UPX"
F-PAX-TAN-61-SUSP,"0014UPW, 0014UNY, 0014UPU"
F-PAX-TAN-73-SUSP,0014UNW
F-PHLLPS-LG-QCS2-SKT,0008WUD
F-PHLLPS-LG-ZINC-SKT,"0008WKP, 0008WSR, 0008WJH, 0008WSS, 0008WCM"
F-PHLLPS-WTM2-PLUG,"0008WUD, 0008WSR, 0008WSS"
F-PHLLPS-ZINC-PLUG,"0008WCM, 0008WSS, 0008WSR, 0008WKP"
F-PINTLE-HOOK,"0001WRK, 0001WRL, 0001WTA, 0001WSP, 0001VAL, 0001WSR, 0001WSZ, 0001WXY"
F-PNEUMATIC-FAN-DRI,"0012THJ, 0012TKY, 0012THT"
F-PO-LEFT-QTY-1,"0048BAG, 0048BAA, 0048DNZ"
F-PO-LEFT-QTY-2,"0048BAH, 0048DNY"
F-PO-LEFT-QTY-3,"0048BAJ, 0048DPC"
F-PO-LEFT-QTY-4,0048BAK
F-PO-LEFT-QTY-6,0048CXK
F-PO-RIGHT-QTY-1,"0048DPB, 0048BKA, 0048BKN"
F-PO-RIGHT-QTY-2,"0048BKP, 0048DPA"
F-PO-RIGHT-QTY-3,"0048BKR, 0048DPD"
F-PO-RIGHT-QTY-4,0048BKS
F-PO-WIN-LEFT-ALL,"0048BAH, 0048CXK, 0048DNY, 0048DNZ, 0048DPC, 0048BAJ, 0048BAG, 0048BAA, 0048BAK"
F-PO-WIN-LEFT-VERT,"0048BAG, 0048DNY, 0048CXK, 0048BAJ, 0048BAH, 0048DPC, 0048BAK, 0048DNZ"
F-PO-WIN-OVAL-LEFT,"0048UYH, 0048CMU, 0048AWD, 0048BNM, 0048UGS, 0048BPS, 0048BHA, 0048BHB, 0048BHC, 0048ABM, 0048AWR, 0048CVN, 0048TYH, 0048ULW, 0048AWX, 0048BNN, 0048BPG"
F-PO-WIN-OVAL-RIGHT,"0048BHE, 0048BMU, 0048AWA, 0048CMV, 0048BTC, 0048BMT, 0048ABN, 0048AWY, 0048BHG, 0048CVP, 0048BHD, 0048UYJ, 0048ULV, 0048BSG, 0048BPT, 0048UGT, 0048TYJ"
F-PO-WIN-RIGHT-ALL,"0048BKP, 0048CXL, 0048DPD, 0048BKS, 0048DPA, 0048BKR, 0048BKA, 0048DPB, 0048BKN"
F-PO-WIN-RIGHT-VERT,"0048DPA, 0048BKR, 0048BKP, 0048BKN, 0048CXL, 0048BKS, 0048DPD, 0048DPB"
F-POL-FUEL-TNK,"0015EBN, 0015EAB, 0015EBD, 0015TBA, 0015SYL, 0015TAX, 0015EAJ, 0015SLP, 0015EAW, 0015TAZ, 0015EAL, 0015SYG, 0015SED, 0015EAY, 0015SYJ, 0015EAD, 0015EAG, 0015SYN, 0015ECA, 0015EAS, 0015EBG, 0015SYC, 0015ECC, 0015HDH"
F-POT-FLYWHL-CLUCH,0011LEA
F-PRIMAAX-4X2-SUSP,"0014TBZ, 0014TCL, 0014TDT, 0014TCZ, 0014TCJ, 0014TDK, 0014TDY"
F-PRIMAAX-6X4-SUSP,"0014UPX, 0014URG, 0014UPU, 0014UPY, 0014URH, 0014UPV, 0014UNW, 0014UPL, 0014UPS, 0014UNY, 0014UPW, 0014UNX"
F-PTO-LOCATION,"0013XAV, 0013XAN, 0013XAL, 0013XAR, 0013XAM, 0013XAK, 0013XAP, 0013XAS, 0013XAJ, 0013XAT, 0013XAU, 0013XBH"
F-PUSHOUT-WINDOW,"0048UYJ, 0048DPA, 0048BKP, 0048BHD, 0048BKA, 0048BPT, 0048TYJ, 0048BMT, 0048ULV, 0048BKN, 0048CMV, 0048AWY, 0048BSG, 0048UGT, 0048CXL, 0048DPD, 0048BTC, 0048BKS, 0048ABN, 0048AWA, 0048BHG, 0048BHE, 0048BKR, 0048CVP, 0048BMU, 0048DPB, 0048CXK, 0048UGS, 0048UYH, 0048BAG, 0048AWX, 0048BNN, 0048AWR, 0048DPC, 0048ULW, 0048BAK, 0048CMU, 0048BHA, 0048DNY, 0048CVN, 0048BPG, 0048TYH, 0048BAH, 0048BPS, 0048BHB, 0048BHC, 0048BAA, 0048BNM, 0048AWD, 0048BAJ, 0048ABM, 0048DNZ"
F-PWR-INVERTER,"0008XDM, 0008XJX, 0008XPR, 0008XLD, 0008XPS, 0008XPV, 0008XRW"
F-PWR-STRG,"0005PUB, 0005PSL, 0005PRJ, 0005PUA, 0005PSG, 0005PSD, 0005PRG, 0005PRP, 0005PXA, 0005PRR, 0005PUC, 0005PRL, 0005PXC, 0005PSP, 0005PRV, 0005PSE, 0005PUM, 0005PTB, 0005PXB, 0005PSC, 0005PUE, 0005PSA, 0005PSS, 0005PSM, 0005PUD"
F-PWR-TRLR-SCKT,"0008WUD, 0008TWL, 0008WJH, 0008XSA, 0008TWG, 0008WKP, 0008WCM, 0008WSR, 0008WSS, 0008TWJ"
F-QTR-FENDER,"0010WTR, 0009505, 0010WWV"
F-R-WHLEND-RRAXLE,"0014GLD, 0014BAH, 0014AKP, 0014AHL, 0014ASA, 0014AKS, 0014GXJ, 0014GYY, 0014GWV, 0014GTS, 0014BAJ, 0014BAB, 0014APA, 0014GVZ, 0014GKE, 0014AKY, 0014GKP, 0014ERZ, 0014GXY, 0014ANL, 0014GLB, 0014BAA, 0014GKM, 0014ATX, 0014GZE, 0014GZD, 0014GVX, 0014ANW, 0014GVJ, 0014HRV, 0014BAE, 0014AHE, 0014GVK, 0014AWB, 0014AWW, 0014ANN, 0014AKH, 0014CVC, 0014ANZ, 0014GHE, 0014GVR, 0014AKR, 0014GJT, 0014GVL, 0014GYA, 0014GKL, 0014AWC, 0014AKB, 0014HSD, 0014GKG, 0014BAG, 0014GKU, 0014GKH, 0014GKR, 0014ERY, 0014CVB, 0014GXC, 0014APT, 0014GXZ, 0014ANK, 0014GYS, 0014AJZ, 0014GVG, 0014ANM, 0014GKY, 0014GXB, 0014AHK, 0014GVM, 0014AKX, 0014APV, 0014AKT, 0014AKW, 0014GXP, 0014GYC, 0014GKS, 0014ANY, 0014AWL, 0014HSH, 0014AWJ, 0014GKW, 0014HSC, 0014GYB, 0014GLA, 0014CDL, 0014GVN, 0014ARZ, 0014ANV, 0014AWN, 0014GWW, 0014APD, 0014GLC, 0014AHG, 0014ANX, 0014CDP, 0014GVP, 0014GKV, 0014AKN, 0014GWZ, 0014GJW, 0014GVU, 0014AKV, 0014GXX, 0014GVY, 0014AKL, 0014GXR, 0014GKJ, 0014GWY, 0014GXA, 0014GVD, 0014GKX, 0014AWK, 0014BAC, 0014GKN, 0014GZA, 0014GZB, 0014GVH, 0014ATN, 0014AWE, 0014GZC, 0014AKZ, 0014ERW, 0014GKZ, 0014HSG, 0014GKK, 0014AWD, 0014HRW, 0014GTW, 0014CVG, 0014GKT, 0014AWM, 0014GYD, 0014GVE"
F-RCKIN-SGL-RRAXLE,"0014AKD, 0014ANN, 0014ANY, 0014AKJ, 0014ATZ, 0014ASD, 0014APL, 0014AWE, 0014ANV, 0014ERB, 0014ATY, 0014ANU, 0014ANW, 0014ASK, 0014AWS, 0014ANT, 0014ANM, 0014AKM, 0014ANH, 0014ARB, 0014ASB, 0014AKG, 0014ANL, 0014AWT, 0014ARK, 0014AKE, 0014ERU, 0014APJ, 0014ATN, 0014ATX, 0014AKN, 0014ANZ, 0014ERY, 0014051, 0014APT, 0014AKH, 0014APA, 0014ANP, 0014AKL, 0014ASA, 0014AWP, 0014ANX, 0014ASC, 0014ANR, 0014APV, 0014ANG, 0014ANK, 0014APU, 0014ATG, 0014ERZ, 0014AWV, 0014ATE, 0014ANS, 0014ARZ, 0014APH, 0014ARX, 0014AWU, 0014APD, 0014AKK, 0014ERX, 0014ARY"
F-RCKIN-TDM-RRAXLE,"0014HSC, 0014GVR, 0014GVN, 0014HRD, 0014HRM, 0014GVP, 0014GWV, 0014GVY, 0014GZE, 0014GWY, 0014GYY, 0014GUV, 0014GTS, 0014GVG, 0014GXB, 0014GZC, 0014HRG, 0014GWW, 0014GXA, 0014GVD, 0014HRB, 0014HRA, 0014HRL, 0014GVU, 0014GRP, 0014GVM, 0014GRD, 0014HSD, 0014GKR, 0014HSG, 0014HRC, 0014HRZ, 0014HRH, 0014GWZ, 0014GZA, 0014HRV, 0014HSB, 0014HSH, 0014GVL, 0014GRR, 0014GVZ, 0014GXR, 0014GTW, 0014GXC, 0014HSA, 0014GTT, 0014GRJ, 0014GVX, 0014GVJ, 0014GZD, 0014GRS, 0014GVH, 0014GVE, 0014GVK, 0014GXJ, 0014GTU, 0014HRE, 0014HRW, 0014GYS"
F-REAR-STOP-ARM,"0049EMV, 0049AKM, 0049EMW, 0049ELR, 0049ELE, 0049EKW, 0049ENB, 0049EKX, 0049ELG, 0049EMZ, 0049ENC, 0049BAV, 0049EKV, 0049ELJ, 0049ELT, 0049ENA, 0049EKY, 0049ELH, 0049ELK, 0049BWG"
F-RMT-SNS-ALT,"0008GHK, 0008GHY, 0008GXT, 0008GXK, 0008GHZ, 0008GHJ, 0008GXN, 0008GHU, 0008GXC, 0008GJT, 0008GXD, 0008GXB, 0008GYA, 0008GJS, 0008GHP, 0008GGG, 0008GHE, 0008GXE"
F-ROOF-HATCH-CENTER,"0048GJL, 0048CNA, 0048SXV, 0048UZW"
F-ROOF-HATCH-CENTER1,"0048UZW, 0048SXV, 0048CNA"
F-ROOF-HATCH-FRT,"0048UCP, 0048SYT, 0048USA, 0048UZR, 0048DGW, 0048UJN, 0048UZS, 0048UYU, 0048UDY, 0048PZP, 0048UZN, 0048CSV, 0048UZP, 0048RZY"
F-ROOF-HATCH-REAR,"0048UYV, 0048SZG, 0048UJP, 0048UCR, 0048CSW, 0048USB, 0048UZV, 0048UZU, 0048UDZ, 0048PZR, 0048UZT"
F-RPM-ALL-MODULES,"0060AAD, 0060AJM, 0060ALN, 0060AED, 0060ADP, 0060ALY, 0060ADL, 0060ADU, 0060AEE, 0060ADZ, 0060AAP, 0060AEH, 0060AER, 0060AEB, 0060ADV, 0060AAK, 0060ALX, 0060AEN, 0060AEU, 0060AAH, 0060AAG, 0060AEG, 0060ALS, 0060ADT, 0060ADW, 0060ALR, 0060ADX, 0060AEJ, 0060ALW, 0060AEC, 0060AEA, 0060AAA, 0060ADM, 0060ALV, 0060AAJ, 0060AAL, 0060ADR, 0060ALZ, 0060ABS, 0060ALP, 0060ADY, 0060ADN, 0060AMA, 0060ADS, 0060AJL, 0060AET, 0060AAB, 0060AES, 0060AEK, 0060ALM, 0060ALT"
F-RPM-INSIDE-CAB,"0060ADX, 0060ADY, 0060AMA, 0060ALX, 0060AJM, 0060ADW, 0060AAK, 0060AAP, 0060ADM, 0060ADU, 0060ADS, 0060AAJ, 0060AAH, 0060AJL, 0060ALV, 0060ADV, 0060AEU, 0060ALY, 0060AAG, 0060ADR, 0060AAL, 0060ALW, 0060ALZ, 0060ADT, 0060ADP, 0060ADN, 0060ABS, 0060ADL"
F-RR-AIR-DISC-BRK,"0004XCN, 0004XCK, 0004XGR, 0004XGT, 0004XCP, 0004XGM"
F-RR-AIR-DRUM-BRAKE,"0004XDB, 0004XDN, 0004XDS, 0004XDR, 0004XCT, 0004XEN, 0004XCY, 0004XDU, 0004XDJ, 0004XDG, 0004XDM, 0004XDA, 0004XDH, 0004XCZ, 0004XDE"
F-RR-BENCH-SEAT,"0016SMT, 0016SMV, 0016KAY, 0016SMU"
F-RR-HYD-DISC-BRAKE,"0004XCV, 0004XCX"
F-RR-SGL-AXLE->=29K,"0014ERB, 0014ASC, 0014AHH, 0014ERU, 0014ASB, 0014AWV, 0014AKU, 0014AWT, 0014AJY, 0014AHJ, 0014AWU, 0014ASD"
F-RR-SGL-SUSP->=29K,"0014SCD, 0014TDC, 0014TBU, 0014SAL, 0014TBX, 0014VAJ, 0014TED"
F-RRAXL->15.5K-<=19K,"0014AKP, 0014AWC, 0014ANH, 0014ANR, 0014AHP, 0014AKL, 0014AGE, 0014AJH, 0014AGM, 0014ANT, 0014ANS, 0014ANL, 0014AKK, 0014AKH, 0014AWB, 0014AJG, 0014ANM, 0014AGA, 0014AHM, 0014ANP, 0014AKG"
F-RRAXLE-75W-85-LUBE,"0014WNP, 0014WNR, 0014WPB, 0014WNT, 0014WNS"
F-RRAXLE-75W-90-LUBE,"0014WMH, 0014WMN, 0014WMJ, 0014WMK, 0014WMZ, 0014WMG"
F-RRAXLE->21K-<=23K,"0014CVC, 0014ASK, 0014CDE, 0014ARK, 0014AWE, 0014ARB, 0014ANZ, 0014AKX, 0014ARY, 0014AHE, 0014AWW, 0014AKY, 0014ATX, 0014BAH, 0014AHG, 0014ERW, 0014APD, 0014AEY, 0014BAE, 0014AEW, 0014051, 0014ARX, 0014APA, 0014AHW, 0014ERZ, 0014AKS, 0014ERY, 0014AKZ, 0014AWL, 0014AWK, 0014AWN, 0014CDP"
F-RRAXLE->23K-<=45K,"0014ATN, 0014ASB, 0014AWV, 0014ASD, 0014AHL, 0014ASC, 0014AHK, 0014AWS, 0014AKU, 0014ASA, 0014ARZ, 0014AJY, 0014AWT, 0014AHJ, 0014CVG, 0014AWP, 0014ERU, 0014AWM, 0014ERB, 0014AHH, 0014AWU"
F-RRAXLE->40K-<=46K,"0014GLD, 0014GJT, 0014GLB, 0014GKP, 0014GKN, 0014GKZ, 0014GKK, 0014GLA, 0014GRD, 0014HRB, 0014GYY, 0014HRM, 0014HRC, 0014HRW, 0014HRL, 0014HRH, 0014GKY, 0014HRD, 0014GLC, 0014GGU, 0014GRP, 0014GRS, 0014GKE, 0014GKM, 0014GGV, 0014HRE, 0014HRA, 0014GKL, 0014GKJ, 0014GRR"
F-RRAXLE->46K-<=80K,"0014GTW, 0014GRJ, 0014HSA, 0014HSH, 0014HSG, 0014HSD, 0014GTS, 0014GTU, 0014GJW, 0014HRG, 0014GKR, 0014HRZ, 0014HSB, 0014GUV, 0014GTT"
F-RRAXLE->=40K,"0014BAB, 0014GRP, 0014GXJ, 0014GZD, 0014GJT, 0014GHE, 0014GWZ, 0014GKE, 0014GXX, 0014GKY, 0014GTU, 0014HSB, 0014GXP, 0014GKG, 0014HSG, 0014HRH, 0014GXR, 0014HRZ, 0014GRJ, 0014GKL, 0014GVE, 0014HRL, 0014HRE, 0014GRS, 0014GKJ, 0014GVH, 0014GWV, 0014HRM, 0014GLD, 0014GVP, 0014GWY, 0014GZB, 0014GVJ, 0014GVL, 0014GYD, 0014GTW, 0014GVK, 0014GXA, 0014GKK, 0014GYB, 0014HSH, 0014GYA, 0014GVX, 0014GYS, 0014GVZ, 0014GZC, 0014HSC, 0014GXY, 0014GVN, 0014GVR, 0014GYY, 0014HRW, 0014GKP, 0014HRA, 0014GXB, 0014HRG, 0014HRV, 0014HSD, 0014GXZ, 0014GLA, 0014GTS, 0014GVG, 0014GKM, 0014GZE, 0014GVY, 0014HRD, 0014GVM, 0014GVD, 0014GKZ, 0014GKH, 0014GLB, 0014GLC, 0014HRC, 0014GKN, 0014GJW, 0014GUV, 0014HSA, 0014GKR, 0014GWW, 0014GVU, 0014HRB, 0014GTT, 0014GYC, 0014GRR, 0014GRD"
F-RRAXLE->=44K,"0014HSA, 0014GRP, 0014GTW, 0014GTS, 0014GTU, 0014GKN, 0014GYY, 0014GKP, 0014HRW, 0014HRA, 0014HRG, 0014HRZ, 0014GKE, 0014GRD, 0014HSH, 0014GKM, 0014GKL, 0014HRB, 0014HRM, 0014HSB, 0014HSG, 0014HRH, 0014GRJ, 0014HRE, 0014GKR, 0014GKJ, 0014GRR, 0014GUV, 0014GKY, 0014GLD, 0014GKH, 0014GLA, 0014HRD, 0014GJT, 0014GJW, 0014GTT, 0014HRL, 0014GKZ, 0014GLB, 0014HSD, 0014GRS, 0014GKK, 0014HRC, 0014GLC"
F-RRAXLE->=45K,"0014GRS, 0014HRD, 0014GTT, 0014GRP, 0014GKN, 0014GJW, 0014HSD, 0014HRH, 0014GKR, 0014HRE, 0014GTS, 0014HRC, 0014HSB, 0014HRG, 0014HRA, 0014HSH, 0014GKH, 0014GRR, 0014HRB, 0014GKE, 0014GKM, 0014GRD, 0014HSG, 0014GKL, 0014GUV, 0014GKJ, 0014HRZ, 0014GTW, 0014HRL, 0014HSA, 0014GTU, 0014HRW, 0014GKK, 0014GKP, 0014HRM, 0014GRJ, 0014GJT"
F-RRAXLE->=46K,"0014HRC, 0014HRZ, 0014GKH, 0014HRH, 0014HRM, 0014HRE, 0014GKR, 0014HRL, 0014GKJ, 0014GRD, 0014GKL, 0014GTT, 0014HSB, 0014GJW, 0014GTS, 0014GJT, 0014HSA, 0014HSH, 0014GTW, 0014GKN, 0014HRB, 0014GRS, 0014HSG, 0014GKP, 0014HSD, 0014GKE, 0014GTU, 0014HRW, 0014HRD, 0014HRA, 0014HRG, 0014GRR, 0014GKK, 0014GRJ, 0014GKM, 0014GRP, 0014GUV"
F-RRAXLE->=50K,"0014HRZ, 0014GRJ, 0014GUV, 0014HSH, 0014HSB, 0014HRG, 0014GTW, 0014HSA, 0014GTU, 0014GJW, 0014HSD, 0014GTS, 0014GTT"
F-RRAXLE->=52K,"0014GTS, 0014GTU, 0014HSA, 0014HRG, 0014HSD, 0014GTT, 0014HSH, 0014GUV, 0014GTW, 0014GRJ, 0014GJW, 0014HRZ"
F-RRAXLE-ADVTK40,"0014GYK, 0014GXZ, 0014GXX, 0014GYB, 0014GYD, 0014GYM, 0014GYN, 0014GYP, 0014GXY, 0014GYA, 0014GYC"
F-RRAXLE-D46-172,"0014GKE, 0014GKL, 0014GKM, 0014GKN, 0014GKK, 0014GKP, 0014GKJ"
F-RRAXLE-D463,"0014GGV, 0014GGU"
F-RRAXLE-DCLD-BOTH,"0014HRH, 0014GKK, 0014GYY, 0014HRE, 0014BAB, 0014GKX, 0014GWZ, 0014GJW, 0014GVP, 0014HSC, 0014HRM, 0014GJT, 0014HRC, 0014GVM, 0014GVN, 0014GLB, 0014GLD, 0014GXJ, 0014HRL, 0014GKG, 0014HRA, 0014HRV, 0014GKP, 0014GZA, 0014GVL, 0014GKR, 0014GKV, 0014GWW"
F-RRAXLE-DCLD-RR-RR,"0014GYM, 0014GWY, 0014GLA, 0014GKH, 0014GTW, 0014GRP, 0014GTU, 0014GVR, 0014GUV, 0014GLC, 0014GYP, 0014GKJ, 0014GKU, 0014GKN, 0014GRS, 0014GXY, 0014GVK, 0014GVJ, 0014GKW, 0014GYC, 0014GYD, 0014HRD"
F-RRAXLE-DSH40,"0014GKS, 0014GKV, 0014GKT, 0014GKU, 0014GKW, 0014GKX"
F-RRAXLE-DSH44,"0014GLB, 0014GLD, 0014GLA, 0014GKY, 0014GLC, 0014GKZ"
F-RRAXLE-MT40-A143LH,"0014GXA, 0014GVD, 0014GVH"
F-RRAXLE-MT40-A143VO,"0014GWZ, 0014GXC, 0014GVX, 0014GWY, 0014GWW"
F-RRAXLE-MT40-A144LH,"0014GXR, 0014GVG, 0014GVE, 0014GXB"
F-RRAXLE-MT40-A144VO,"0014GVN, 0014GVY, 0014GVJ, 0014GVR, 0014GVL, 0014GZA, 0014GXJ, 0014GVU"
F-RRAXLE-MT40-A145VO,"0014GVZ, 0014GVK, 0014GVM, 0014GVP"
F-RRAXLE-RT46-160,"0014HRL, 0014GRP, 0014HRM, 0014GRS, 0014GRD, 0014GRR"
F-RRAXLE-RT46-164,"0014HRW, 0014HSH, 0014HRH, 0014GKR, 0014HRA, 0014HRB, 0014HRV, 0014HRC, 0014HSG, 0014HRD, 0014HRE"
F-RRAXLE-RT52/58-185,"0014GTT, 0014GTW, 0014GUV, 0014GTS, 0014GTU"
F-RRWHL-ATT-ID,0029BAB
F-RRWHL-COATING-ID,"0029PCA, 0029PBW, 0029PDB, 0029PDE, 0029PCT, 0029PCY, 0029PBY, 0029PBS, 0029PCW, 0029PCD, 0029PCM"
F-RRWHL-PAINT-ID,"0029PAS, 0029PAX, 0029PBB, 0029PBP, 0029PCP, 0029PCG"
"F-RS-BUS-BODY-78""-HR","0047ACD, 0047ACE, 0047ACG, 0047ALB"
F-RSD-FRT-BRK-LINING,"0004EWM, 0504515, 0504526, 0504504, 0504514, 0504501, 0504506"
F-RSM-AIR-TANK-LOC,"0004XCC, 0004VME, 0004VCL, 0004VKH, 0004VKK, 0004VKW, 0004VMT, 0004VLD, 0004XAD, 0004XEU, 0004VDX"
F-RSM-SGL-80GAL-TK,"0015SJM, 0015SJN"
F-RSM-UC-HV-EXH,"0007BAV, 0007BBD, 0007BAW, 0007BEJ, 0007BBC"
F-RSM-VERT-BRACD-EXH,"0007AMM, 0007AMN, 0007BDS"
F-RSM-VERT/VERT-EXH,"0007AMM, 0007AMN, 0007AWC, 0007AWB, 0007BDS"
"F-RW-285-<1.3""-A-HUB","0032DJV, 0032DKK, 0032DJX, 0028DUX, 0028DUZ, 0032DWP, 0032DKH, 0032DKJ, 0032DKA, 0028DTC, 0032DJU, 0028DTA, 0032DWN, 0032DWR, 0028DJN, 0028DUC, 0032DWS, 0028DTB, 0028DUD, 0032DJW, 0028DVU"
"F-RW-285-<1.3""-S-HUB","0028DTE, 0028DTT, 0028DVV, 0032DHK, 0028DUK, 0028DUP, 0028DYH, 0028DTD, 0028DWP, 0032DKD, 0032DPZ, 0028DUY, 0032DRA, 0032DHY, 0028DTJ, 0028DUL, 0028DPR, 0028DPS, 0028DTU, 0032DUM, 0028DWW, 0032DPW, 0028DUW, 0028DTS, 0028DJM, 0028DMA"
"F-RW-285->1.3""-A-HUB","0028DEM, 0028DYK, 0028DWL, 0028DWY, 0028DYD, 0028DYA, 0028DWS, 0028DWE, 0028DWN, 0028DWU, 0028DWC, 0028DYJ, 0028DWK, 0028DYP, 0028DVS, 0028DVZ"
"F-RW-285->1.3""-S-HUB","0028DUS, 0028DYM, 0028DBC, 0028DYN, 0028DBG, 0028DYB, 0028DEN, 0028DWT, 0028DUR, 0028DWZ, 0028DWJ, 0028DWM, 0028DYL, 0028DBD, 0028DVA, 0028DYC, 0028DVW, 0028DEL, 0028DWR"
F-SAFETY-DIRECT-CBL,"0008TUX, 0008TUC, 0008TUZ, 0008TTZ, 0008TTY, 0008TVR, 0008TUB, 0008TXR, 0008TTX, 0008TUA"
F-SCR-DEF-TANK,"0015WDY, 0015WDN, 0015WEV, 0015WHJ, 0015WGG, 0015WGR, 0015WGX, 0015WEP, 0015DYR, 0015WHH, 0015WGT, 0015WGM, 0015WGD, 0015WGE, 0015WDL, 0015WEU, 0015WGA, 0015WEY, 0015WGC, 0015WCN, 0015WEZ, 0015DYP, 0015WEX, 0015WGV, 0015WDE, 0015WDP, 0015WET, 0015WGU, 0015WGW, 0015WGN, 0015WGZ, 0015WDR, 0015WGY, 0015WDZ, 0015WDG, 0015WDM, 0015WGP, 0015WGS, 0015WDH, 0015WGL, 0015WEB, 0015WGH, 0015WDV, 0015WEK, 0015WEW"
F-SEAT-AUTO-FLIP-RT,"0048GTT, 0048UAS, 0048UAU, 0048GTW"
F-SEAT-CLAMP,"0048RTE, 0048RTG, 0048RTM, 0048RTN, 0048RTP, 0048GPD, 0048RUA, 0048RTV, 0048RTY, 0048RUC, 0048SWT, 0048RTZ, 0048RTU, 0048RUB, 0048RUD, 0048RTX, 0048RTW, 0048RUT, 0048RUY, 0048RUX, 0048SRY, 0048RUV, 0048SWU, 0048RXW, 0048RUS, 0048RUW, 0048RUU, 0048TMZ, 0048CXS, 0048UYZ, 0048STX, 0048STT, 0048SXJ, 0048STW, 0048STU, 0048STY, 0048CUB, 0048STZ, 0048STV, 0048CUC, 0048SUZ, 0048SUW, 0048SVT, 0048TZU, 0048SUX, 0048SUV, 0048SVU, 0048UXL, 0048SUY, 0048RTL, 0048RVH, 0048RTJ, 0048RTK, 0048RXR, 0048RVM, 0048XGN, 0048XGS, 0048RVZ, 0048RVL, 0048RVK, 0048RTS, 0048XGU, 0048XGW, 0048RWZ, 0048RVY, 0048XGR, 0048XGT, 0048RTT, 0048XGM, 0048VVG, 0048XGX, 0048RTR, 0048XGV, 0048RUE, 0048RUP, 0048RXU, 0048UBZ, 0048RUG, 0048RUJ, 0048RUM, 0048RUL, 0048RUR, 0048RUK, 0048CUH, 0048RUH, 0048RUN, 0048RXT, 0048SYR, 0048RVC, 0048RVD, 0048RZZ, 0048RUZ, 0048RXX, 0048SYP, 0048RVG, 0048RVB, 0048RVE, 0048RVA, 0048SAD, 0048SAS, 0048SAN, 0048SAK, 0048SAX, 0048SAM, 0048SAH, 0048SAE, 0048SAT, 0048SAR, 0048SAL, 0048SAP, 0048SAJ, 0048SCW, 0048SCS, 0048SCP, 0048SCZ, 0048SCT, 0048SCX, 0048SCR, 0048SCM, 0048SCY, 0048SCN, 0048SCU, 0048SCV, 0048SDH, 0048SDV, 0048SDU, 0048SDM, 0048SDT, 0048SDN, 0048SDK, 0048SDL, 0048SDR, 0048SDJ, 0048SDW, 0048SDP, 0048SDS, 0048SER, 0048SEN, 0048SEP, 0048SEM, 0048SGJ, 0048SGP, 0048SGC, 0048SGD, 0048SGL, 0048SGG, 0048SGK, 0048SGM, 0048SGN, 0048SGH, 0048SGB, 0048SGE, 0048SGA, 0048SJA, 0048SJP, 0048SJC, 0048SJD, 0048SJN, 0048SJL, 0048SJK, 0048SJG, 0048SJB, 0048SJJ, 0048SJE, 0048SJH, 0048SJM, 0048SKR, 0048SKD, 0048SKA, 0048SKB, 0048SKM, 0048SKP, 0048SKJ, 0048SKH, 0048SKN, 0048SKE, 0048SKC, 0048SKK, 0048SKG, 0048SKL, 0048SPA, 0048SRA, 0048SWA, 0050RXK, 0048RYZ, 0048BXK, 0048BXJ, 0048UMT, 0048BXC, 0048UMV, 0048BXL, 0048YMC, 0048XYW, 0048BXD, 0048XZN, 0048BXM, 0048UNK, 0048BXE, 0048UMU, 0048BXT, 0048BXS, 0048WNR, 0048UNL, 0048UMY, 0048BXG, 0048BXU, 0048GRU, 0048BXV, 0048HAA, 0048XYV, 0048BXW, 0048BXY, 0048BXX, 0048BYB, 0048CGY, 0048BYA, 0048UNY, 0048BXZ, 0048URX, 0048CGZ, 0048BYE, 0048BYD, 0048BYC, 0048BXH, 0048BYH, 0048UNZ, 0048BYG"
F-SEAT-COMBO,0048TAV
F-SEAT-LT-TRK-2LEG30,"0048RTE, 0048RTG"
F-SEAT-LT-TRK-2LEG39,"0048RTJ, 0048XGS, 0048RVL, 0048RTL, 0048RVH, 0048RXR, 0048RTK, 0048RVM, 0048RXK, 0048RVZ, 0048RVK, 0048XGN"
F-SEAT-LT-TRK-4LEG30,"0048RTW, 0048RUD, 0048SWT, 0048RUA, 0048RTV, 0048RTY, 0048RTX, 0048GPD, 0048RTU, 0048RUC, 0048RTZ, 0048RUB"
F-SEAT-LT-TRK-4LEG39,"0048RUK, 0048RUE, 0048RUJ, 0048RUG, 0048CUH, 0048RUL, 0048RUN, 0048RUR, 0048RXU, 0048RUM, 0048RUH, 0048RUP, 0048UBZ"
F-SEAT-NON-CLAMP,"0048VBT, 0048UWM, 0048WZK, 0048GRJ, 0048WZL, 0048GRB, 0048WZM, 0048WZN, 0048GXM, 0048XCS, 0048XCT, 0048XCH, 0048XCN, 0048XCL, 0048XCR, 0048XCK, 0048XCM, 0048YLP, 0048XCP, 0048XCJ, 0048XCZ, 0048XDD, 0048XDA, 0048XCY, 0048XCX, 0048XCW, 0048XDC, 0048XCU, 0048XDB, 0048XCV, 0048YPN, 0048GSB, 0048TSA, 0048TUA, 0048TSG, 0048TSM, 0048TTZ, 0048TSH, 0048URE, 0048UPP, 0048TMK, 0048TJU, 0048TBW, 0048TTX, 0048TUW, 0048SNW, 0048UJX, 0048TDZ, 0048PHW, 0048TDX, 0048TXB, 0048TTY, 0048UCK, 0048TBX, 0048TJT, 0048BWS, 0048SNX, 0048BYU, 0048TUX, 0048UPR, 0048TXN, 0048TAV, 0048UAH, 0048UAE, 0048UAU, 0048UAS, 0048WXP, 0048WXN, 0048WXM, 0048XGA, 0048WXR, 0048YXC, 0048YWU, 0048YWT, 0048HDK, 0048YWR, 0048YLS, 0048XZD, 0048XZS, 0048XYL, 0048YMJ, 0048GRV, 0048YJL, 0048YMH, 0048XYK, 0048XZC, 0048XZR, 0048YLR, 0048GRZ, 0048YTM, 0048YTZ, 0048GXC, 0048GKM, 0048GSN, 0048YUB, 0048YUG, 0048YUL, 0048YTV, 0048GKK, 0048YTX, 0048YUJ, 0048GYR, 0048YTT, 0048GRA, 0048HDX, 0048YUN, 0048GKL, 0048YUD, 0048GKJ, 0048GXD, 0048YWD, 0048GKE, 0048GKH, 0048YVV, 0048YVT, 0048GSP, 0048YWB, 0048YVR, 0048GKD, 0048YWG, 0048YVX, 0048YVZ, 0048GKG, 0048GZX, 0048YTA, 0048YTH, 0048DPV, 0048ZAT, 0048YSY, 0048YTE, 0048YTC, 0048DHZ, 0048DPW, 0048YUW, 0048YUS, 0048YUY, 0048YUZ, 0048YVB, 0048YUU"
F-SEAT-PASS-3PT-CEW,"0048YEY, 0048YES, 0048YEL, 0048YEM, 0048YET, 0048YEN, 0048YEU, 0048YEX, 0048YEW, 0048YEP, 0048YER, 0048YEV, 0048YGX, 0048YGY, 0048YGV, 0048YHB, 0048YGZ, 0048YHH, 0048YHE, 0048YHA, 0048YHD, 0048YHG, 0048YHC, 0048YGW, 0048WML, 0048YKL, 0048WMP, 0048WMM, 0048YMB, 0048WMN, 0048WMK, 0048YDZ, 0048YMA, 0048YGB, 0048YGC, 0048YGD, 0048YGG, 0048YGE, 0048WLU"
F-SEAT-RT-TRK-2LEG30,"0048RTM, 0048RTN, 0048RTP"
F-SEAT-RT-TRK-2LEG39,"0048XGV, 0048VVG, 0048XGT, 0048RVY, 0048XGR, 0048RTT, 0048RTS, 0048RTR, 0048XGX, 0048RWZ, 0048XGU, 0048XGM, 0048XGW"
F-SEAT-RT-TRK-4LEG30,"0048RUS, 0048RUY, 0048RUT, 0048RUU, 0048RXW, 0048SWU, 0048SRY, 0048RUV, 0048RUW, 0048RUX"
F-SEAT-RT-TRK-4LEG39,"0048RUZ, 0048RVA, 0048RVB, 0048RVC, 0048RVD, 0048RVE, 0048RVG, 0048RXT, 0048RXX, 0048RZZ, 0048SYP, 0048SYR"
F-SEATBELT-CLAMP,"0548391, 0548375, 0548379, 0548419, 0548423, 0548447, 0548403, 0548443, 0548395, 0548407, 0548439, 0548383, 0548415, 0548427, 0548435, 0548431, 0548459, 0548455, 0548371, 0548387, 0548399, 0548476, 0548472, 0548480, 0548451, 0548468, 0548411, 0548409, 0548401, 0548381, 0548421, 0548441, 0548425, 0548413, 0548385, 0548393, 0548437, 0548389, 0548429, 0548377, 0548373, 0548397, 0548457, 0548474, 0548466, 0548445, 0548369, 0548433, 0548417, 0548449, 0548405, 0548453"
F-SEATBELT-NON-CLAMP,"0548374, 0548370, 0548378, 0548382, 0548386, 0548436, 0548440, 0548456, 0548448, 0548428, 0548376, 0548384, 0548396, 0548420, 0548416, 0548388, 0548477, 0548469, 0548424, 0548452, 0548392, 0548444, 0548412, 0548432, 0548408, 0548404, 0548473, 0548380, 0548372, 0548400"
F-SEATBELT-PASSENGER,"0048VLX, 0048VLL, 0048VKW, 0048VLY, 0048VKT, 0048VLC, 0048VLR, 0048VLG, 0048VLA, 0048VLP, 0048VLJ, 0048VLK, 0048VKU, 0048VLT, 0048VLB, 0048VKS, 0048VLN, 0048VLE, 0048VLS, 0048VLW, 0048VLU, 0048VKX, 0048VLD, 0048VLM, 0048VLH, 0048VKV, 0048VRD, 0048VPE, 0048VPG, 0048VPZ, 0048VPL, 0048VPU, 0048VPK, 0048VPJ, 0048VRB, 0048VRJ, 0048VPX, 0048VPM, 0048VPT, 0048VRA, 0048VPC, 0048VRG, 0048VRC, 0048VPV, 0048VPR, 0048VPN, 0048VRE, 0048VPW, 0048VPB, 0048VPH, 0048VPS, 0048VRH, 0048VPY, 0048VPP, 0048VPD, 0048VPA"
F-SEATS-PASS-HB,0048USV
F-SEATS-WITH-ANCHORS,"0048XZZ, 0048XZV, 0048YAB, 0048XZX, 0048YAD, 0048YAH, 0048XZW, 0048YAE, 0048XZY, 0048YAA, 0048YJK, 0048YAC, 0048YAG, 0048YPY, 0048YRA, 0048YPW, 0048YPV, 0048CMH, 0048ZAJ, 0048YPX, 0048YPU, 0048YPZ, 0048YRG, 0048DRA, 0048YVE, 0048YRC, 0048YRD, 0048YRE, 0048YVD, 0048YRH, 0048YRB, 0048YCJ, 0048YCB, 0048YBV, 0048YBX, 0048YCA, 0048YBZ, 0048YBW, 0048YCG, 0048YCC, 0048YBY, 0048YCE, 0048YCD, 0048YCH, 0048YDT, 0048YDM, 0048YDR, 0048YDL, 0048YDP, 0048YDV, 0048YDS, 0048YDY, 0048YDN, 0048YDW, 0048YDU, 0048YGA, 0048YMW, 0048YLX, 0048YMN, 0048YLW, 0048ZAS, 0048YMT, 0048YMP, 0048ZAM, 0048YRS, 0048YRV, 0048YRR, 0048YRL, 0048YRN, 0048YRU, 0048YRK, 0048YRT, 0048YRJ, 0048YRP, 0048YRM, 0048YPK, 0048GWY, 0048GUS, 0048GVA, 0048GUM, 0048GUN, 0048GUR, 0048GVB, 0048GUP, 0048GUW, 0048GUT, 0048GUH, 0048GWX, 0048GWZ, 0048GUX, 0048GUU, 0048GUL, 0048GUY, 0048GUZ, 0048GUJ, 0048GUK, 0048GUV, 0048GUG, 0048GXB, 0048GUE, 0048GUA, 0048GTT, 0048GVK, 0048GVZ, 0048GVS, 0048GVC, 0048GVP, 0048GVM, 0048GVV, 0048GVG, 0048GVL, 0048GVH, 0048GWC, 0048GVE, 0048GVU, 0048GVJ, 0048GXA, 0048GVR, 0048GWB, 0048GVT, 0048GWA, 0048GVY, 0048GVD, 0048GVW, 0048GVN, 0048GVX, 0048YPR, 0048YPP, 0048UWA, 0048UVZ, 0048DCR, 0048VBT, 0048UVY, 0048UVX, 0048UWM, 0048XGB, 0048GXM, 0048WZS, 0048GRJ, 0048WZM, 0048WZL, 0048WZK, 0048WZN, 0048WZT, 0048YHX, 0048GRB, 0048XEP, 0048RTE, 0048RTG, 0048RTN, 0048RTP, 0048RTM, 0048RUA, 0048RUC, 0048RTZ, 0048RTU, 0048RTW, 0048RUD, 0048GPD, 0048RTY, 0048RTV, 0048RUB, 0048RTX, 0048SWT, 0048RUU, 0048SRY, 0048RUY, 0048SWU, 0048RUW, 0048RUX, 0048RUV, 0048RUT, 0048RUS, 0048RXW, 0048STX, 0048UYZ, 0048CUB, 0048CXS, 0048SXJ, 0048STY, 0048STU, 0048STV, 0048STZ, 0048TMZ, 0048STW, 0048STT, 0048SVU, 0048SUW, 0048SUY, 0048SUX, 0048UXL, 0048SUV, 0048CUC, 0048SUZ, 0048TZU, 0048SVT, 0048RVK, 0048XGS, 0048RXR, 0048RTJ, 0048RVL, 0048RXK, 0048XGN, 0048RVH, 0048RTL, 0048RVM, 0048RTK, 0048RVZ, 0048RVY, 0048RWZ, 0048XGM, 0048RTS, 0048RTR, 0048VVG, 0048XGW, 0048XGT, 0048XGR, 0048XGU, 0048RTT, 0048XGV, 0048XGX, 0048RUM, 0048RUK, 0048UBZ, 0048RXU, 0048RUG, 0048RUP, 0048RUH, 0048RUJ, 0048RUR, 0048CUH, 0048RUN, 0048RUL, 0048RUE, 0048RVA, 0048RUZ, 0048RXX, 0048RXT, 0048SYP, 0048RVB, 0048RVE, 0048SYR, 0048RVD, 0048RVC, 0048RZZ, 0048RVG, 0048YPS, 0048YPT, 0048YPJ, 0048YPD, 0048YPE, 0048YPH, 0048YPG, 0048YSD, 0048ZAN, 0048YRZ, 0048YSB, 0048YRX, 0048YSA, 0048YRY, 0048YRW, 0048YSE, 0048YSC, 0048YSJ, 0048YSN, 0048YSP, 0048YSM, 0048YSL, 0048YSK, 0048YSX, 0048HEK, 0048YSV, 0048YST, 0048YSW, 0048YSU, 0048YZW, 0048ZAA, 0048YZU, 0048YZY, 0048YZX, 0048YZT, 0048YZV, 0048YZR, 0048YZS, 0048YZP, 0048YZZ, 0048YYP, 0048YYL, 0048YYG, 0048YYH, 0048YYE, 0048YYB, 0048YYM, 0048YYC, 0048YYJ, 0048YYK, 0048YYD, 0048YYN, 0048YAS, 0048YAW, 0048YAY, 0048YAT, 0048YAU, 0048YAJ, 0048YAX, 0048YAM, 0048YAP, 0048YAR, 0048YAV, 0048YAN, 0048YAK, 0048YAL, 0048ZAE, 0048ZAG, 0048YCK, 0048YCU, 0048YCN, 0048YCV, 0048YCT, 0048YCP, 0048YCW, 0048YCR, 0048YCL, 0048YCS, 0048YCM, 0048YCX, 0048YCZ, 0048YDA, 0048YDX, 0048YDD, 0048YDB, 0048YDG, 0048YDC, 0048YDH, 0048YCY, 0048YDJ, 0048YDK, 0048YDE, 0048YPL, 0048YSH, 0048YSG, 0048YJS, 0048SAD, 0048SAP, 0048SAR, 0048SAL, 0048SAX, 0048SAK, 0048SAN, 0048SAJ, 0048SAS, 0048SAT, 0048SAM, 0048SAE, 0048SAH, 0048SCY, 0048SCS, 0048SCU, 0048SCX, 0048SCN, 0048SCZ, 0048SCW, 0048SCV, 0048SCM, 0048SCR, 0048SCP, 0048SCT, 0048SDR, 0048SDV, 0048SDN, 0048SDW, 0048SDU, 0048SDK, 0048SDS, 0048SDP, 0048SDH, 0048SDJ, 0048SDM, 0048SDL, 0048SDT, 0048SEM, 0048SER, 0048SEN, 0048SEP, 0048SGM, 0048SGP, 0048SGE, 0048SGG, 0048SGH, 0048SGB, 0048SGL, 0048SGD, 0048SGC, 0048SGJ, 0048SGA, 0048SGK, 0048SGN, 0048SJJ, 0048SJA, 0048SJH, 0048SJB, 0048SJD, 0048SJG, 0048SJP, 0048SJN, 0048SJK, 0048SJM, 0048SJC, 0048SJE, 0048SJL, 0048SKJ, 0048SKD, 0048SKN, 0048SKP, 0048SKB, 0048SKC, 0048SKE, 0048SKL, 0048SKK, 0048SKH, 0048SKG, 0048SKA, 0048SKM, 0048SKR, 0048YPB, 0048SPA, 0048SRA, 0048YPA, 0048DJU, 0048YPM, 0048SWA, 0048XCS, 0048XXL, 0048XXR, 0048XCT, 0048XXS, 0048YHW, 0048XXM, 0048XCP, 0048XCK, 0048XCH, 0048XXP, 0048XXH, 0048XCR, 0048XCN, 0048XXJ, 0048XCL, 0048XXN, 0048XXK, 0048YLP, 0048XCJ, 0048XCM, 0048YKB, 0048XYA, 0048XDB, 0048XCU, 0048XXY, 0048XXZ, 0048XDC, 0048XXT, 0048XCZ, 0048XCY, 0048XDA, 0048XCW, 0048XXW, 0048XCX, 0048XXV, 0048GSB, 0048XDD, 0048YJR, 0048XXX, 0048XYB, 0048YPN, 0048XCV, 0048XXU, 0048TCX, 0048WVG, 0048DCS, 0048AKB, 0048VVA, 0048DCM, 0048TBW, 0048TDZ, 0048UJX, 0048DDG, 0048WWG, 0048TUW, 0048UPP, 0048CUX, 0048TJU, 0048SNW, 0048DCN, 0048PHW, 0048DCU, 0048DMC, 0048TTX, 0048UTD, 0048URE, 0048TMK, 0048DCL, 0048SNX, 0048UCK, 0048VVB, 0048CUY, 0048UPR, 0048DMD, 0048DCV, 0048TBY, 0048WWJ, 0048TXB, 0048DCP, 0048BYU, 0048BWS, 0048TTY, 0048TJT, 0048WVH, 0048DCW, 0048WWH, 0048TBX, 0048DCT, 0048TXN, 0048TDX, 0048UTE, 0048TUX, 0048UAE, 0048UAH, 0048UAU, 0048UAS, 0048WYW, 0048YJT, 0048WXR, 0048YJU, 0048XEM, 0048WXN, 0048WZP, 0048XGA, 0048XEN, 0048WXP, 0048WZR, 0048WXM, 0048RYZ, 0048XAG, 0048XEH, 0048XAL, 0048XAH, 0048YJJ, 0048XAD, 0048XAJ, 0048XAE, 0048XAK, 0048XAM, 0048XAN, 0048XAB, 0048XAC, 0048YLH, 0048XAA, 0048WZZ, 0048WZX, 0048WZW, 0048WZV, 0048WZU, 0048WZY, 0048YJH, 0048UMT, 0048BXJ, 0048BXK, 0048BXC, 0048UNK, 0048UMV, 0048YMC, 0048XYW, 0048BXM, 0048BXD, 0048XZN, 0048BXL, 0048UMU, 0048BXT, 0048BXE, 0048BXS, 0048UNL, 0048BXU, 0048HAA, 0048UMY, 0048BXG, 0048BXV, 0048WNR, 0048XYV, 0048GRU, 0048BXW, 0048BXY, 0048BXX, 0048BYA, 0048BXZ, 0048CGY, 0048BYB, 0048UNY, 0048URX, 0048BYC, 0048CGZ, 0048BYE, 0048BYD, 0048UNZ, 0048BXH, 0048BYG, 0048BYH, 0048YSS, 0048YSR, 0048XGC, 0048YXC, 0048YWT, 0048YWU, 0048YWR, 0048YME, 0048XZU, 0048YMJ, 0048XZG, 0048YMM, 0048YLS, 0048XZD, 0048XYL, 0048GRV, 0048XZS, 0048YJL, 0048YJW, 0048XZR, 0048YLR, 0048XYM, 0048XZT, 0048YMH, 0048YMD, 0048XZC, 0048YML, 0048XYK, 0048XZE, 0048ZAP, 0048XGL, 0048XGP, 0048XGK, 0048XGH, 0048YXT, 0048YXZ, 0048YXV, 0048YXS, 0048YXX, 0048YXY, 0048YXU, 0048YYA, 0048YXW, 0048YXR, 0048YZL, 0048YZD, 0048YZN, 0048YZK, 0048YZJ, 0048YZG, 0048YZE, 0048YZM, 0048YZH, 0048ZAK, 0048YTK, 0048YTN, 0048YTS, 0048YTP, 0048YTL, 0048YTM, 0048YTR, 0048YVH, 0048YVP, 0048YVM, 0048YVN, 0048YVL, 0048YVJ, 0048YVK, 0048XER, 0048XAP, 0048XEY, 0048GPG, 0048XAR, 0048XAT, 0048XAS, 0048XHA, 0048XGZ, 0048XES, 0048XAX, 0048GPH, 0048XEZ, 0048XAU, 0048XAW, 0048XAV, 0048YWN, 0048YWJ, 0048YWK, 0048YWM, 0048YWP, 0048YWL, 0048YWY, 0048YWZ, 0048YWW, 0048YWV, 0048YWX, 0048YXB, 0048YXA, 0048YTZ, 0048YTV, 0048YUB, 0048YTX, 0048YUE, 0048YUH, 0048YUA, 0048YUL, 0048YUD, 0048YUK, 0048YTU, 0048YUJ, 0048YUN, 0048YTY, 0048YUR, 0048YUP, 0048YUM, 0048YTT, 0048YUG, 0048YUC, 0048YTW, 0048YWH, 0048YVX, 0048YVU, 0048YWE, 0048YVZ, 0048YVY, 0048YWB, 0048YVV, 0048YWA, 0048YWG, 0048YWC, 0048YWD, 0048YVT, 0048YVS, 0048YVW, 0048YVR, 0048YTH, 0048YTD, 0048YTE, 0048YSZ, 0048YTG, 0048YTC, 0048ZAT, 0048YTB, 0048YTJ, 0048YTA, 0048YSY, 0048YUZ, 0048YUV, 0048YUT, 0048YUY, 0048YUS, 0048YVG, 0048YVC, 0048YUW, 0048YUU, 0048YVB, 0048YVA, 0048YUX, 0048ZAR, 0048YXK, 0048YXP, 0048YXG, 0048YXL, 0048YXM, 0048ZAL, 0048YXE, 0048YXH, 0048YXN, 0048YXJ, 0048YYU, 0048YZC, 0048YYW, 0048YZA, 0048YYY, 0048YYZ, 0048YYX, 0048YYV, 0048YZB, 0048XCB, 0048YJA, 0048XCA, 0048XCC, 0048XEJ, 0048XCE, 0048YJB, 0048XCG, 0048XCD, 0048XEK, 0048ZAB, 0048ZAD, 0048ZAC, 0048HDD, 0048HDG, 0048HDW, 0048HDT, 0048HCZ, 0048HDB, 0048HEA, 0048HEL, 0048YNH, 0048YNE, 0048YNG, 0048YNL, 0048YNK, 0048YNM, 0048YNJ, 0048YMZ, 0048YMX, 0048YNA, 0048YNC, 0048YND, 0048YMY, 0048YNB, 0048WYV, 0048XEU, 0048XEX, 0048WZJ, 0048WZE, 0048WZH, 0048XYG, 0048YLY, 0048YLT, 0048YLV, 0048XYE, 0048YNN, 0048WZG, 0048YPC, 0048XEW, 0048XET, 0048WYU, 0048HEM, 0048HDS, 0048HEW, 0048HDA, 0048HEB, 0048HDC, 0048HDE, 0048HDU, 0048HDV, 0048GTX, 0048GTW, 0048GUD, 0048WZA, 0048WZD, 0048WZB, 0048XYC, 0048XYD, 0048YNP, 0048WZC, 0048YNW, 0048YMS, 0048YNU, 0048YNS, 0048YNY, 0048YNZ, 0048YNV, 0048YNX, 0048YNT, 0048YMR"
F-SELFCNT-DRVR-SEAT,"0016JPA, 0016KBU, 0016KCC, 0016LSC, 0016JNZ, 0016KBS, 0016KBT, 0016JHR"
F-SELFCNT-PASS-SEAT,"0016KCL, 0016KCM, 0016LCZ, 0016LDK"
F-SELFCONTAINED-SEAT,"0016LCZ, 0016KCL, 0016LDK, 0016KCM, 0016KCC, 0016KBT, 0016KBU, 0016LSC, 0016JNZ, 0016JPA, 0016JHR, 0016KBS"
F-SGL-100GAL-TANK,"0015SHC, 0015TAZ, 0015TAY, 0015SLM, 0015SGD, 0015SLP, 0015SJR, 0015SET, 0015SDK, 0015TAS, 0015SSK, 0015SWH, 0015SBN, 0015SJU, 0015STM, 0015SGE"
F-SGL-120GAL-TANK,"0015SSG, 0015SWK, 0015SXW, 0015SMZ, 0015SWJ"
F-SGL-150GAL-TANK,"0015SXL, 0015SKS"
F-SGL-24IN-FUEL-TKS,"0015SSG, 0015SGL, 0015SXJ, 0015SSM, 0015SXK, 0015SMZ, 0015SSL, 0015SXX, 0015SSN, 0015SSK, 0015SHC"
F-SGL-26IN-FUEL-TKS,"0015SXY, 0015SXL, 0015SWJ, 0015SJR, 0015SLP, 0015SKS, 0015SJZ, 0015TAY, 0015TBA, 0015TAX, 0015TAZ, 0015SCA, 0015SWG, 0015TAW, 0015SWE, 0015SJM, 0015SWH, 0015STM, 0015SWK, 0015SLM, 0015TBB, 0015SWD, 0015SJN"
F-SGL-60GAL-TANK,"0015SSM, 0015SSN"
F-SGL-80GAL-TANK,"0015SJN, 0015SGL, 0015SSL, 0015SWD, 0015TAX, 0015SSP, 0015TBB, 0015TBA, 0015SJZ, 0015TAV, 0015TAW, 0015SJM"
F-SGL-DCLD-RRAXLE,"0014ATX, 0014ARY, 0014ANY, 0014ANX, 0014AWN, 0014ERY, 0014ARB, 0014ANZ, 0014AWK, 0014ATG, 0014ASD, 0014ARK, 0014AWJ, 0014AKY, 0014ATN, 0014ANM, 0014BAG, 0014ANT, 0014BAA, 0014ATZ, 0014ANR, 0014AHP, 0014AKV, 0014AEW, 0014AGX, 0014AGR, 0014APL, 0014ASA, 0014AHG, 0014AWE, 0014AWT, 0014ANK, 0014ANL, 0014AHL, 0014AHJ, 0014AKW, 0014BAJ, 0014AWU, 0014AKU, 0014AWS, 0014BAH"
F-SGL-HORIZ-EXH,"0007BBE, 0007BDA, 0007BBT, 0007AAJ, 0007DBA, 0007ABT, 0007AAZ, 0007AAW, 0007AAY, 0007BMX"
F-SGL-HORIZ/VERT-EXH,"0007BLB, 0007BAJ, 0007BMA, 0007BAV, 0007ACZ, 0007BLD, 0007BMB, 0007BLW, 0007BKS, 0007BAW, 0007BMP, 0007BNJ, 0007BMJ, 0007BEJ, 0007BLG, 0007BNC, 0007BKT, 0007BNH, 0007BLY, 0007BLT, 0007DXW"
F-SGL-LSM-EXH,"0007BMX, 0007ABT, 0007AAZ"
F-SGL-LT-BOC-TANK,"0015TAX, 0015SVN, 0015SVS, 0015TBA, 0015SZK, 0015TBB, 0015SVT, 0015SVR, 0015SXW, 0015TAW, 0015SNU, 0015TAY, 0015TAZ, 0015TAS, 0015SVP, 0015SVU, 0015SJU, 0015SXX"
F-SGL-LTBOC-FUEL-TNK,"0015SYN, 0015SYP, 0015SYL, 0015SYM, 0015SXY, 0015SYJ, 0015SYE, 0015SYG, 0015SYK"
F-SGL-LTUD-FUEL-TNK,"0015SED, 0015SMB, 0015SZU, 0015SYX, 0015SYH, 0015SYY, 0015TAT"
F-SGL-R-RRAXLE-<=23K,"0014ERY, 0014BAH, 0014AKZ, 0014ANM, 0014AKW, 0014AKY, 0014AKS, 0014ANW, 0014APV, 0014ERZ, 0014CDL, 0014AKV, 0014AHE, 0014BAE, 0014AWE, 0014AKL, 0014AWW, 0014BAJ, 0014AWD, 0014APT, 0014ANY, 0014AWJ, 0014ANX, 0014CVC, 0014ANV, 0014AWK, 0014AHG, 0014ANL, 0014AJZ, 0014BAA, 0014ERW, 0014AWB, 0014AWN, 0014AKX, 0014BAG, 0014CVB, 0014ANK, 0014ANZ, 0014ATX, 0014CDP, 0014AWC, 0014AKH, 0014AWL, 0014AKN, 0014APA, 0014BAC, 0014AKB"
"F-SGL-RRAXLE-1""F-D-T","0014CDP, 0014CDE"
F-SGL-RRAXLE-F,"0014ACV, 0014AJE, 0014ACW, 0014AWR, 0014BAK, 0014APD, 0014AJG, 0014AKC, 0014AKA, 0014AWG, 0014AJJ, 0014ANN, 0014AJH, 0014AJC, 0014AWH, 0014BAL"
F-SGL-RRAXLE-F-D,"0014BAC, 0014BAA, 0014BAG, 0014BAH, 0014BAE, 0014BAJ"
F-SGL-RRAXLE-F-D-T,"0014AWL, 0014051, 0014AHK, 0014AHH, 0014AWK, 0014AHL, 0014AHG, 0014AHJ, 0014AWN, 0014CDL, 0014CVC, 0014AWJ, 0014AJY, 0014ARB, 0014ERW, 0014AKU, 0014AHE, 0014AWM, 0014AWW"
F-SGL-RRAXLE-F-T,"0014AWE, 0014ANZ, 0014AKR, 0014ANW, 0014ERU, 0014ATY, 0014AKT, 0014AGX, 0014ANK, 0014ANM, 0014AKL, 0014ATN, 0014ANT, 0014ANY, 0014AHW, 0014AGA, 0014AKS, 0014ASD, 0014ANS, 0014AKD, 0014ARK, 0014AKM, 0014AKY, 0014AKZ, 0014AJZ, 0014AWS, 0014ASB, 0014AWD, 0014ERZ, 0014AWB, 0014AGY, 0014APJ, 0014ASA, 0014AKW, 0014ARY, 0014CVB, 0014ARZ, 0014AKP, 0014ATX, 0014AHP, 0014AWV, 0014ATZ, 0014APH, 0014ANU, 0014APL, 0014APA, 0014ATE, 0014ASK, 0014AEY, 0014ATG, 0014AWP, 0014AWT, 0014CVG, 0014ANV, 0014ASC, 0014AKH, 0014ANX, 0014ARX, 0014AKB, 0014GZB, 0014AEW, 0014AKG, 0014AKK, 0014APU, 0014AGE, 0014AKN, 0014APN, 0014ANL, 0014ANR, 0014APV, 0014AKE, 0014ANP, 0014AWC, 0014ERY, 0014AKJ, 0014APT, 0014ANH, 0014AET, 0014ERB, 0014AGR, 0014GXP, 0014AKX, 0014AKV"
F-SGL-RSM-EXH,"0007BBE, 0007BDS, 0007BKR, 0007AAW, 0007BBA, 0007ACZ, 0007AAY, 0007AWL, 0007BLT, 0007BMB, 0007BLV, 0007BKS, 0007BBH, 0007AWB, 0007BAJ, 0007BKT, 0007BLY, 0007BKY, 0007BEJ, 0007BBD, 0007BDA, 0007BLK, 0007AWC, 0007BKN, 0007DXW, 0007BMH, 0007BKZ, 0007BMS, 0007BLD, 0007BKP, 0007BLA, 0007BBC, 0007BMA, 0007BMC, 0007AMN, 0007BLG, 0007BLC, 0007BBL, 0007BNA, 0007BBT, 0007BMM, 0007BLH, 0007BLB, 0007BLJ, 0007BNB, 0007BAW, 0007BAV, 0007BHB, 0007BMD, 0007BLU, 0007BJU, 0007BMJ, 0007BAN, 0007BMG, 0007AMM, 0007BLW, 0007BNC, 0007BLX, 0007AWK, 0007AWM, 0007BME, 0007BMK"
F-SGL-RT-BOC-TANK,"0015SNT, 0015SSP, 0015SWS, 0015TAV, 0015SZZ"
F-SGL-RT-UNCAB-TANK,"0015SJM, 0015SGH, 0015SGK, 0015SJN, 0015SJC, 0015SGE, 0015SDL, 0015SVH, 0015SME, 0015SEN, 0015SCS, 0015SGV, 0015SER, 0015SCD"
F-SGL-RTBOC-FUEL-TNK,"0015SLN, 0015SNE, 0015SLC, 0015TAV, 0015SSP, 0015SYC, 0015SLE, 0015TAU, 0015SLD, 0015SMA, 0015SYU, 0015SYD"
F-SGL-RTUD-FUEL-TNK,"0015SYZ, 0015SZB"
F-SGL-VERT-EXH,"0007AWC, 0007AMN, 0007AWL, 0007BDS, 0007AWK, 0007AMM, 0007AWM, 0007AWB"
F-SIDE-DOOR-POS-LH,"0047SLT, 0047SLU, 0047SLV, 0047SLZ"
F-SIDE-DOOR-POS-RH,"0047SLW, 0047SLX, 0047SLY, 0047SPY"
F-SINGLE-CB-RAD-OHC,"0008RGY, 0008RNB, 0008RND"
F-SLIDG-5THWHL,"0010HZT, 0010HKK, 0010HLC, 0010JAH, 0010HJX, 0010HJA, 0010EKJ, 0010HJY, 0010JBG, 0010HNP, 0010HHA, 0010HHU, 0010JBD, 0010JAD, 0010KLC, 0010HJD, 0010HZR, 0010HHY, 0010HNX, 0010HJK, 0010HLR, 0010GYX, 0010HLJ, 0010HZK, 0010HJL, 0010HNV, 0010JBL, 0010HKX, 0010HZP, 0010JPS, 0010JAE, 0010KKY, 0010HNU, 0010HKL, 0010KKU, 0010HNN, 0010HND, 0010HLE, 0010HNS, 0010HKC, 0010HHT, 0010HHM, 0010HJW, 0010HHN, 0010HSZ, 0010HZV, 0010EKC, 0010HNY, 0010HNT, 0010HSY, 0010HJS, 0010KKV, 0010JBC, 0010HZS, 0010KKR, 0010JPH, 0010HNL, 0010HJC, 0010KKM, 0010HHW, 0010JAJ, 0010KKA, 0010HMR, 0010HHL, 0010EKH, 0010HJB, 0010HZN, 0010HHZ, 0010GZV, 0010KKN, 0010KKS, 0010JBK, 0010HHH, 0010HZU, 0010HNW, 0010HNM, 0010HNZ, 0010HKZ, 0010HHX, 0010HHK, 0010KLA, 0010ERU, 0010KKP, 0010HKJ, 0010HJV, 0010HKD, 0010KKT, 0010HYX, 0010HHB, 0010JBB, 0010JPG, 0010HNR, 0010JAT, 0010HHG, 0010HLD, 0010HHD, 0010JPK, 0010HCZ, 0010EKK, 0010HHR, 0010JAS"
F-SNGL-REAR-WHLS,"0032DKJ, 0032DKG, 0032DKK, 0032DWN, 0032DWP, 0032DHY, 0032DKH, 0032DWS, 0032WAA, 0032DSG, 0032DHK, 0032DYE, 0032DPZ, 0032DWR, 0032DKE, 0032DKD, 0032DYV"
F-SP-PWR-TRLR-SCKT,"0008TWG, 0008WCM"
F-SPLIT-DUAL-TANK,"0015HDC, 0015HDB, 0015HDA, 0015HDG, 0015HDE, 0015HDD"
F-SPLIT-LSM-TANK,"0015HSB, 0015HSC, 0015HSD, 0015HSA"
F-SPLIT-TANK,"0015HDE, 0015HDC, 0015HDB, 0015HSB, 0015HSC, 0015HDA, 0015HSA, 0015HDD, 0015HSD, 0015HDG"
F-SRV-CARB-A26,0040NSD
F-SRV-CARB-COMPANION,"0040NSE, 0040NSG"
F-SRV-CNT-EXT-DRTRN,"0040JGU, 0040JGS, 0040JGR, 0040JGT"
F-SRV-CNTRCT-EXT-BAT,"0040JHY, 0040JGW, 0040JHM, 0040JHZ, 0040JHL, 0040JHN, 0040JHR, 0040JHW, 0040JHK, 0040JHP, 0040JHV, 0040JGV, 0040JHX, 0040JHU"
F-SRV-CONTRACT-E-BUS,"0040MZT, 0040MZB, 0040MZM, 0040MZG, 0040MZR, 0040MZD, 0040MZA, 0040MZS, 0040MZL, 0040MZN, 0040MZC, 0040MZJ, 0040MZP, 0040MZE, 0040MZK, 0040MZH"
F-SRV-CT-CHAS-LUB-PK,"0040E89, 0040E90, 0040E79, 0040E83, 0040E80, 0040E87, 0040E85, 0040E88, 0040E82, 0040E84, 0040E81, 0040E86"
F-SRV-CT-DOT-PK,"0040E76, 0040E78, 0040E77"
F-SRV-CT-WEAR-PKG,"0040L03, 0040E75, 0040E73, 0040L04, 0040E74, 0040L02"
F-SRV-CTR-ALLISON,"0040TSR, 0040TTH, 0040TVS, 0040TVX, 0040TTG, 0040TUU, 0040TTE, 0040TWC, 0040TUC, 0040TTT, 0040TVM, 0040TTB, 0040TTR, 0040TUV, 0040TUX, 0040TUA, 0040TTD, 0040TVE, 0040TVN, 0040TTS, 0040TTY, 0040TVJ, 0040TVZ, 0040TVG, 0040TWL, 0040TWJ, 0040TWM, 0040TTU, 0040TUJ, 0040TVW, 0040TUD, 0040TVL, 0040TSU, 0040TUH, 0040TTC, 0040TVY, 0040TSY, 0040TTV, 0040TVV, 0040TSZ, 0040TUM, 0040TVK, 0040TWE, 0040TUK, 0040TUS, 0040TVU, 0040TUB, 0040TWG, 0040TWA, 0040TWD, 0040TTL, 0040TVC, 0040UTC, 0040TVD, 0040TUZ, 0040TUE, 0040UTA, 0040TTZ, 0040TTN, 0040TUT, 0040TVR, 0040TVT, 0040TSV, 0040TUL, 0040TUY, 0040TTP, 0040TSW, 0040TTA, 0040TTW, 0040USZ, 0040TUR, 0040TST, 0040TTK, 0040TVA, 0040TVH, 0040TWN, 0040TTM, 0040TSS, 0040TVB, 0040TSX, 0040TWH, 0040TTX, 0040TUW, 0040TUP, 0040TUG, 0040TTJ, 0040UTB, 0040TVP, 0040TUN, 0040TWB, 0040TWK"
F-SRV-CTR-ENT-DR-3UN,0040CYY
F-SRV-CTR-PM/PMB,"0040AJJ, 0040AJK, 0040AJG, 0040AJH, 0040AJN, 0040AJD, 0040AJM, 0040AJL, 0040AJP, 0040AJE"
F-SRV-E-MV-BUNDLE,"0040CCU, 0040MZV, 0040MZW, 0040CEB, 0040CEC, 0040MZU"
F-SRV-EATON-CLUTCH,"0040RCN, 0040RCT, 0040RDG, 0040RCP, 0040RDN, 0040HXG, 0040RCZ, 0040RCX, 0040RDR, 0040RDP, 0040RCY, 0040RDX, 0040RDA, 0040RDL, 0040RCS, 0040JDY, 0040RDB, 0040RDE, 0040JHJ, 0040RDM, 0040JDW, 0040JDV, 0040RDU, 0040RCR, 0040RCV, 0040RCU, 0040RDW, 0040JDU, 0040RDH, 0040JDX, 0040RDC, 0040RCW, 0040JHH, 0040RDT, 0040RDD, 0040RDK, 0040RDV, 0040RDJ, 0040RDS"
F-SRV-EXT-BODY-HVAC,"0040NRZ, 0040NSB, 0040NRT, 0040NRX, 0040NRV, 0040NRW, 0040NSA, 0040NSC, 0040NRU, 0040NRY, 0040NRR, 0040NRS"
F-SRV-EXT-CAB,"0040EUB, 0040EUA, 0040XBC, 0040EUC, 0040XBA, 0040XBB"
F-SRV-EXT-CMMS/COMP,"0040ZGU, 0040ZTT, 0040YPG, 0040ZHD, 0040WBD, 0040MRT, 0040UKP, 0040YPD, 0040VVA, 0040VET, 0040VTX, 0040ZTS, 0040WCK, 0040WCJ, 0040ZES, 0040ZGJ, 0040WBC, 0040UHS, 0040ZTV, 0040YNP, 0040MRR, 0040VVB, 0040ZTW, 0040WBE, 0040YPE, 0040ZTR, 0040VUZ, 0040VTW, 0040VTV, 0040YNR, 0040WCL, 0040MRS, 0040ZTU, 0040YNN"
F-SRV-EXT-CMMS/ENG,"0040YYC, 0040WEE, 0040ULZ, 0040ZBZ, 0040ZAZ, 0040ZDX, 0040VLD, 0040ZMZ, 0040USC, 0040VVC, 0040VLK, 0040ZKA, 0040ZUS, 0040ZPR, 0040WEA, 0040YTG, 0040YPY, 0040VMD, 0040VLU, 0040VLB, 0040VJW, 0040ZKZ, 0040YML, 0040VLZ, 0040VUA, 0040ZNL, 0040WBU, 0040ZLD, 0040VKY, 0040ZXB, 0040ZHR, 0040VCT, 0040YPM, 0040ZVT, 0040VSS, 0040URC, 0040ZPC, 0040YZD, 0040WCD, 0040YYV, 0040YNX, 0040YTL, 0040WCP, 0040ULX, 0040VUT, 0040URD, 0040VSK, 0040VMG, 0040YPR, 0040VTG, 0040VYE, 0040YNW, 0040VSY, 0040ZEG, 0040WGG, 0040VLX, 0040VJA, 0040UHG, 0040YPU, 0040ZPS, 0040UND, 0040VVT, 0040ZUH, 0040YVG, 0040ZWU, 0040ZAY, 0040WES, 0040VKB, 0040VTR, 0040ZMU, 0040WGS, 0040VJN, 0040ZPN, 0040VZM, 0040YYB, 0040VCW, 0040ZNE, 0040VWU, 0040VMV, 0040WEW, 0040ZMV, 0040YTS, 0040VUW, 0040UYB, 0040ZBJ, 0040UJS, 0040YNE, 0040ZYG, 0040VUJ, 0040VKM, 0040VTL, 0040VJT, 0040VCM, 0040VXZ, 0040ZEL, 0040YSB, 0040VMH, 0040UHJ, 0040YMB, 0040YPT, 0040URY, 0040VXG, 0040ZDB, 0040YUU, 0040YJX, 0040VLT, 0040WDY, 0040VZD, 0040VVH, 0040VSH, 0040WGJ, 0040ZRB, 0040WGB, 0040UGB, 0040VLR, 0040ZHB, 0040VMA, 0040ZWK, 0040ZHZ, 0040VJY, 0040ZLN, 0040YXJ, 0040VXA, 0040ZHY, 0040ZPE, 0040YXK, 0040ZUM, 0040WDG, 0040YYE, 0040VWB, 0040ZGS, 0040YVC, 0040VCV, 0040WAX, 0040YME, 0040YPP, 0040WCA, 0040VWM, 0040WAT, 0040YXG, 0040YTU, 0040URX, 0040VKL, 0040YKN, 0040YSE, 0040YWB, 0040ZCY, 0040VJD, 0040YUX, 0040WBY, 0040VMU, 0040VXJ, 0040YXN, 0040VCS, 0040VLM, 0040VUC, 0040VVZ, 0040VAL, 0040YJV, 0040ZRE, 0040WDC, 0040YKW, 0040YKZ, 0040VWE, 0040VVS, 0040YNZ, 0040WGR, 0040ZAP, 0040VAV, 0040YXS, 0040ZUG, 0040UKS, 0040YWC, 0040ZTY, 0040YLC, 0040ZAJ, 0040UHW, 0040YXD, 0040VWV, 0040VKX, 0040WDM, 0040ZKM, 0040WGC, 0040VDL, 0040VUV, 0040ZNN, 0040WGH, 0040WEG, 0040ZJX, 0040YTV, 0040VUP, 0040YKR, 0040ZCB, 0040WCM, 0040ZXL, 0040VGD, 0040VZC, 0040ZHS, 0040ZAL, 0040ZHL, 0040WDP, 0040VJV, 0040ZJW, 0040YVD, 0040YPJ, 0040ZKG, 0040ZDW, 0040WBT, 0040ZLS, 0040YSZ, 0040ZGH, 0040ZWR, 0040ZBB, 0040ZEJ, 0040USB, 0040ZEW, 0040ZWB, 0040YMD, 0040VTY, 0040ZXC, 0040WEN, 0040ZHM, 0040YUV, 0040YUZ, 0040YTT, 0040ZDS, 0040ZDU, 0040ZPV, 0040UNE, 0040ZKV, 0040ZAU, 0040VGG, 0040VJB, 0040ZNB, 0040ULW, 0040VAA, 0040ZLC, 0040WAZ, 0040YSY, 0040WDJ, 0040ZLB, 0040ZXS, 0040UJU, 0040ZDD, 0040VVM, 0040WDD, 0040VXB, 0040ZXN, 0040ZRA, 0040WGN, 0040YRV, 0040VLP, 0040ZKD, 0040WEL, 0040TPP, 0040ZUT, 0040WHG, 0040ZEX, 0040ZNY, 0040VWL, 0040WGP, 0040WDA, 0040VSR, 0040YWX, 0040YKP, 0040YPA, 0040WGT, 0040YUT, 0040ZLG, 0040VYK, 0040UZZ, 0040ZBH, 0040WCC, 0040WCG, 0040ZND, 0040YSC, 0040VMJ, 0040ZPP, 0040ZDE, 0040VUY, 0040WAG, 0040VJK, 0040VMS, 0040ZYD, 0040ZPJ, 0040WGE, 0040ZEE, 0040VLY, 0040ZYP, 0040WCB, 0040WEB, 0040YKU, 0040WER, 0040YYZ, 0040ZPT, 0040ZWA, 0040YWK, 0040ZLU, 0040YNK, 0040ZDA, 0040ZER, 0040VEL, 0040ZKS, 0040VBR, 0040VTA, 0040WAU, 0040ZYB, 0040YYA, 0040ZAG, 0040YPC, 0040YXH, 0040VTH, 0040UGD, 0040YZW, 0040VJS, 0040ZWJ, 0040VCX, 0040VMK, 0040YXY, 0040VAP, 0040ZBE, 0040YKX, 0040ZUJ, 0040YVY, 0040YZC, 0040YKV, 0040ZLL, 0040WGK, 0040ZXX, 0040ZJS, 0040ZUE, 0040WCZ, 0040VTT, 0040VTP, 0040ZUB, 0040WHB, 0040VYG, 0040VJP, 0040ZAN, 0040WBS, 0040VVX, 0040VCZ, 0040ZYK, 0040ZJP, 0040VWR, 0040VZK, 0040ZRG, 0040URL, 0040ZHP, 0040VZL, 0040WBM, 0040UZX, 0040ZXA, 0040VLL, 0040YZE, 0040URE, 0040YTJ, 0040ZYH, 0040YVJ, 0040YNH, 0040WEU, 0040ZLV, 0040ZXP, 0040YMJ, 0040VYL, 0040ZXT, 0040ZPB, 0040ZKU, 0040YWD, 0040VLH, 0040WBA, 0040YWJ, 0040VSE, 0040WHE, 0040VWX, 0040WAJ, 0040VUG, 0040YWY, 0040UGA, 0040YND, 0040YNY, 0040YVB, 0040WBW, 0040ZLJ, 0040YPL, 0040VCP, 0040YKY, 0040ZLP, 0040ZNC, 0040VLJ, 0040VAW, 0040USG, 0040UXS, 0040VJG, 0040ZPX, 0040VUK, 0040ZNM, 0040WCH, 0040WHD, 0040ZGD, 0040ZNX, 0040ZWY, 0040VJZ, 0040ZCX, 0040ZCT, 0040USJ, 0040YPV, 0040VUM, 0040VDY, 0040URZ, 0040VAU, 0040YXW, 0040ZEP, 0040VVD, 0040VTC, 0040YWL, 0040ZAR, 0040URW, 0040USD, 0040VTD, 0040VCN, 0040VWT, 0040VTS, 0040WBK, 0040YVZ, 0040ZNS, 0040WEX, 0040UJP, 0040YXV, 0040ZNA, 0040ZJY, 0040YSD, 0040VWP, 0040VKW, 0040ZKW, 0040YTP, 0040ZNR, 0040YNA, 0040YPZ, 0040ZLH, 0040WEK, 0040UYM, 0040ZBD, 0040ZUP, 0040VKJ, 0040WCU, 0040YYX, 0040VWG, 0040VTM, 0040UXW, 0040YPK, 0040YTA, 0040WBR, 0040YWV, 0040YXX, 0040YJU, 0040YLZ, 0040ZXV, 0040VVE, 0040ZKY, 0040ZNH, 0040YYD, 0040VKS, 0040VLN, 0040VKR, 0040ZWD, 0040VMT, 0040ZGE, 0040ZWE, 0040VUL, 0040UXX, 0040YLY, 0040ZRH, 0040ZBC, 0040ZYL, 0040ZKH, 0040ZJV, 0040UJT, 0040VDW, 0040ZAT, 0040URS, 0040VVP, 0040WEJ, 0040ZUR, 0040VZJ, 0040VDV, 0040VVU, 0040YWH, 0040YZA, 0040ZAW, 0040ZHC, 0040ZWH, 0040YKL, 0040VDC, 0040YVA, 0040ZVX, 0040YTD, 0040WAW, 0040YXP, 0040YYT, 0040VJC, 0040ULV, 0040ZMY, 0040URU, 0040ZWC, 0040UHK, 0040VML, 0040YYU, 0040YXA, 0040VVK, 0040VDB, 0040YRY, 0040UKK, 0040VWZ, 0040ZNV, 0040WDX, 0040YVH, 0040YPN, 0040YXL, 0040ZHK, 0040ZAX, 0040ZXR, 0040UNJ, 0040VTB, 0040VTU, 0040VUX, 0040WED, 0040ZHW, 0040WAS, 0040YNL, 0040ZAE, 0040VEC, 0040ZAB, 0040ZWS, 0040TPS, 0040YYW, 0040ZPA, 0040ZDZ, 0040VVV, 0040YSA, 0040ZYJ, 0040ZVV, 0040UNB, 0040ZPK, 0040ZRD, 0040YTH, 0040ZYN, 0040UNA, 0040ZYA, 0040USH, 0040ZWL, 0040UZW, 0040ZXG, 0040ZWM, 0040VKT, 0040ZEC, 0040WDV, 0040ZNP, 0040ZEH, 0040ZYE, 0040YXE, 0040YRZ, 0040WGW, 0040ZCA, 0040VCU, 0040ZNG, 0040YJY, 0040ZTZ, 0040ZKE, 0040ULS, 0040ZAH, 0040VST, 0040YTK, 0040VJU, 0040YNB, 0040WGV, 0040YTB, 0040WCV, 0040ZHX, 0040YMA, 0040WBJ, 0040ZKJ, 0040WHA, 0040VJH, 0040ZDY, 0040YPW, 0040WDT, 0040VWJ, 0040VKE, 0040UGG, 0040YMC, 0040VSL, 0040YZB, 0040WEH, 0040YZZ, 0040URJ, 0040VKP, 0040ZKB, 0040VTE, 0040ZMX, 0040WDZ, 0040ZBM, 0040WAK, 0040ZYM, 0040YTR, 0040WGY, 0040VJL, 0040VSM, 0040VBP, 0040VKV, 0040ZEY, 0040YNU, 0040VVJ, 0040VMB, 0040YMG, 0040TPR, 0040ZRC, 0040ZWP, 0040VSU, 0040UGH, 0040ZNJ, 0040ZCZ, 0040VDA, 0040ZUC, 0040VEB, 0040ZPM, 0040URM, 0040ZXU, 0040WCE, 0040WBH, 0040ZLA, 0040WCX, 0040ZPW, 0040VSG, 0040VMC, 0040VBN, 0040WGA, 0040VVN, 0040YXB, 0040URH, 0040VSW, 0040VSX, 0040VWH, 0040ZEZ, 0040VKA, 0040ZUL, 0040WAR, 0040ZKT, 0040YSG, 0040UHM, 0040YPB, 0040USE, 0040VUD, 0040ZAV, 0040ZGP, 0040VJR, 0040WGU, 0040ZAD, 0040WBG, 0040YTE, 0040WET, 0040YWE, 0040ZCD, 0040WDL, 0040YXT, 0040VKC, 0040WEZ, 0040ZDT, 0040WAV, 0040ZNT, 0040VMN, 0040ZUU, 0040ZDC, 0040VLA, 0040ULY, 0040WDB, 0040WBL, 0040YWW, 0040WDW, 0040WGM, 0040ZAC, 0040YTC, 0040YZY, 0040ZCH, 0040WDS, 0040VTZ, 0040ZKN, 0040ZEN, 0040VEM, 0040ZCG, 0040VUS, 0040ZXD, 0040ZLR, 0040ZAS, 0040ZJN, 0040ZJB, 0040VJJ, 0040ZJT, 0040ZNU, 0040URV, 0040WHC, 0040VVL, 0040UZU, 0040YVE, 0040VDR, 0040YNS, 0040VWS, 0040YZV, 0040ZHV, 0040ZXW, 0040ZUD, 0040UHU, 0040ZPZ, 0040WDU, 0040VVG, 0040VKN, 0040VKU, 0040VME, 0040VTJ, 0040ZXY, 0040YJZ, 0040ZBL, 0040ZWZ, 0040ZXE, 0040ZVW, 0040VKG, 0040WBP, 0040WCN, 0040URB, 0040ZPD, 0040ZJA, 0040YZX, 0040ZPY, 0040ZXM, 0040ZMW, 0040ZXJ, 0040WBN, 0040VSN, 0040VKZ, 0040WDE, 0040ZXH, 0040WBZ, 0040VUR, 0040VYJ, 0040ZJC, 0040VJE, 0040URK, 0040ZXZ, 0040VLW, 0040YUY, 0040YRU, 0040YSX, 0040UMA, 0040VLV, 0040UJZ, 0040VWC, 0040ZGZ, 0040YKT, 0040ZBA, 0040ZGG, 0040ZVZ, 0040ZYC, 0040URR, 0040VSP, 0040YVK, 0040WAH, 0040ZCW, 0040WDH, 0040WDK, 0040ZPU, 0040VZE, 0040VZG, 0040YNG, 0040ZED, 0040WEM, 0040UGU, 0040ZAM, 0040YWG, 0040ZUA, 0040YWZ, 0040WCY, 0040ZTX, 0040ZHT, 0040ZCU, 0040URG, 0040ZJR, 0040ZWG, 0040UJR, 0040VKH, 0040ULT, 0040WEY, 0040YPX, 0040YUW, 0040YRW, 0040ZJU, 0040UNC, 0040YTN, 0040VXD, 0040ZNK, 0040VMW, 0040WAE, 0040WGD, 0040YPS, 0040WCT, 0040UGC, 0040ZPG, 0040WEP, 0040ZDP, 0040ZHA, 0040WBB, 0040VLC, 0040UMC, 0040VCK, 0040WCR, 0040WGX, 0040VJM, 0040WGL, 0040VKK, 0040UGV, 0040YLB, 0040ZBG, 0040VVW, 0040UHL, 0040ZGT, 0040YKK, 0040WCW, 0040VVY, 0040YXZ, 0040VDX, 0040ZWW, 0040ZDR, 0040VMP, 0040ZVY, 0040ULU, 0040VTN, 0040VSV, 0040ZUN, 0040UDY, 0040VZN, 0040ZEK, 0040VYD, 0040ZAK, 0040ZHN, 0040YXU, 0040WDN, 0040ZGR, 0040VWA, 0040VLS, 0040UMB, 0040VXE, 0040YNC, 0040VUH, 0040YNM, 0040VWN, 0040VUE, 0040VVR, 0040YTM, 0040UGZ, 0040ULA, 0040VWY, 0040WEC, 0040ZPH, 0040VXH, 0040YSW, 0040VWW, 0040VMX, 0040VWD, 0040WAY, 0040ZKP, 0040ZLK, 0040VAB, 0040ZKX, 0040ZVU, 0040YKM, 0040ZHU, 0040VCL, 0040ZNZ, 0040ZLT, 0040VLG, 0040ZNW, 0040WGZ, 0040UGX, 0040VMM, 0040USA, 0040VCR, 0040VTK, 0040WEV, 0040ZWT, 0040WCS, 0040ZEA, 0040VUB, 0040YXM, 0040ZKK, 0040ZDV, 0040YNT, 0040ZEB, 0040VCY, 0040ZCE, 0040VSJ, 0040UJY, 0040ZLE, 0040ZWV, 0040ZCC, 0040VSZ, 0040VUN, 0040VXC, 0040UJX, 0040VJX, 0040VMR, 0040ZJZ, 0040YMK, 0040ZBY, 0040ZKR, 0040YPH, 0040UEZ, 0040YXR, 0040ZEM, 0040VWK, 0040YNV, 0040YWA, 0040UHE, 0040VUU, 0040ZBK, 0040YNJ, 0040VZH, 0040URP, 0040ZAA, 0040VLE, 0040WAD, 0040YLA, 0040WBV, 0040ZKC, 0040ZKL, 0040YMH, 0040VKD, 0040YKA, 0040URT, 0040ZWX, 0040ZLM, 0040WDR, 0040ZPL, 0040UNM, 0040ZCV, 0040UJM, 0040YJW, 0040UZV, 0040UKM, 0040YXC, 0040YKS, 0040ZUK, 0040ZCJ, 0040ZWN, 0040VYH, 0040ZXK, 0040YRX, 0040YYY, 0040YUE"
F-SRV-EXT-CMS-ENG/AT,"0040WKJ, 0040WKG, 0040WKZ, 0040WLH, 0040WLD, 0040WKD, 0040WLB, 0040WKC, 0040WLE, 0040WKV, 0040WKP, 0040WKW, 0040WKM, 0040WKL, 0040WLA, 0040WKK, 0040WLC, 0040WKS, 0040WKX, 0040WLG, 0040WKE, 0040WKR, 0040WKU, 0040WKH, 0040WKT, 0040WKN, 0040WKY, 0040WKB, 0040ZYZ, 0040UWR, 0040YVX, 0040ZSK, 0040VRN, 0040YRL, 0040UUH, 0040ZJG, 0040VPV, 0040YUN, 0040ZVE, 0040VRT, 0040YWU, 0040VHN, 0040YLR, 0040ZMT, 0040UVZ, 0040WJC, 0040YUS, 0040UVE, 0040ZMB, 0040UAM, 0040YSL, 0040ZRL, 0040YMW, 0040UDM, 0040VXV, 0040ZVH, 0040YZK, 0040YMS, 0040YRG, 0040UCX, 0040UCV, 0040ZJK, 0040VNY, 0040ZYW, 0040ZVB, 0040YLV, 0040YMV, 0040UWC, 0040MMX, 0040ZGY, 0040VRZ, 0040ZRP, 0040UWK, 0040YUP, 0040ZLY, 0040MMN, 0040MMW, 0040UEK, 0040YMX, 0040WKA, 0040ZSM, 0040VRU, 0040UBA, 0040ZCK, 0040ZBU, 0040YSN, 0040WJS, 0040ZYX, 0040YLW, 0040MMP, 0040VHB, 0040VNB, 0040ZMN, 0040VRM, 0040MMR, 0040YSH, 0040YVM, 0040UCG, 0040VZA, 0040UUP, 0040ZJH, 0040UDX, 0040WJH, 0040VMY, 0040VXU, 0040ZGX, 0040ZET, 0040UUN, 0040VYX, 0040YZJ, 0040WJU, 0040WHX, 0040ZHG, 0040YVS, 0040YVW, 0040MNE, 0040ZZM, 0040VHA, 0040ZGV, 0040VHY, 0040ZVC, 0040MNG, 0040ZVR, 0040UCY, 0040ZGB, 0040VPS, 0040ZZV, 0040ZDN, 0040ZVM, 0040UDL, 0040UDH, 0040YLH, 0040YYK, 0040UDB, 0040UVK, 0040ZRS, 0040VSB, 0040ZVP, 0040ZMD, 0040WJG, 0040UWE, 0040VXK, 0040WJY, 0040YRA, 0040MMV, 0040MNH, 0040MNC, 0040UVS, 0040VPC, 0040VHS, 0040UET, 0040UBM, 0040UVJ, 0040WJA, 0040YSM, 0040MNJ, 0040UVY, 0040VXP, 0040VHM, 0040YRN, 0040WJE, 0040VHR, 0040VYR, 0040VYY, 0040VPR, 0040WHK, 0040ZMS, 0040WJB, 0040ZLZ, 0040ZSC, 0040VPA, 0040UEH, 0040VND, 0040MMM, 0040UBP, 0040UUC, 0040WJR, 0040ZZC, 0040ZSS, 0040VHK, 0040YKJ, 0040VRV, 0040VHP, 0040ZSV, 0040VMZ, 0040WJZ, 0040ZCR, 0040VZZ, 0040UAG, 0040YYN, 0040VYC, 0040VNL, 0040VPZ, 0040WAN, 0040VSD, 0040ZZW, 0040ZMH, 0040VZB, 0040UDG, 0040VPM, 0040ZZT, 0040UDP, 0040VHG, 0040UVL, 0040ZSG, 0040YSJ, 0040VHE, 0040YZT, 0040ZUZ, 0040VPN, 0040UDE, 0040WHN, 0040MML, 0040MMY, 0040ZTP, 0040YRH, 0040UCE, 0040WHP, 0040UDK, 0040UEU, 0040YLT, 0040YWM, 0040ZZA, 0040VYZ, 0040YUK, 0040UBH, 0040MMS, 0040ZST, 0040ZVG, 0040UWM, 0040ZTA, 0040ZZD, 0040ZJD, 0040ZZE, 0040VNN, 0040YUL, 0040ZMC, 0040VNH, 0040YUR, 0040ZVS, 0040UAY, 0040MMT, 0040YLK, 0040UDN, 0040VPB, 0040VPH, 0040VYM, 0040UAW, 0040ZVN, 0040UDA, 0040ZRV, 0040ZTB, 0040UWV, 0040VHJ, 0040WJV, 0040ZVJ, 0040YUB, 0040YVN, 0040ZUX, 0040VHH, 0040ZMP, 0040UEL, 0040UDC, 0040YRS, 0040YSR, 0040VYV, 0040YUA, 0040YMU, 0040ZCS, 0040VSC, 0040YYH, 0040ZRU, 0040ZSH, 0040WJJ, 0040VZU, 0040WJL, 0040ZEU, 0040WJN, 0040VNR, 0040VXY, 0040VHV, 0040ZVA, 0040VRX, 0040ZTC, 0040VXR, 0040ZZK, 0040ZZR, 0040YVL, 0040UUT, 0040ZBP, 0040WHU, 0040YLE, 0040ZUY, 0040YKD, 0040YRP, 0040ZBX, 0040ZSW, 0040ZTD, 0040WAM, 0040WHT, 0040WAC, 0040WAL, 0040YRK, 0040ZDK, 0040UDD, 0040VHZ, 0040ZRN, 0040ZEV, 0040ZSJ, 0040ZYU, 0040ZJM, 0040ZZN, 0040YTW, 0040ZMM, 0040ZYT, 0040YLJ, 0040VHU, 0040YKC, 0040YMM, 0040UVM, 0040YUD, 0040YKH, 0040UBK, 0040YWN, 0040UAV, 0040VHL, 0040UBL, 0040ZMR, 0040ZTH, 0040ZJL, 0040VYU, 0040VZX, 0040VRP, 0040UCD, 0040UDT, 0040VZW, 0040UUJ, 0040ZHJ, 0040UWJ, 0040UUL, 0040VRH, 0040YTY, 0040VRY, 0040UAJ, 0040YYJ, 0040YZU, 0040ZRW, 0040ZGL, 0040ZRZ, 0040UAU, 0040UAR, 0040WJP, 0040UDU, 0040ZME, 0040ZRR, 0040YWP, 0040WJX, 0040ZZX, 0040ZZG, 0040YTX, 0040UAZ, 0040UAS, 0040UWL, 0040ZSD, 0040YRC, 0040WHW, 0040VPW, 0040ZCM, 0040VXW, 0040VXM, 0040ZVL, 0040VPG, 0040UWZ, 0040UUV, 0040UVD, 0040ZTM, 0040ZZY, 0040VNE, 0040VZT, 0040ZDJ, 0040UAD, 0040VRE, 0040UDJ, 0040VRL, 0040VPL, 0040YWT, 0040ZYS, 0040ZUV, 0040MNB, 0040UDV, 0040ZML, 0040WHL, 0040VYN, 0040YZS, 0040UAT, 0040YLN, 0040VNX, 0040MMK, 0040ZSP, 0040VHC, 0040YYS, 0040UUW, 0040ZMJ, 0040VYA, 0040ZUW, 0040YLG, 0040VRW, 0040ZSN, 0040YSP, 0040ZSL, 0040UUR, 0040UWY, 0040ZTJ, 0040YMP, 0040VYT, 0040UUM, 0040UAL, 0040YZH, 0040ZMA, 0040UVR, 0040ZLX, 0040WAB, 0040VPY, 0040YSV, 0040ZGW, 0040ZGA, 0040YWR, 0040YVT, 0040VPE, 0040ZGC, 0040YSK, 0040VNW, 0040WHV, 0040ZJE, 0040ZRK, 0040YTZ, 0040VPP, 0040VZY, 0040VNU, 0040ZMG, 0040UAP, 0040VPJ, 0040UDR, 0040UEJ, 0040VZR, 0040YYG, 0040WJK, 0040ZSA, 0040VHX, 0040YUG, 0040VRA, 0040WHM, 0040VZV, 0040UWB, 0040YZL, 0040VPK, 0040WHY, 0040YMT, 0040YVV, 0040YRR, 0040VRC, 0040VRB, 0040YUH, 0040VHW, 0040ZRJ, 0040YZG, 0040ZDH, 0040ZCN, 0040ZYV, 0040MMZ, 0040UBR, 0040ZZU, 0040YMZ, 0040VNT, 0040VZS, 0040WJM, 0040VNK, 0040ZTN, 0040YKB, 0040YLD, 0040WHH, 0040ZRX, 0040YKG, 0040ZGK, 0040YUM, 0040ZBR, 0040YYR, 0040ZBN, 0040YZM, 0040ZTE, 0040VNM, 0040WAP, 0040VPD, 0040UWD, 0040UST, 0040YLU, 0040VRR, 0040ZZL, 0040YMY, 0040ZZH, 0040ZMK, 0040YYL, 0040VHD, 0040YKE, 0040UUK, 0040YUJ, 0040VNV, 0040VNA, 0040YLX, 0040YLM, 0040UCZ, 0040UVH, 0040VNG, 0040ZRY, 0040ZCL, 0040YST, 0040VNJ, 0040ZBW, 0040YRE, 0040VYS, 0040ZZJ, 0040UVC, 0040WAA, 0040VXT, 0040YLS, 0040YZN, 0040VNS, 0040WHS, 0040VNZ, 0040YRB, 0040ZZB, 0040UCC, 0040VRS, 0040ZYR, 0040ZZP, 0040YVP, 0040UCJ, 0040ZZS, 0040UBB, 0040VRJ, 0040ZVD, 0040ZTG, 0040UAX, 0040UWA, 0040YLP, 0040ZVK, 0040VXN, 0040YVR, 0040ZSX, 0040ZHH, 0040UVB, 0040MNK, 0040YLL, 0040VSA, 0040YUC, 0040YYM, 0040ZSE, 0040VYW, 0040UVN, 0040ZSU, 0040ZGM, 0040VYB, 0040YMN, 0040MNA, 0040WJD, 0040ZSY, 0040UEG, 0040YRJ, 0040VNC, 0040ZYY, 0040VNP, 0040VXX, 0040VRK, 0040YYP, 0040YMR, 0040VRG, 0040UWP, 0040ZRT, 0040WHZ, 0040UBY, 0040USU, 0040YSS, 0040ZSB, 0040UWN, 0040ZRM, 0040UAN, 0040ZTK, 0040UUS, 0040ZLW, 0040UCH, 0040ZHE, 0040ZGN, 0040VXS, 0040MMU, 0040ZDG, 0040ZBS, 0040VPU, 0040YZR, 0040ZCP, 0040UAH, 0040ZJJ, 0040VRD, 0040WJW, 0040WJT, 0040VPT, 0040UCB, 0040UUU, 0040ZBV, 0040YSU, 0040UUD, 0040ZSR, 0040VZP, 0040UDW, 0040UBN, 0040YRT, 0040YVU, 0040UAA, 0040UEE, 0040UDS, 0040ZTL, 0040MND, 0040VHT, 0040ZZZ, 0040ZDL, 0040ZDM, 0040YWS, 0040UUG, 0040UWG, 0040VYP, 0040YRM, 0040UWH, 0040YRD, 0040ZSZ, 0040ZBT, 0040WHR, 0040YZP, 0040VPX, 0040VXL"
F-SRV-EXT-COOLING,"0040MJG, 0040XVR, 0040MGZ, 0040YBB, 0040MGN, 0040MGT, 0040MGL, 0040XBH, 0040XVU, 0040MHL, 0040MJX, 0040XBK, 0040XVT, 0040MHM, 0040MJZ, 0040XMG, 0040MGU, 0040XVW, 0040MHK, 0040MJE, 0040XBV, 0040XMR, 0040MKH, 0040MHR, 0040XCC, 0040MJY, 0040XUZ, 0040XVC, 0040XBS, 0040XBR, 0040XBW, 0040MGY, 0040XMT, 0040XVB, 0040XBL, 0040XUY, 0040MHJ, 0040MJA, 0040MHV, 0040MGR, 0040XCE, 0040MGH, 0040XVX, 0040XMS, 0040XML, 0040MJK, 0040XWA, 0040XMD, 0040MJS, 0040XUV, 0040MGM, 0040MHU, 0040XMM, 0040MJP, 0040MGJ, 0040MGX, 0040MHS, 0040XBJ, 0040XVJ, 0040MGS, 0040MJC, 0040MKG, 0040XBN, 0040MKC, 0040XMP, 0040XCB, 0040MHZ, 0040MJL, 0040MHH, 0040XMH, 0040MHW, 0040MGP, 0040XVS, 0040XVE, 0040XCG, 0040XUX, 0040MHE, 0040MJJ, 0040YBA, 0040MJR, 0040MKD, 0040XBY, 0040XVV, 0040MJH, 0040MKE, 0040XBT, 0040MGK, 0040MHT, 0040XMN, 0040XVD, 0040XCD, 0040XBX, 0040MGV, 0040XVM, 0040XMK, 0040XBZ, 0040XVH, 0040XBM, 0040MJB, 0040MJU, 0040MHN, 0040XME, 0040XVY, 0040MJN, 0040MHD, 0040XBU, 0040MJW, 0040XVA, 0040XVN, 0040MJV, 0040MHG, 0040XVG, 0040XBP, 0040MKB, 0040XUW, 0040MGW, 0040MHY, 0040YBC, 0040MJT, 0040XVL, 0040MHX, 0040XMJ, 0040XCA, 0040YBD, 0040MHA, 0040XVP, 0040MJD, 0040MJM, 0040XVK, 0040XVZ, 0040MKA, 0040MHB, 0040MHC, 0040MHP"
F-SRV-EXT-DASH-HVAC,"0040NRG, 0040JEX, 0040JGL, 0040NRJ, 0040JGN, 0040JEZ, 0040NRD, 0040JGK, 0040NRM, 0040NRP, 0040JGB, 0040JGA, 0040NRC, 0040JGP, 0040JEY, 0040NRE, 0040JGE, 0040NRH, 0040NRB, 0040JGJ, 0040JGM, 0040NRK, 0040NRN, 0040NRL, 0040JGC, 0040JGH, 0040JGG, 0040JGD"
F-SRV-EXT-DEF-COMPS,"0040UTZ, 0040XKG, 0040XKM, 0040UTN, 0040UTG, 0040XKE, 0040UTY, 0040UTJ, 0040UTS, 0040XKL, 0040XKS, 0040UTR, 0040UUA, 0040UTL, 0040XJY, 0040XKA, 0040UTU, 0040XKH, 0040XKC, 0040UTM, 0040XKB, 0040UUB, 0040UTV, 0040XKP, 0040XKV, 0040UTW, 0040UTH, 0040XKJ, 0040XKD, 0040XKU, 0040XKT, 0040UTT, 0040UTK, 0040XKR, 0040UTX, 0040UTP, 0040UTE, 0040XJZ, 0040XKK, 0040XKN"
F-SRV-EXT-EATON/XMBR,"0040TZR, 0040HWR, 0040HXB, 0040JHB, 0040HWY, 0040JHG, 0040TZT, 0040HXE, 0040TYU, 0040TZU, 0040TZE, 0040HWZ, 0040TYX, 0040HXD, 0040TYR, 0040SRM, 0040TYN, 0040HWW, 0040TYW, 0040SPY, 0040TXY, 0040JHA, 0040SRG, 0040HWL, 0040TYL, 0040JGY, 0040TYC, 0040JHD, 0040TZP, 0040JGX, 0040TZG, 0040SRE, 0040JGZ, 0040TYM, 0040SRC, 0040TZB, 0040TZH, 0040SRB, 0040SSB, 0040TZN, 0040JHE, 0040SSA, 0040TYY, 0040HWS, 0040HXA, 0040TYK, 0040SRZ, 0040SRA, 0040SRL, 0040TYZ, 0040HXC, 0040HWM, 0040TXW, 0040HWK, 0040TZX, 0040HWX, 0040TZJ, 0040HWU, 0040SRK, 0040TYT, 0040SPX, 0040HWN, 0040TZC, 0040SRH, 0040SRD, 0040TYH, 0040TXZ, 0040JHC, 0040TYB, 0040TYA, 0040TZM, 0040HWT, 0040SPZ, 0040SPW, 0040TZK, 0040TYD, 0040TZD, 0040HWP, 0040TZA, 0040TXX, 0040TYG, 0040TYP, 0040TZW, 0040HWJ, 0040TYS, 0040TZL, 0040HWV, 0040TZS, 0040TYV, 0040SPV, 0040SRJ, 0040TZV, 0040TYE, 0040TYJ"
F-SRV-EXT-ELECTRICAL,"0040NKU, 0040NMP, 0040NLY, 0040XMX, 0040MLS, 0040NMM, 0040YJM, 0040NLE, 0040XWV, 0040XCL, 0040MLW, 0040NKT, 0040NLG, 0040NMZ, 0040XWH, 0040NKV, 0040NLU, 0040XNN, 0040NMX, 0040XNA, 0040XNB, 0040NMB, 0040NLB, 0040XWN, 0040YBJ, 0040MLT, 0040NLJ, 0040XXH, 0040NLM, 0040NMK, 0040XDB, 0040NKL, 0040NND, 0040XWY, 0040XCM, 0040XWJ, 0040NMW, 0040XXA, 0040XCU, 0040NMT, 0040XWM, 0040XMZ, 0040XWT, 0040YJE, 0040NNE, 0040XMU, 0040NLX, 0040NMR, 0040NKH, 0040XCH, 0040NKK, 0040MMA, 0040XWP, 0040NNG, 0040XCZ, 0040XWW, 0040NKG, 0040XXD, 0040NML, 0040NKS, 0040NLV, 0040XMV, 0040XNM, 0040XWD, 0040NKP, 0040NLD, 0040NKD, 0040NLL, 0040NLA, 0040MLX, 0040XWK, 0040XWS, 0040XDC, 0040NMC, 0040NKN, 0040XND, 0040NLS, 0040YJS, 0040NLW, 0040NKJ, 0040NNH, 0040NLN, 0040YBE, 0040NMS, 0040XWE, 0040NKX, 0040XMW, 0040XCY, 0040XXE, 0040XCS, 0040XNG, 0040XCN, 0040NMD, 0040YJT, 0040YJL, 0040NLC, 0040YJH, 0040XCW, 0040YJR, 0040XWB, 0040MLY, 0040NKY, 0040NNK, 0040XNH, 0040XWR, 0040YJG, 0040NLH, 0040YBG, 0040YJP, 0040XMY, 0040MLZ, 0040XCX, 0040XNE, 0040XCP, 0040YBH, 0040XNC, 0040NMG, 0040NLZ, 0040NLK, 0040XXB, 0040YJJ, 0040XDD, 0040NMY, 0040XCJ, 0040XWZ, 0040XCT, 0040NMA, 0040XCK, 0040MMB, 0040MLU, 0040XDE, 0040NMV, 0040NKR, 0040XCV, 0040NRA, 0040NKM, 0040NMH, 0040NNJ, 0040XWX, 0040YJK, 0040NLR, 0040XDA, 0040XWC, 0040NNA, 0040NMU, 0040NKE, 0040NMJ, 0040NKZ, 0040NNB, 0040XNL, 0040MMD, 0040XWU, 0040XNK, 0040XCR, 0040NME, 0040XWG, 0040XNJ, 0040NKW, 0040MMC, 0040YJN, 0040NMN, 0040XWL, 0040XDG, 0040XXC, 0040NLP, 0040NNC, 0040MLV, 0040XXG, 0040NLT"
F-SRV-EXT-ENG-M/COMP,"0040MVG, 0040SSE, 0040E24, 0040E23, 0040XJX, 0040K40, 0040MVE, 0040XJW, 0040A94, 0040A93, 0040K41"
F-SRV-EXT-ENG/AFTR,"0040J02, 0040J95, 0040CDZ, 0040J76, 0040MTC, 0040A52, 0040J98, 0040MXW, 0040D77, 0040CDS, 0040A33, 0040C56, 0040H99, 0040J64, 0040D57, 0040MWC, 0040MVN, 0040MWJ, 0040J67, 0040D81, 0040C70, 0040J86, 0040XTC, 0040MYC, 0040MXC, 0040C84, 0040PXX, 0040XHE, 0040PXK, 0040H79, 0040J74, 0040MXG, 0040PXN, 0040MYG, 0040D84, 0040D48, 0040MXP, 0040D54, 0040A43, 0040J84, 0040C65, 0040J58, 0040D58, 0040A28, 0040PXR, 0040D63, 0040MWZ, 0040MVM, 0040L29, 0040C91, 0040MYK, 0040MVY, 0040H81, 0040A38, 0040D87, 0040A30, 0040MWU, 0040J69, 0040A11, 0040H91, 0040ATL, 0040MXU, 0040MSU, 0040D80, 0040MTK, 0040TRK, 0040C72, 0040H97, 0040C52, 0040J12, 0040J62, 0040C93, 0040MXE, 0040XTH, 0040H89, 0040A36, 0040A37, 0040ATC, 0040D62, 0040H86, 0040C63, 0040C71, 0040XTB, 0040MTB, 0040PYC, 0040XSX, 0040A44, 0040A19, 0040A12, 0040J61, 0040J66, 0040D67, 0040A31, 0040L31, 0040MWP, 0040C66, 0040D68, 0040H83, 0040PYA, 0040L18, 0040C51, 0040A53, 0040C77, 0040TRB, 0040MVJ, 0040A56, 0040MSN, 0040MVK, 0040MVW, 0040MVP, 0040A14, 0040ATH, 0040TRC, 0040J19, 0040D43, 0040D44, 0040ATB, 0040TRJ, 0040D78, 0040H85, 0040D41, 0040J09, 0040MTM, 0040ASN, 0040A26, 0040H96, 0040D56, 0040J65, 0040XHC, 0040D60, 0040MWD, 0040C95, 0040A46, 0040J57, 0040MVX, 0040A34, 0040C73, 0040C79, 0040MSW, 0040TPY, 0040J80, 0040TRG, 0040A18, 0040C48, 0040MYA, 0040J93, 0040H78, 0040A42, 0040H76, 0040ASL, 0040A20, 0040MYB, 0040MWL, 0040L19, 0040MTN, 0040MST, 0040D49, 0040L24, 0040MTD, 0040C67, 0040MTH, 0040J17, 0040C88, 0040C53, 0040J70, 0040H82, 0040J88, 0040J68, 0040XHK, 0040C86, 0040AVT, 0040D75, 0040TPT, 0040L28, 0040J16, 0040J78, 0040A45, 0040MXT, 0040C80, 0040MXV, 0040A40, 0040A27, 0040PXP, 0040C94, 0040L32, 0040PXG, 0040MXJ, 0040ATE, 0040MSV, 0040MXB, 0040C78, 0040A25, 0040K04, 0040TRH, 0040C58, 0040PXU, 0040XSU, 0040MVT, 0040MTJ, 0040MVH, 0040L23, 0040A13, 0040XTA, 0040D79, 0040XSY, 0040TRD, 0040J59, 0040ASS, 0040L30, 0040MWR, 0040J79, 0040MWK, 0040XHP, 0040XHD, 0040D45, 0040TRM, 0040MYM, 0040MTA, 0040MYH, 0040MXA, 0040C90, 0040J63, 0040TRP, 0040MXZ, 0040MXH, 0040D66, 0040J14, 0040MWE, 0040D47, 0040K01, 0040MVZ, 0040C76, 0040MXR, 0040J07, 0040PXV, 0040A47, 0040MXN, 0040XSZ, 0040XTG, 0040ATK, 0040XHA, 0040D71, 0040MXL, 0040XHN, 0040D51, 0040MWB, 0040A39, 0040C50, 0040MTE, 0040MYD, 0040D42, 0040H74, 0040MWG, 0040TRR, 0040J21, 0040K02, 0040J94, 0040A32, 0040D73, 0040H75, 0040J87, 0040TRE, 0040MVR, 0040C82, 0040D59, 0040J08, 0040C89, 0040C59, 0040H87, 0040J82, 0040D69, 0040C75, 0040J11, 0040MWS, 0040XHH, 0040ASM, 0040D74, 0040PXW, 0040PXY, 0040XHL, 0040D72, 0040ASP, 0040A51, 0040A35, 0040J92, 0040J06, 0040MSZ, 0040MXK, 0040MXS, 0040C83, 0040CDV, 0040MVS, 0040ATG, 0040L25, 0040J05, 0040XHB, 0040MTL, 0040D40, 0040MVU, 0040MXY, 0040D46, 0040J91, 0040MYN, 0040J90, 0040MVL, 0040A15, 0040J04, 0040J73, 0040PYB, 0040L33, 0040L20, 0040ATJ, 0040D50, 0040C60, 0040C69, 0040H95, 0040MSY, 0040XTD, 0040L27, 0040ASR, 0040XHG, 0040D53, 0040MWY, 0040D85, 0040J01, 0040MYJ, 0040C74, 0040C68, 0040J85, 0040MWA, 0040D64, 0040C92, 0040C62, 0040J97, 0040H92, 0040PYD, 0040MSX, 0040TPW, 0040ATD, 0040PRJ, 0040TPX, 0040PXL, 0040D55, 0040XHM, 0040C64, 0040J81, 0040J71, 0040J99, 0040J72, 0040C87, 0040MTG, 0040D65, 0040J83, 0040J00, 0040J13, 0040MSP, 0040MWH, 0040L22, 0040A24, 0040TRL, 0040A23, 0040J75, 0040A29, 0040TPU, 0040H88, 0040PYG, 0040A41, 0040PXT, 0040MWM, 0040MTP, 0040TRN, 0040MYE, 0040TRA, 0040D70, 0040PXZ, 0040A50, 0040A55, 0040A10, 0040MXX, 0040A49, 0040XSW, 0040TRS, 0040MSS, 0040C57, 0040MWX, 0040J15, 0040C61, 0040XSV, 0040J10, 0040MWW, 0040MWV, 0040MVV, 0040J77, 0040TPZ, 0040PYH, 0040H77, 0040MXD, 0040J89, 0040MXM, 0040D86, 0040D83, 0040A17, 0040J60, 0040A16, 0040CDW, 0040D76, 0040D61, 0040A57, 0040MWT, 0040C54, 0040J03, 0040H94, 0040J18, 0040PXS, 0040H90, 0040D82, 0040C81, 0040H98, 0040XHJ, 0040PYE, 0040C55, 0040C85, 0040A48, 0040A22, 0040XTE, 0040L26, 0040J96, 0040C49, 0040H80, 0040L21, 0040MWN, 0040D52, 0040PRK, 0040A21, 0040MSR, 0040K00, 0040TPV, 0040MYL, 0040H93, 0040H84, 0040K03, 0040A54, 0040J20"
F-SRV-EXT-ENGINE,"0040D19, 0040YER, 0040YDS, 0040TPL, 0040K37, 0040A82, 0040J25, 0040K19, 0040XJB, 0040J31, 0040K39, 0040J37, 0040E19, 0040J44, 0040MUN, 0040SYM, 0040D88, 0040E06, 0040C99, 0040XJE, 0040D28, 0040A77, 0040A89, 0040K11, 0040XJM, 0040D29, 0040K28, 0040A70, 0040A80, 0040A64, 0040E08, 0040PZH, 0040YDU, 0040D05, 0040MUL, 0040K12, 0040AST, 0040A62, 0040J45, 0040D20, 0040MUR, 0040E22, 0040MUJ, 0040ASD, 0040XJJ, 0040MUT, 0040MUS, 0040ASX, 0040TXS, 0040E04, 0040K09, 0040SXU, 0040J48, 0040C98, 0040TPJ, 0040J55, 0040K31, 0040A91, 0040ASW, 0040PZJ, 0040XJT, 0040MUH, 0040D23, 0040TXG, 0040A86, 0040XHX, 0040K24, 0040ASE, 0040C96, 0040MUA, 0040E02, 0040A72, 0040J23, 0040TXE, 0040A71, 0040D03, 0040XJU, 0040D04, 0040TXH, 0040A79, 0040D93, 0040MUK, 0040E15, 0040A66, 0040TXV, 0040J38, 0040MUP, 0040TWV, 0040YDV, 0040TPK, 0040SYA, 0040PNJ, 0040MUE, 0040PNP, 0040YEJ, 0040PNL, 0040J36, 0040PYU, 0040PYV, 0040J39, 0040K18, 0040SYL, 0040PNM, 0040E12, 0040J27, 0040K35, 0040YDY, 0040A87, 0040J29, 0040E01, 0040J54, 0040J32, 0040D09, 0040AVR, 0040E00, 0040D07, 0040SYJ, 0040MVD, 0040D00, 0040MUM, 0040K06, 0040D30, 0040ASU, 0040E05, 0040D08, 0040XHW, 0040K29, 0040J56, 0040J34, 0040TXK, 0040J41, 0040TXT, 0040D12, 0040YEN, 0040D14, 0040YDW, 0040E11, 0040YEB, 0040MUC, 0040YEK, 0040D21, 0040J50, 0040D01, 0040C97, 0040D16, 0040TPM, 0040PNT, 0040D17, 0040A75, 0040MUD, 0040YEA, 0040SYB, 0040A59, 0040A65, 0040MVB, 0040XHV, 0040MTW, 0040XHT, 0040XHS, 0040XJS, 0040MTR, 0040J28, 0040YEG, 0040ASG, 0040A68, 0040K08, 0040J47, 0040YDZ, 0040E20, 0040D22, 0040XJN, 0040PYZ, 0040K20, 0040SSC, 0040AVN, 0040YDX, 0040K22, 0040D94, 0040D98, 0040MUW, 0040PYX, 0040A76, 0040K27, 0040K36, 0040K34, 0040SXV, 0040A74, 0040ASV, 0040ASH, 0040J30, 0040TXM, 0040J35, 0040SSG, 0040E09, 0040D13, 0040YDT, 0040YED, 0040E03, 0040XHU, 0040D89, 0040K17, 0040XHZ, 0040YEE, 0040A69, 0040SXX, 0040PNR, 0040MVA, 0040ASK, 0040D24, 0040D25, 0040E07, 0040K05, 0040J43, 0040D95, 0040K13, 0040A85, 0040J33, 0040D02, 0040D18, 0040XHY, 0040TWU, 0040PNG, 0040D96, 0040MTS, 0040A78, 0040D11, 0040YEP, 0040A81, 0040XJL, 0040MUU, 0040YEC, 0040YEM, 0040K21, 0040K32, 0040A88, 0040SSP, 0040K23, 0040E18, 0040SXY, 0040XJD, 0040MUG, 0040YEH, 0040D91, 0040MTV, 0040E16, 0040J52, 0040XJA, 0040A90, 0040XJP, 0040XJC, 0040A60, 0040A67, 0040XJV, 0040MTT, 0040SXW, 0040A83, 0040A63, 0040PNK, 0040D27, 0040J53, 0040XJK, 0040SYH, 0040D06, 0040K10, 0040D10, 0040J46, 0040K15, 0040K16, 0040SYK, 0040E13, 0040E14, 0040D15, 0040MUZ, 0040K33, 0040MUV, 0040XJR, 0040MVC, 0040D97, 0040D92, 0040K14, 0040MUB, 0040J40, 0040XHR, 0040AVP, 0040J51, 0040K07, 0040A92, 0040MUX, 0040J24, 0040E21, 0040MTY, 0040SYC, 0040K38, 0040D99, 0040MTU, 0040TXJ, 0040SXZ, 0040A73, 0040K30, 0040XJH, 0040D90, 0040AVM, 0040E17, 0040K26, 0040J49, 0040J42, 0040E10, 0040TXP, 0040A84, 0040XJG, 0040D26, 0040K25, 0040A58, 0040J26, 0040MTZ, 0040PNN, 0040J22, 0040A61, 0040YEL, 0040AVS, 0040MUY, 0040ASJ, 0040MTX"
F-SRV-EXT-FRAME,"0040EUE, 0040XBD, 0040EUG, 0040XBE, 0040XBG, 0040EUD"
F-SRV-EXT-HTR/AC,"0040YBM, 0040YBL, 0040NJT, 0040XXJ, 0040XYK, 0040XXU, 0040XDN, 0040XXN, 0040XDZ, 0040XYM, 0040XDP, 0040NGC, 0040XYP, 0040XPB, 0040XYN, 0040NHS, 0040NHC, 0040XDV, 0040NPY, 0040XXS, 0040NJU, 0040XEA, 0040NJG, 0040XXZ, 0040NGP, 0040NJB, 0040NJZ, 0040NGH, 0040NPW, 0040NHA, 0040NJS, 0040NGR, 0040XXK, 0040XNP, 0040NGX, 0040NHU, 0040NGT, 0040XDM, 0040NPV, 0040NPX, 0040NJM, 0040NGD, 0040NJY, 0040XED, 0040XYA, 0040XNU, 0040XXR, 0040NHY, 0040NHE, 0040XDX, 0040XEE, 0040XEC, 0040NJP, 0040XYC, 0040XTU, 0040XXW, 0040XDL, 0040XNW, 0040NHL, 0040NGN, 0040XPC, 0040NHM, 0040XNR, 0040NJV, 0040NJA, 0040XYB, 0040NJX, 0040NGM, 0040NGU, 0040XTV, 0040XYG, 0040XPA, 0040XNY, 0040NHR, 0040NGL, 0040NJC, 0040XXL, 0040NGS, 0040NJK, 0040NHV, 0040NJW, 0040NJD, 0040NHB, 0040XNT, 0040XNS, 0040NJE, 0040XTW, 0040NHW, 0040NHJ, 0040YBK, 0040NGJ, 0040NJL, 0040XXT, 0040XXM, 0040XDW, 0040NGZ, 0040NHG, 0040NHK, 0040XDU, 0040NHN, 0040XNV, 0040NGK, 0040NJR, 0040NGW, 0040NHH, 0040XDJ, 0040NJJ, 0040XDY, 0040NJN, 0040XDK, 0040XYE, 0040NHX, 0040NGV, 0040XTT, 0040NHP, 0040NKA, 0040XDS, 0040NKB, 0040XEG, 0040XDT, 0040NPZ, 0040XXX, 0040XYH, 0040XYJ, 0040XXY, 0040XDR, 0040YBN, 0040XXV, 0040NJH, 0040XXP, 0040NGY, 0040NHD, 0040XDH, 0040XYD, 0040XNX, 0040XEB, 0040NGG, 0040NKC, 0040XNZ, 0040NGE, 0040NHT, 0040XYL, 0040NHZ"
F-SRV-EXT-INTL_CLUTC,"0040MYR, 0040AUJ, 0040ATP, 0040AUH, 0040AUZ, 0040AUL, 0040MYP, 0040MYV, 0040AUK, 0040ATN, 0040AUY, 0040ATM, 0040MYW"
F-SRV-EXT-INTL_XMSN,"0040MYS, 0040AUE, 0040MYY, 0040AUC, 0040AUG, 0040MYX, 0040AUD, 0040AVE, 0040AVD, 0040MYU, 0040MYT, 0040ASB, 0040ASA, 0040AUB, 0040ASC, 0040AVC"
F-SRV-EXT-MAJOR/COMP,"0040XEY, 0040XYW, 0040YBU, 0040XZG, 0040LXX, 0040LTZ, 0040YBW, 0040XES, 0040YDJ, 0040YBV, 0040YDL, 0040YDR, 0040LTV, 0040XET, 0040LWZ, 0040XGB, 0040LYK, 0040LUH, 0040XPG, 0040LUX, 0040YCD, 0040XGE, 0040XZA, 0040LWU, 0040LUA, 0040LYC, 0040LXC, 0040YDB, 0040XPD, 0040YCE, 0040XGJ, 0040LWR, 0040LTW, 0040LTX, 0040XPL, 0040YCY, 0040YDM, 0040YCC, 0040LYE, 0040XEW, 0040LWJ, 0040LXG, 0040LWG, 0040LWA, 0040LUS, 0040YCH, 0040LUC, 0040LWM, 0040XPK, 0040LXZ, 0040LUV, 0040YDP, 0040XEK, 0040LWD, 0040XEL, 0040LYA, 0040XYY, 0040LWL, 0040LUD, 0040XYR, 0040XYU, 0040XPH, 0040LWT, 0040XGA, 0040LUL, 0040LXE, 0040XEU, 0040LWC, 0040XER, 0040LUW, 0040YCA, 0040XEH, 0040YBY, 0040LTY, 0040XYZ, 0040XPP, 0040LXH, 0040LUM, 0040LUE, 0040XYX, 0040LYG, 0040LUN, 0040YBX, 0040XGH, 0040XEX, 0040LYL, 0040LWX, 0040LUY, 0040YBS, 0040LUB, 0040LYD, 0040XPJ, 0040YCB, 0040YDH, 0040LWK, 0040LYH, 0040XGG, 0040LUG, 0040LWH, 0040LYB, 0040XPM, 0040LXA, 0040XYV, 0040LXD, 0040LTS, 0040LUU, 0040XEJ, 0040XEZ, 0040LTT, 0040XZB, 0040YDN, 0040YDD, 0040LUR, 0040XEN, 0040XYT, 0040XGC, 0040XYS, 0040LXY, 0040LWW, 0040YBT, 0040LVB, 0040LXB, 0040XEP, 0040XEM, 0040YDK, 0040YDA, 0040YBZ, 0040XPS, 0040YCX, 0040LWN, 0040YDG, 0040XEV, 0040XPT, 0040LUJ, 0040LWV, 0040XZD, 0040XZE, 0040LUT, 0040LYJ, 0040XPR, 0040XGD, 0040XPE, 0040YDC, 0040LUZ, 0040LUK, 0040LWS, 0040YBP, 0040YCG, 0040LVA, 0040YCZ, 0040XPN, 0040LTU, 0040LUP, 0040YBR, 0040LWB, 0040LWY, 0040YDE, 0040XZC, 0040LWP, 0040LWE"
F-SRV-EXT-MP-N/IDL,"0040HZA, 0040HZC, 0040XSJ, 0040XSH, 0040HYZ, 0040HZD, 0040XSE, 0040XSK, 0040HZB, 0040XSG"
F-SRV-EXT-START/ALT,"0040YHW, 0040XRD, 0040LKM, 0040LKB, 0040KUN, 0040EUM, 0040JUZ, 0040XZV, 0040XGL, 0040XZY, 0040XGZ, 0040XPW, 0040XGV, 0040KUR, 0040YJC, 0040MEW, 0040JUX, 0040XPZ, 0040KUH, 0040MGB, 0040XRH, 0040XGT, 0040XZW, 0040YHV, 0040XGN, 0040KUP, 0040MER, 0040LKS, 0040KUK, 0040KUS, 0040JUY, 0040YHX, 0040XRB, 0040YHT, 0040XRC, 0040MEY, 0040XPX, 0040XZN, 0040LKL, 0040LKG, 0040MEN, 0040LKK, 0040YJD, 0040MEP, 0040KUE, 0040XGK, 0040EUK, 0040MET, 0040XZU, 0040JUV, 0040XGR, 0040JUU, 0040LKD, 0040EUJ, 0040XZM, 0040MEM, 0040XGY, 0040XZJ, 0040XZP, 0040MEX, 0040YHY, 0040XPY, 0040KUL, 0040LKH, 0040MEV, 0040LKT, 0040XGM, 0040LKN, 0040XZX, 0040XZH, 0040MES, 0040XZS, 0040KUG, 0040LKR, 0040YJA, 0040JUW, 0040XPU, 0040KUJ, 0040MEU, 0040EUP, 0040LKC, 0040XGW, 0040XGP, 0040XZK, 0040KUT, 0040MGA, 0040EUL, 0040XGU, 0040YHS, 0040LKE, 0040KUM, 0040XRG, 0040YHU, 0040XZR, 0040XGX, 0040XRJ, 0040XGS, 0040LKP, 0040YJB, 0040YHZ, 0040XPV, 0040XRE, 0040XZL, 0040EUH, 0040XRA, 0040XZT, 0040JVA, 0040MEZ, 0040LKJ, 0040EUN"
F-SRV-EXT-STRG/SYS,"0040MEL, 0040XRX, 0040XSB, 0040XRV, 0040MEJ, 0040XRY, 0040XRZ, 0040XSA, 0040MEH, 0040XSD, 0040MED, 0040MEK, 0040MEB, 0040XSC, 0040MEE, 0040MEG, 0040XRW, 0040MEC"
F-SRV-EXT-SUSPENSION,"0040LYM, 0040LYS, 0040XRL, 0040XRU, 0040XRM, 0040XRT, 0040XRK, 0040LYP, 0040LYT, 0040LYW, 0040XRP, 0040XRS, 0040LYU, 0040LYR, 0040XRN, 0040LYV, 0040XRR, 0040LYN"
F-SRV-EXT-TOW-SERVIC,"0040YEV, 0040AUX, 0040RAW, 0040YGA, 0040M41, 0040M38, 0040L38, 0040RAL, 0040JEH, 0040JED, 0040RAR, 0040RAT, 0040RAD, 0040L35, 0040RAG, 0040AUS, 0040AUM, 0040YGB, 0040AUP, 0040L39, 0040RAB, 0040MRU, 0040RAV, 0040L37, 0040ATX, 0040L34, 0040MRY, 0040ATU, 0040RAU, 0040JEE, 0040ATR, 0040RAE, 0040ATZ, 0040AUT, 0040AUW, 0040RBK, 0040YEY, 0040RAH, 0040RBE, 0040RAP, 0040JEM, 0040RBB, 0040M37, 0040AUV, 0040JEK, 0040MRV, 0040AUR, 0040YES, 0040RBD, 0040RAC, 0040AUN, 0040ATW, 0040KMD, 0040RBA, 0040RAZ, 0040M39, 0040KMA, 0040RBH, 0040MRX, 0040L36, 0040AUU, 0040RAX, 0040JEG, 0040RBJ, 0040ATS, 0040YEW, 0040ATV, 0040RBG, 0040YEU, 0040YEZ, 0040JEJ, 0040RAJ, 0040M40, 0040RAY, 0040YET, 0040JHS, 0040AUA, 0040MRW, 0040ATY, 0040JEL, 0040RAK, 0040YEX, 0040RBC, 0040ATT, 0040M42, 0040RAM"
F-SRV-EXT-VEH-COVERA,"0040A06, 0040AYX, 0040PRM, 0040B54, 0040PWZ, 0040XAD, 0040XLY, 0040AZX, 0040XLM, 0040PRS, 0040PLR, 0040MPS, 0040AXU, 0040B18, 0040B60, 0040A96, 0040MRB, 0040AXA, 0040XAJ, 0040PSA, 0040PUJ, 0040D37, 0040JHT, 0040H48, 0040PWK, 0040YAJ, 0040AXB, 0040XAV, 0040B24, 0040YGW, 0040PPE, 0040MSL, 0040B15, 0040PVB, 0040MRN, 0040PWX, 0040MPD, 0040MNY, 0040XLD, 0040PLH, 0040H45, 0040MRJ, 0040YHD, 0040AZB, 0040YAZ, 0040PTX, 0040B32, 0040XAY, 0040AXL, 0040PSS, 0040PLP, 0040XLA, 0040PPW, 0040H66, 0040PTJ, 0040H36, 0040XAR, 0040K50, 0040MSJ, 0040PSY, 0040PWJ, 0040YCU, 0040C46, 0040YCN, 0040H69, 0040PXB, 0040YAV, 0040B22, 0040PTL, 0040PSG, 0040PRC, 0040B50, 0040XUA, 0040B00, 0040C42, 0040WLW, 0040YGK, 0040PVC, 0040XAW, 0040XKY, 0040AXR, 0040WLP, 0040H64, 0040AYD, 0040WLJ, 0040AXP, 0040WLX, 0040XAE, 0040WLM, 0040YCM, 0040YAE, 0040XUS, 0040PLC, 0040PPD, 0040MPA, 0040K44, 0040PWU, 0040B25, 0040YAY, 0040MRA, 0040MSG, 0040PUB, 0040YGZ, 0040MPH, 0040JEN, 0040A95, 0040YAX, 0040MPU, 0040YHP, 0040XAU, 0040YGM, 0040C47, 0040H40, 0040PPR, 0040B43, 0040AZA, 0040PUC, 0040MPL, 0040PRV, 0040JJA, 0040AXH, 0040YHJ, 0040AXD, 0040AYN, 0040YCK, 0040AXC, 0040PPZ, 0040H57, 0040WLY, 0040PUZ, 0040PRE, 0040YGT, 0040PVD, 0040XUC, 0040A01, 0040PUN, 0040XTK, 0040PUS, 0040B47, 0040XKX, 0040PUD, 0040AXK, 0040YGR, 0040PSD, 0040D34, 0040MNU, 0040XAT, 0040YAC, 0040AVW, 0040PTW, 0040PMJ, 0040B59, 0040YHL, 0040PVX, 0040XLG, 0040AXN, 0040B39, 0040PWW, 0040YHE, 0040XMB, 0040YAH, 0040XTX, 0040YHN, 0040B04, 0040PSK, 0040XST, 0040MRL, 0040JEU, 0040JEP, 0040JET, 0040XAK, 0040B42, 0040YGD, 0040PPY, 0040AYZ, 0040B23, 0040YGS, 0040YAK, 0040PUR, 0040B44, 0040B07, 0040MNW, 0040XTN, 0040XLH, 0040PSW, 0040A08, 0040MPV, 0040PTS, 0040D39, 0040XTS, 0040MRP, 0040K43, 0040PSX, 0040PTP, 0040YAT, 0040RBL, 0040YAS, 0040AYU, 0040AZY, 0040H46, 0040MPC, 0040PXC, 0040MPB, 0040MSM, 0040MNT, 0040H60, 0040XUK, 0040K46, 0040MNX, 0040PRU, 0040C39, 0040XUB, 0040XLN, 0040H49, 0040PRA, 0040PLN, 0040A03, 0040PUP, 0040MNV, 0040MRD, 0040AZD, 0040B09, 0040H43, 0040YCT, 0040XLX, 0040AZW, 0040MRH, 0040H68, 0040PUL, 0040PPK, 0040XSP, 0040XUM, 0040MPP, 0040B08, 0040PTV, 0040YHH, 0040A09, 0040XUR, 0040AXT, 0040MPX, 0040PTH, 0040H53, 0040PTM, 0040MSH, 0040PPU, 0040H70, 0040YGC, 0040YAW, 0040WLS, 0040B06, 0040XSL, 0040PTY, 0040D32, 0040XLR, 0040PXD, 0040B66, 0040PJW, 0040H52, 0040PSJ, 0040XAL, 0040XLJ, 0040XKW, 0040YCL, 0040H65, 0040XUL, 0040WLN, 0040XKZ, 0040AXS, 0040PXE, 0040PUG, 0040XTJ, 0040PRY, 0040XLW, 0040XAP, 0040YCS, 0040YHM, 0040XAZ, 0040K49, 0040K45, 0040XLL, 0040WLU, 0040H38, 0040AZR, 0040B64, 0040AYC, 0040YHA, 0040YAD, 0040YAU, 0040H54, 0040YAB, 0040AVX, 0040B61, 0040XLB, 0040PPX, 0040PPA, 0040PRG, 0040B52, 0040XLU, 0040AYP, 0040PWA, 0040YGL, 0040PRN, 0040PPV, 0040XAA, 0040MSE, 0040AYM, 0040PSH, 0040XUJ, 0040H50, 0040MPZ, 0040B34, 0040XLZ, 0040JES, 0040PPH, 0040PNZ, 0040XUT, 0040A07, 0040AZS, 0040YAR, 0040AZN, 0040H67, 0040B16, 0040B55, 0040H51, 0040YAL, 0040WLL, 0040MRK, 0040PRP, 0040H73, 0040B53, 0040AYB, 0040B26, 0040MNZ, 0040YGU, 0040PLB, 0040C45, 0040AXY, 0040H35, 0040PST, 0040PPC, 0040JEV, 0040MSK, 0040MRE, 0040PRB, 0040YCP, 0040XUG, 0040B17, 0040YHG, 0040AZP, 0040AXZ, 0040MSD, 0040PTG, 0040XAM, 0040B63, 0040XTP, 0040B48, 0040MRM, 0040PPS, 0040H55, 0040PRT, 0040K48, 0040PPT, 0040B65, 0040MPG, 0040H58, 0040PRL, 0040AYW, 0040C41, 0040B56, 0040C43, 0040B49, 0040PTU, 0040AXX, 0040AXM, 0040MRC, 0040XMA, 0040H37, 0040H59, 0040D36, 0040D33, 0040MPN, 0040YHB, 0040AXW, 0040MPK, 0040AVY, 0040H42, 0040XTR, 0040H41, 0040B62, 0040MRG, 0040YGE, 0040B13, 0040B51, 0040XLS, 0040PRR, 0040B41, 0040AXJ, 0040A05, 0040H56, 0040YGG, 0040PLE, 0040PTN, 0040B05, 0040AYA, 0040AZT, 0040PUM, 0040JEW, 0040D38, 0040H47, 0040B31, 0040YGX, 0040PUK, 0040YAM, 0040PKZ, 0040PUE, 0040YCW, 0040XSS, 0040B27, 0040XUD, 0040PLJ, 0040YHR, 0040AZU, 0040D31, 0040H63, 0040XUH, 0040B45, 0040XZZ, 0040PWH, 0040A04, 0040XMC, 0040XAS, 0040JER, 0040MPJ, 0040AYR, 0040K47, 0040H39, 0040AZC, 0040MPT, 0040B58, 0040A02, 0040D35, 0040YGY, 0040K42, 0040PWL, 0040PVG, 0040PLL, 0040WLV, 0040PSB, 0040C44, 0040PVH, 0040PKV, 0040YAG, 0040B38, 0040B36, 0040AZV, 0040A99, 0040B33, 0040PRW, 0040XAC, 0040H72, 0040PSN, 0040XTM, 0040B14, 0040PUX, 0040PUY, 0040PKW, 0040AYL, 0040H62, 0040A98, 0040YGJ, 0040PUV, 0040PTT, 0040YAA, 0040XLT, 0040PVA, 0040PLA, 0040AYY, 0040PPB, 0040XLK, 0040YAP, 0040YCV, 0040AVV, 0040PUT, 0040WLR, 0040YGP, 0040XUE, 0040B57, 0040PVJ, 0040AYT, 0040AXE, 0040XTY, 0040AVU, 0040PLG, 0040YGN, 0040YGV, 0040YCJ, 0040MPM, 0040B46, 0040PTE, 0040C40, 0040YHC, 0040H71, 0040AXV, 0040WLK, 0040A97, 0040PRH, 0040XLE, 0040YCR, 0040XUU, 0040XLP, 0040PUA, 0040PVE, 0040XSR, 0040XUN, 0040YHK, 0040XAN, 0040MSC, 0040MPE, 0040PSE, 0040XSN, 0040XAG, 0040WLT, 0040XTZ, 0040XUP, 0040AYV, 0040H44, 0040YGH, 0040MPY, 0040AYS, 0040AXG, 0040PMH, 0040H61, 0040XLC, 0040B40, 0040PRD, 0040YAN, 0040XTL, 0040B35, 0040PTZ, 0040MPW, 0040XLV, 0040XSM, 0040MPR, 0040XAB, 0040XAH, 0040AVZ, 0040WLZ, 0040XAX, 0040B37"
F-SRV-EXT-WARRANTY,"0040142, 0040138, 0040130, 0040140, 0040126, 0040125, 0040135, 0040127, 0040116, 0040128, 0040137, 0040141, 0040133, 0040132, 0040121, 0040129, 0040131, 0040136, 0040134, 0040139, 0040124"
F-SRV-MOBILE-RPR-MNT,"0040M56, 0040M50, 0040N10, 0040N40, 0040M43, 0040M59, 0040N19, 0040M98, 0040N80, 0040N82, 0040N63, 0040N20, 0040M72, 0040N14, 0040N37, 0040N49, 0040N12, 0040N57, 0040N78, 0040N66, 0040N68, 0040N36, 0040N45, 0040M44, 0040N00, 0040N15, 0040N03, 0040M61, 0040N42, 0040M47, 0040N61, 0040N06, 0040N17, 0040M65, 0040M95, 0040N33, 0040M46, 0040N52, 0040N62, 0040N76, 0040N39, 0040N60, 0040N85, 0040M76, 0040M99, 0040N67, 0040N72, 0040N16, 0040M58, 0040M60, 0040N59, 0040M71, 0040N30, 0040N71, 0040N55, 0040N34, 0040N70, 0040M74, 0040N04, 0040N54, 0040N09, 0040M64, 0040N75, 0040N18, 0040N48, 0040M66, 0040N05, 0040M73, 0040N58, 0040N88, 0040M96, 0040N13, 0040N79, 0040N69, 0040N01, 0040M53, 0040N56, 0040N74, 0040N50, 0040M49, 0040N02, 0040N31, 0040N29, 0040N46, 0040N11, 0040M54, 0040N51, 0040N08, 0040M62, 0040N35, 0040N47, 0040N87, 0040M75, 0040M69, 0040M70, 0040N83, 0040N64, 0040N86, 0040N77, 0040M45, 0040M48, 0040M63, 0040N81, 0040M57, 0040N73, 0040N32, 0040M97, 0040N53, 0040N41, 0040N07, 0040N38, 0040N65, 0040M51, 0040N84, 0040M67, 0040M68, 0040N43, 0040M52, 0040N44, 0040M55"
F-SRV-PWRTRN-BUNDLE,"0040G05, 0040H17, 0040G27, 0040G96, 0040H06, 0040M85, 0040G66, 0040C18, 0040M12, 0040G34, 0040K65, 0040L15, 0040G98, 0040E33, 0040G51, 0040C00, 0040H03, 0040K73, 0040E51, 0040E36, 0040L62, 0040B99, 0040M87, 0040M91, 0040H21, 0040C21, 0040G37, 0040M01, 0040G79, 0040G72, 0040M06, 0040K88, 0040L94, 0040G99, 0040G76, 0040B89, 0040NDH, 0040B68, 0040M18, 0040E44, 0040G02, 0040M92, 0040M02, 0040B87, 0040C16, 0040L99, 0040L74, 0040K76, 0040K80, 0040H29, 0040B83, 0040H19, 0040K55, 0040E61, 0040B69, 0040L51, 0040L07, 0040NDB, 0040C09, 0040L49, 0040K92, 0040B76, 0040M89, 0040L47, 0040C05, 0040H10, 0040M08, 0040L89, 0040G60, 0040M14, 0040H02, 0040L53, 0040G32, 0040L55, 0040G93, 0040B80, 0040G91, 0040C17, 0040L93, 0040G45, 0040L41, 0040E58, 0040C38, 0040E68, 0040L00, 0040K51, 0040B67, 0040L97, 0040G12, 0040G82, 0040G49, 0040L42, 0040H00, 0040H24, 0040G56, 0040C08, 0040C25, 0040G10, 0040C15, 0040L54, 0040H33, 0040L10, 0040K56, 0040L70, 0040G44, 0040G89, 0040E40, 0040G01, 0040G52, 0040G04, 0040K81, 0040B88, 0040G30, 0040M17, 0040G17, 0040M22, 0040B86, 0040B73, 0040K70, 0040G69, 0040M09, 0040C30, 0040G25, 0040E50, 0040M03, 0040M16, 0040E94, 0040C13, 0040K67, 0040C01, 0040G80, 0040L08, 0040K90, 0040E60, 0040L95, 0040B72, 0040L78, 0040M26, 0040G48, 0040N26, 0040K82, 0040E69, 0040E28, 0040M15, 0040M34, 0040NDM, 0040L76, 0040L63, 0040L57, 0040L58, 0040G57, 0040H26, 0040G74, 0040L73, 0040E46, 0040K94, 0040N89, 0040M19, 0040L05, 0040K66, 0040L92, 0040E99, 0040K96, 0040K68, 0040K58, 0040H09, 0040G26, 0040L44, 0040L61, 0040L66, 0040E34, 0040G59, 0040C04, 0040B82, 0040L06, 0040L65, 0040G31, 0040G13, 0040E55, 0040L84, 0040C07, 0040G95, 0040E64, 0040L81, 0040L64, 0040C03, 0040L75, 0040H32, 0040H34, 0040N23, 0040L82, 0040M81, 0040NDN, 0040K71, 0040G21, 0040G67, 0040G43, 0040C34, 0040L68, 0040K57, 0040M33, 0040H25, 0040B90, 0040M23, 0040M35, 0040E95, 0040G22, 0040E49, 0040G97, 0040C10, 0040C27, 0040H18, 0040K72, 0040G09, 0040G78, 0040E25, 0040H14, 0040G14, 0040E48, 0040M30, 0040L01, 0040L91, 0040C02, 0040M84, 0040G61, 0040E63, 0040G42, 0040G58, 0040G68, 0040L52, 0040H20, 0040H23, 0040M10, 0040E30, 0040L71, 0040L96, 0040H01, 0040M07, 0040E39, 0040K75, 0040L60, 0040M36, 0040L72, 0040G65, 0040G55, 0040E54, 0040B85, 0040M93, 0040L90, 0040C35, 0040M83, 0040E67, 0040M05, 0040B96, 0040M21, 0040G73, 0040G24, 0040L46, 0040M32, 0040G07, 0040G06, 0040L86, 0040L83, 0040L80, 0040E91, 0040E27, 0040L88, 0040H08, 0040H16, 0040NEP, 0040M79, 0040B93, 0040M25, 0040E98, 0040C36, 0040G86, 0040K93, 0040M88, 0040B98, 0040G83, 0040G19, 0040G35, 0040C23, 0040E32, 0040B94, 0040G16, 0040E41, 0040K95, 0040M29, 0040E35, 0040G20, 0040L09, 0040M27, 0040G85, 0040G03, 0040G15, 0040C14, 0040H11, 0040M90, 0040G08, 0040G63, 0040M77, 0040G28, 0040G50, 0040B92, 0040G33, 0040E43, 0040G64, 0040L79, 0040H04, 0040E29, 0040E47, 0040N21, 0040C37, 0040K74, 0040E37, 0040H22, 0040L56, 0040H07, 0040K59, 0040M31, 0040L11, 0040B91, 0040H13, 0040E71, 0040E53, 0040M82, 0040K91, 0040E56, 0040B81, 0040K79, 0040M11, 0040M86, 0040G87, 0040G75, 0040H12, 0040G38, 0040E59, 0040G29, 0040L87, 0040G18, 0040G81, 0040K78, 0040M28, 0040H27, 0040G62, 0040G92, 0040E62, 0040E45, 0040E26, 0040G40, 0040G70, 0040C31, 0040C11, 0040B70, 0040G54, 0040K77, 0040G53, 0040B75, 0040L45, 0040M94, 0040M24, 0040C29, 0040E65, 0040G47, 0040L14, 0040K61, 0040C06, 0040E57, 0040G90, 0040L16, 0040L85, 0040E96, 0040K89, 0040C22, 0040M04, 0040G77, 0040G39, 0040B74, 0040G94, 0040C26, 0040G11, 0040C12, 0040C32, 0040L69, 0040C20, 0040L48, 0040G71, 0040M13, 0040C33, 0040B84, 0040H15, 0040M80, 0040E66, 0040L67, 0040L43, 0040K69, 0040L50, 0040K53, 0040K54, 0040C28, 0040L13, 0040E92, 0040N24, 0040M20, 0040H05, 0040G23, 0040E93, 0040N22, 0040G00, 0040G41, 0040M78, 0040N25, 0040G88, 0040L98, 0040E52, 0040B77, 0040B78, 0040K52, 0040E70, 0040H28, 0040E31, 0040H30, 0040E72, 0040L59, 0040G36, 0040G46, 0040E38, 0040B97, 0040E42, 0040L12, 0040G84, 0040L77, 0040K60, 0040E97, 0040B79, 0040B95, 0040B71, 0040L17, 0040H31, 0040C19, 0040C24, 0040M00, 0040L40, 0040K97, 0040K98, 0040N28, 0040K99, 0040N27"
F-ST-FRT-AXLE>=14.3K,"0002AYL, 0002ATB, 0002AJW, 0002AVE, 0002AUZ, 0002AVW, 0002AKE, 0002AYS, 0002AJV, 0002ARU, 0002AYJ, 0002ARZ, 0002AVB, 0002AYT, 0002AVS, 0002AVC, 0002AKC, 0002ATT, 0002AVA, 0002ATU, 0002ASM, 0002AVD, 0002AYK, 0002AKM, 0002AEV, 0002AVY, 0002AKL, 0002AVX, 0002AVT, 0002ARY, 0002AUR, 0002AUM"
F-ST-FRT-AXLE>=15.6K,"0002AYL, 0002AKE, 0002ARZ, 0002AVA, 0002ARU, 0002AYS, 0002AVD, 0002AVB, 0002ATB, 0002AVE, 0002AJV, 0002AYK, 0002ARY, 0002AUR, 0002AUZ, 0002AYJ, 0002AVS, 0002AJW, 0002AVY, 0002AYT, 0002AVC, 0002AEV"
F-STA-37.25-5THWHL,"0010GYD, 0010HZL, 0010HMD, 0010JPV, 0010HMU, 0010JPN, 0010JBE, 0010HNH, 0010JPU, 0010JAZ, 0010HNG, 0010HLX, 0010JPJ, 0010EGV, 0010JBJ, 0010JPR, 0010JAX, 0010JAY, 0010HLV, 0010JPT, 0010JPM, 0010JBH, 0010HKS, 0010JPP, 0010HNK, 0010JPL, 0010HME"
F-STA-38-3/4-5THWHL,"0010HKH, 0010HJZ, 0010EYL, 0010EYK, 0010HKT, 0010HKE, 0010HMC, 0010HZJ, 0010GYC, 0010EYN, 0010HYR, 0010HKP, 0010EYD, 0010HKM, 0010HKA, 0010EXZ, 0010GYA, 0010HNE, 0010GYB, 0010HML, 0010HNJ, 0010HYS, 0010JAA, 0010EYC, 0010HZG, 0010HLA, 0010EWW, 0010HKB, 0010GYZ, 0010EXS, 0010HKG, 0010HYV, 0010HCY, 0010HKN, 0010HYU"
F-STA-5THWHL,"0010JAY, 0010HLX, 0010JPT, 0010HMC, 0010EYN, 0010HKH, 0010GYZ, 0010GYB, 0010HZL, 0010HLA, 0010JPR, 0010HCY, 0010HYR, 0010HYU, 0010JAA, 0010HKA, 0010HYS, 0010JPU, 0010HKG, 0010EXZ, 0010JBE, 0010HMD, 0010HKB, 0010GYA, 0010JBH, 0010HKE, 0010HML, 0010JPP, 0010GYC, 0010JAX, 0010HLV, 0010EYC, 0010EXS, 0010EYK, 0010HNE, 0010JPN, 0010JPJ, 0010HJZ, 0010HKM, 0010HNG, 0010HZJ, 0010HKN, 0010GYD, 0010HKP, 0010JAZ, 0010HCA, 0010JBJ, 0010HKS, 0010HYV, 0010EWW, 0010HMU, 0010JPV, 0010HME, 0010JPL, 0010JPM, 0010EYD, 0010GWY, 0010HNK, 0010GWZ, 0010EGV, 0010EYL, 0010HNH, 0010HKT"
F-STAN-AFT-DRVR,"0048DBV, 0048GRM, 0048DBW, 0048UNU"
F-STAN-AFT-ENTDR,"0048DCE, 0048DCA, 0048DDU, 0048DCK"
F-STAN-LH-1POS,"0048CUZ, 0048DBX, 0048CTV"
F-STAN-RH-1POS,"0048DCB, 0048UNP, 0048CTA"
F-STAN-RH-2POS,"0048DCC, 0048UTG"
F-STANCHIONS,"0048DBW, 0048UNU, 0048DBV, 0048GRM, 0048CUZ, 0048DBX, 0048CTV, 0048DCA, 0048DCE, 0048DCK, 0048DDU, 0048UNP, 0048DCB, 0048CTA, 0048UTG, 0048DCC, 0048DCD"
F-STD-AXLE>10K-<=12K,"0002ASV, 0002AJY, 0002AUD, 0002AVH, 0002ASC, 0002ASX, 0002AYW, 0002AHJ, 0002AKB, 0002AVL, 0002AKG, 0002AJR, 0002AGE, 0002AUE, 0002AGB, 0002AYU, 0002AVM, 0002AVU, 0002ARW, 0002AJT, 0002AJX, 0002AJN, 0002ATM, 0002AUC"
F-STD-AXLE>8K-<10K,"0002ATD, 0002AYY, 0002AHY, 0002ATL"
F-STD-AXLE>8K-<=10K,"0002ARX, 0002AYD, 0002AGM, 0002ATD, 0002AVK, 0002ASH, 0002AYV, 0002AYX, 0002AHY, 0002AYY, 0002AGG, 0002AJB, 0002ATL"
F-STD-FRT-AXL=13.2K,"0002AJE, 0002AKJ, 0002ASG, 0002AJH, 0002AJP, 0002AUH, 0002ATN, 0002ASR, 0002AJD, 0002AVJ, 0002AJG, 0002AUJ, 0002AJU, 0002AVN, 0002AKN, 0002AKH, 0002AKD, 0002ATG"
F-STD-FRT-AXL=14.6K,"0002ASM, 0002AKL, 0002AUM"
F-STD-FRT-AXLE=10K,"0002AYX, 0002ARX, 0002AJB, 0002AGG, 0002AGM, 0002AYV, 0002ASH, 0002AVK"
F-STD-FRT-AXLE=14K,"0002AHX, 0002AKP, 0002AEZ, 0002AGC, 0002AKR, 0002ATT, 0002ARV, 0002AUK, 0002AUL, 0002AKK, 0002AST"
F-STD-FRT-AXLE=16K,"0002AYL, 0002AUR, 0002AVA, 0002ARU, 0002AEU"
F-STD-FRT-AXLE=18K,"0002AVB, 0002AYK, 0002ARZ, 0002AEV"
F-STD-FRT-AXLE=6K,0002AJJ
F-STD-FRT-AXLE=8K,"0002AYZ, 0002AEM, 0002AJL, 0002AYP, 0002ATK"
F-STD-FRT-AXLE>18K,"0002AVC, 0002AYS, 0002AUZ, 0002ATB, 0002AVY, 0002AYJ, 0002AVE, 0002ARY, 0002AVS, 0002AVD, 0002AJW"
F-STD-FRT-AXLE>=14K,"0002AUL, 0002AKL, 0002AVS, 0002ARY, 0002AVX, 0002AUM, 0002AST, 0002AKM, 0002AYJ, 0002ATU, 0002ASM, 0002AVE, 0002ARV, 0002AVY, 0002AYS, 0002AYL, 0002ARU, 0002AYK, 0002AVC, 0002AKE, 0002AEZ, 0002AVD, 0002AYT, 0002AKC, 0002AVA, 0002AKK, 0002AGC, 0002AKP, 0002AUK, 0002ATB, 0002ATT, 0002AHX, 0002AUR, 0002ARZ, 0002AVB, 0002AUZ, 0002AKR, 0002AVT, 0002AVW, 0002AJW"
F-STD-FRT-AXLE>=15K,"0002ATB, 0002AVD, 0002AKE, 0002AYT, 0002AEV, 0002AVS, 0002AYK, 0002AVY, 0002AJW, 0002ARZ, 0002AVA, 0002AVB, 0002AYL, 0002ARY, 0002AUZ, 0002AJV, 0002AYS, 0002AYJ, 0002AVE, 0002AVC, 0002AUR, 0002ARU"
F-STD-FRT-AXLE>=18K,"0002AUZ, 0002AVD, 0002AYK, 0002AVY, 0002ATB, 0002AKE, 0002AJW, 0002AVE, 0002AYT, 0002AEV, 0002AYS, 0002AJV, 0002AYJ, 0002ARZ, 0002AVC, 0002AVB, 0002AVS, 0002ARY"
F-STD-FRT-AXLE>=21K,"0002AYS, 0002AVS, 0002AUZ, 0002ATB, 0002AJV, 0002AKE, 0002AGT, 0002AYT"
F-STD-FRT-AXLE>=22K,"0002ATB, 0002AYT, 0002AVS, 0002AUZ, 0002AJV, 0002AKE, 0002AGT, 0002AYS"
F-STGR-LTUD-FUEL-TNK,"0015ECE, 0015EAZ, 0015ECC, 0015ECB"
F-STGR-RTUD-FUEL-TNK,0015ECS
F-STL-285-WIDE-RRWHL,"0032DUM, 0032DPZ, 0032DPW, 0032DRA"
F-STL-HUB-FRTWHL,"0027DMA, 0027DAZ, 0027DWL, 0027DYM, 0027DBC, 0027DTU, 0027DKE, 0027DYR, 0027DYT, 0027DTD, 0027DWB, 0027DWJ, 0027DYS, 0027DVY, 0027DMZ, 0027DVB, 0027DUL, 0027DPR, 0027DVV, 0027DYL, 0027DYG, 0027DJJ, 0027DBA, 0027DUN, 0027DYE, 0027DUR, 0027DUJ, 0027DYB, 0027DPN, 0027DUT, 0027DWW, 0027DSG, 0027DEL, 0027DUW, 0027DUK, 0027DTS, 0027DUY, 0027DPS, 0027DWP, 0027DPT, 0027DRC, 0027DHK, 0027DTE, 0027DJH, 0027DWR, 0027DVT, 0027DKG, 0027DVW, 0027DUP, 0027DUS, 0027DYN, 0027DVA, 0027DYC, 0027DTX, 0027DVD, 0027DWT, 0027DYU, 0027DYH, 0027DWZ, 0027DBE, 0027DTT, 0027DYV, 0027DJM"
F-STL-RAIL-NGV-LP,0001CAA
F-STL-WHL-LIFT-AXLE,"0034ACH, 0034AEE, 0034ACU, 0034ACK, 0034ABU, 0034ACJ, 0034ABT, 0034AED, 0034ABS, 0034ADZ, 0034AEC, 0034ABV"
F-STORM-WINDOW,"0048DPB, 0048DPA, 0048DPD, 0048DNY, 0048DPC, 0048DNZ, 0048ABB, 0048ABC, 0048AAB, 0048AAC, 0048ABD, 0048CWT, 0048CWS, 0048CDK, 0048CEC, 0048CMJ, 0048CWA, 0048CDJ, 0048CMM, 0048CMK, 0048CML, 0048CMN, 0048CUJ, 0048CDL, 0048CGS, 0048CMP, 0048CBG, 0048CAL, 0048CAJ, 0048CAK, 0048CDD, 0048CAG, 0048CBR, 0048CCK, 0048CAH, 0048CBS, 0048CBP, 0048CCL, 0048CBH, 0048CYD, 0048CYE"
F-STORM-WINDOW-LEFT,"0048AAB, 0048AAC, 0048BUW, 0048BPV, 0048AAL, 0048DAA, 0048DNW, 0048AAT, 0048AAX, 0048CWT, 0048CWS, 0048CAK, 0048CAH, 0048CCK, 0048CAG, 0048CBG, 0048CBP, 0048CBR, 0048CBS, 0048CCL, 0048CDD, 0048CBH, 0048CAJ, 0048CAL"
F-STORM-WINDOW-LT-27,"0048CBH, 0048CAG, 0048CCK, 0048CAK, 0048CBG, 0048CBS, 0048CAL, 0048CAH, 0048CBP, 0048CBR, 0048CAJ, 0048CDD, 0048CCL"
F-STORM-WINDOW-LT-36,"0048CWT, 0048CWS"
F-STORM-WINDOW-RIGHT,"0048AAU, 0048BWX, 0048BUV, 0048AJW, 0048ABC, 0048AJU, 0048ABD, 0048BWY, 0048BSR, 0048ABB, 0048CMM, 0048CDJ, 0048CMP, 0048CWA, 0048CMN, 0048CDK, 0048CDL, 0048CMK, 0048CEC, 0048CMJ, 0048CUJ, 0048CML, 0048CGS, 0048CYE, 0048CYD"
F-STORM-WINDOW-RT-27,"0048CDL, 0048CMP, 0048CDJ, 0048CUJ, 0048CGS, 0048CDK, 0048CMJ, 0048CEC, 0048CMK, 0048CML, 0048CMN, 0048CWA, 0048CMM"
F-STORM-WINDOW-RT-36,"0048CYD, 0048CYE"
F-STROBE-LIGHT,"0049AHK, 0049EYR, 0049EWS, 0049MTN, 0049EYS, 0049MTM, 0049JCG, 0049EWM, 0049EYH, 0049MLB"
F-STROBE-LT-WIRING,0049MSJ
F-SUSP-=<21K,"0014TBS, 0014TDM, 0014TEC, 0014TDU, 0014TDS, 0014TCJ, 0014TDR, 0014TDX, 0014TDV, 0014TBJ, 0014SAC, 0014VAG, 0014TEA, 0014SAH, 0014TDL, 0014TBN, 0014SBK, 0014VAD, 0014SCL, 0014TBH, 0014TDZ, 0014TEG, 0014TDW, 0014SBW, 0014SAM, 0014SBV, 0014VAB, 0014TEH, 0014SAE, 0014TDE, 0014TBM, 0014TBL, 0014TEE, 0014TDN, 0014SBN, 0014VAC"
F-SUSP->=23K-<24K,"0014TAZ, 0014TBT, 0014TBW, 0014SCE, 0014TEB, 0014TAX, 0014SAN, 0014TBZ, 0014TAY, 0014TCZ, 0014VAH, 0014TEJ"
F-SUSP-XMBR-LOC<262,"0014524, 0014667, 0014UHU, 0014UJE, 0014UZY"
F-SUSP-XMBR-LOC=258,"0014524, 0014667, 0014UHU, 0014UJE"
F-SUSP-XMBR-LOC=263,"0014UMS, 0014UMY, 0014UMJ, 0014UMM, 0014VHB, 0014UMV, 0014UMN, 0014UMK, 0014UHK, 0014UMZ, 0014UHE, 0014UHC, 0014UZB, 0014URE, 0014UML, 0014UHL, 0014ULY, 0014UMW, 0014UYZ, 0014UMX, 0014ULZ, 0014UMP, 0014UHD, 0014698, 0014UMT, 0014ULX"
F-SUSP-XMBR-LOC=272,"0014VBE, 0014ULB, 0014ULC, 0014ULU, 0014ULA, 0014XAM, 0014XAL, 0014UKZ, 0014ULT, 0014ULS, 0014ULV"
F-SUSP-XMBR-LOC>=262,"0014UMS, 0014XAL, 0014698, 0014URE, 0014VHB, 0014UHD, 0014UZU, 0014UMV, 0014ULC, 0014ULX, 0014UMK, 0014ULB, 0014ULV, 0014UPY, 0014ULA, 0014UNW, 0014UHK, 0014UPC, 0014UHL, 0014XAM, 0014UHE, 0014ULT, 0014UKZ, 0014UZB, 0014UML, 0014UMX, 0014UMT, 0014UMN, 0014UMZ, 0014VBE, 0014UNX, 0014UHC, 0014UZR, 0014UZS, 0014UMY, 0014UPL, 0014ULY, 0014UNY, 0014UMP, 0014UMW, 0014UMJ, 0014ULZ, 0014UMM, 0014UZV, 0014UYZ, 0014ULU, 0014UZT, 0014ULS"
F-SWIVEL-DRV-SEAT,"0016LWR, 0016JXN, 0016LWN, 0016KZM, 0016JXM, 0016KZN, 0016JXL, 0016JXV, 0016LWV"
F-T-WHLEND-RRAXLE,"0014AWT, 0014AWV, 0014ASB, 0014GUV, 0014GTU, 0014ERB, 0014ASC, 0014ASD, 0014ERU, 0014GRJ, 0014GTT"
F-TAN-R-RRAXLE-<=46K,"0014GXB, 0014GXY, 0014GYW, 0014HRW, 0014GXA, 0014GYD, 0014GXZ, 0014GYY, 0014GVG, 0014GVR, 0014GZA, 0014GWY, 0014GVK, 0014GVZ, 0014GKJ, 0014GJT, 0014GHE, 0014GLD, 0014GZB, 0014GKT, 0014GVX, 0014GKK, 0014GXC, 0014HSC, 0014GLA, 0014GVN, 0014GXP, 0014BAB, 0014GVJ, 0014GZC, 0014GLB, 0014GYS, 0014GZD, 0014GYA, 0014GXX, 0014GXR, 0014GVP, 0014GVY, 0014GVU, 0014GKY, 0014GVE, 0014GVL, 0014GYU, 0014GKZ, 0014GKE, 0014GWV, 0014GYK, 0014GXJ, 0014GVM, 0014GWZ, 0014GKX, 0014GKG, 0014GKM, 0014GYB, 0014GKL, 0014GWW, 0014GYT, 0014HRV, 0014GKP, 0014GKN, 0014GYC, 0014GLC, 0014GKV, 0014GVH, 0014GVD, 0014GKW, 0014GKS, 0014GZE, 0014GKU"
"F-TAN-RRAXLE-1""F-D-T","0014GEW, 0014GGU, 0014GGV"
F-TAN-RRAXLE-F-D,0014BAB
F-TAN-RRAXLE-F-D-T,"0014GKP, 0014GKG, 0014GKH, 0014HRW, 0014GJW, 0014GKJ, 0014GKE, 0014GKK, 0014HRE, 0014GKM, 0014GKL, 0014HSH, 0014GKN, 0014GJT, 0014GRS"
F-TAN-RRAXLE-F-T,"0014GVN, 0014GKV, 0014GXR, 0014GVZ, 0014GTS, 0014GYD, 0014GLB, 0014HRV, 0014GXC, 0014HSC, 0014GVH, 0014GVM, 0014GZC, 0014GLC, 0014HRC, 0014GLA, 0014GVR, 0014GXX, 0014GTT, 0014GXZ, 0014GKZ, 0014GKU, 0014GRJ, 0014GYA, 0014GVE, 0014GVD, 0014HRD, 0014GVL, 0014HRB, 0014GXY, 0014GVK, 0014HRA, 0014GRD, 0014GZA, 0014GYS, 0014GWY, 0014GWW, 0014GVX, 0014GZE, 0014GTW, 0014HRM, 0014GKT, 0014GWZ, 0014GRP, 0014GVU, 0014GYB, 0014HSG, 0014GKW, 0014GVP, 0014GXJ, 0014GRR, 0014GZD, 0014GUV, 0014GVY, 0014GVJ, 0014HRL, 0014GYY, 0014HRH, 0014GLD, 0014GXA, 0014GKX, 0014GTU, 0014GKS, 0014GWV, 0014GXB, 0014GKR, 0014GKY, 0014GHE, 0014GVG, 0014GYC"
F-TAND-DCLD-RRAXLE,"0014GTW, 0014GKG, 0014GKU, 0014GLD, 0014HRC, 0014BAB, 0014HRL, 0014GWY, 0014GTU, 0014GLB, 0014GXR, 0014GVK, 0014GKV, 0014GYD, 0014GXY, 0014GKP, 0014GLC, 0014GKX, 0014HRA, 0014GYW, 0014GZA, 0014GKJ, 0014GVP, 0014HSC, 0014GVL, 0014HRE, 0014GKH, 0014HRD, 0014GLA, 0014GVJ, 0014GUV, 0014GWW, 0014GKN, 0014HRV, 0014HRH, 0014GKK, 0014GYC, 0014GXJ, 0014GKW, 0014HRM, 0014GVM, 0014GKR, 0014GZB, 0014GWZ, 0014GJT, 0014GVR, 0014GRP, 0014GRS, 0014GYY, 0014GXP, 0014GVN"
F-TEMP-MTD-BATTERIES,"0008MHZ, 0008MMU"
F-THREE-BTRY-SYS,"0008MJU, 0008MSG, 0008MJN, 0008MWL, 0008NBR, 0008NBH, 0008NBX, 0008MSL, 0008MMZ, 0008MHY, 0008MMG, 0008MRR, 0008MWE, 0008MKL, 0008MJR, 0008NBZ"
F-THREE-PUSHER-AXLE,"0014WNX, 0014WNL, 0014WPL, 0014WPG"
F-TOUCHLOC-5THWHL,"0010JPP, 0010HHX, 0010HMC, 0010JPR, 0010HLX, 0010HLV, 0010EKK, 0010HSY, 0010HHG, 0010HKL, 0010HHH, 0010HLR, 0010HLD, 0010HHB, 0010JPT, 0010HJV, 0010HZV, 0010KKA, 0010EKG, 0010GZV, 0010JPV, 0010HJX, 0010JBH, 0010HJY, 0010HNN, 0010HHN, 0010JBD, 0010HLU, 0010EYK, 0010EKH, 0010JBG, 0010HNS, 0010ERU, 0010JPM, 0010HLA, 0010HZY, 0010HZW, 0010HNP, 0010EKJ"
F-TPMS,"0016VVU, 0016VUZ, 0016VVM, 0016VVT, 0016VUY, 0016VVV, 0016VVA"
F-TRACK-FLR-LENGTH,"0049HEZ, 0049XMB, 0049JAV, 0049HGB, 0049MSU, 0049HGH, 0049HGL, 0049JAM, 0049HGC, 0049MRD, 0049XAT, 0049HGM, 0049ZNW, 0049XEV, 0049JAT, 0049HGK, 0049HGE, 0049MST, 0049WNT, 0049ZNX, 0049JAS, 0049ZNA, 0049HGJ, 0049MSA, 0049ZNS, 0049HGD, 0049JAJ, 0049JAR, 0049ZNP, 0049HEY, 0049MNJ, 0049ZNB, 0049MKZ, 0049MSV, 0049HGG, 0049HGA, 0049JAH, 0049JAK, 0049XGE, 0049MTK, 0049ZNR"
F-TRACK-SEATS,"0048YRA, 0048YBJ, 0048ZAJ, 0048YPU, 0048YPV, 0048YNR, 0048CMH, 0048YPZ, 0048YBK, 0048YPY, 0048YPX, 0048YPW, 0048YBL, 0048YRC, 0048YRE, 0048YBP, 0048YRB, 0048YBS, 0048YRG, 0048YBR, 0048YJN, 0048DRA, 0048YVD, 0048YRD, 0048YRH, 0048YBT, 0048YVE, 0048YHU, 0048YRU, 0048YHT, 0048YRM, 0048YRL, 0048YKJ, 0048YKY, 0048YRV, 0048YHV, 0048YRP, 0048YRS, 0048YHR, 0048YRR, 0048YHS, 0048YHP, 0048YMG, 0048YRJ, 0048YRN, 0048YRK, 0048YRT, 0048YPR, 0048YPP, 0048RTG, 0048RTE, 0048RTM, 0048RTP, 0048RTN, 0048RTZ, 0048RUD, 0048SWT, 0048GPD, 0048RTX, 0048RTU, 0048RUA, 0048RUC, 0048RTY, 0048RTW, 0048RUB, 0048RTV, 0048RUY, 0048RUX, 0048RUS, 0048SWU, 0048SRY, 0048RUU, 0048RUW, 0048RUT, 0048RUV, 0048RXW, 0048UYZ, 0048STW, 0048CXS, 0048STT, 0048TMZ, 0048STX, 0048STU, 0048CUB, 0048STV, 0048SXJ, 0048STZ, 0048STY, 0048SVT, 0048TZU, 0048UXL, 0048SUW, 0048SUY, 0048CUC, 0048SUZ, 0048SUX, 0048SUV, 0048SVU, 0048RVM, 0048RTL, 0048RTK, 0048RVK, 0048RVH, 0048RXR, 0048XGN, 0048RTJ, 0048RXK, 0048XGS, 0048RVL, 0048RVZ, 0048RTR, 0048RTS, 0048XGU, 0048XGT, 0048XGX, 0048XGR, 0048VVG, 0048RTT, 0048RVY, 0048XGM, 0048XGW, 0048RWZ, 0048XGV, 0048RUJ, 0048RUG, 0048RUN, 0048UBZ, 0048RXU, 0048RUL, 0048CUH, 0048RUH, 0048RUM, 0048RUE, 0048RUP, 0048RUK, 0048RUR, 0048SYP, 0048RVB, 0048RZZ, 0048SYR, 0048RUZ, 0048RVD, 0048RVE, 0048RVA, 0048RVG, 0048RXT, 0048RXX, 0048RVC, 0048YPS, 0048YPT, 0048GXN, 0048YSD, 0048YGN, 0048YGP, 0048YRW, 0048YMK, 0048YRY, 0048YGR, 0048YRZ, 0048ZAN, 0048YSC, 0048YKE, 0048YLL, 0048YRX, 0048YSE, 0048YSB, 0048YGT, 0048YSA, 0048YGU, 0048YSK, 0048YSL, 0048YSJ, 0048YSN, 0048YSP, 0048GYU, 0048GYN, 0048YSM, 0048HEE, 0048HEH, 0048GYP, 0048YSX, 0048YSU, 0048HEK, 0048YSV, 0048YSW, 0048YST, 0048GJT, 0048YZZ, 0048ZAA, 0048GJR, 0048YMU, 0048YZX, 0048YZY, 0048GJU, 0048GJN, 0048GJS, 0048YZV, 0048GJM, 0048YZS, 0048YZP, 0048GJP, 0048YMV, 0048YZR, 0048GZR, 0048YZT, 0048YZW, 0048YZU, 0048GJV, 0048YYB, 0048GJZ, 0048YYN, 0048GTS, 0048YYE, 0048YYC, 0048YYM, 0048GKB, 0048YYL, 0048GTC, 0048GJW, 0048YYK, 0048YYP, 0048YYD, 0048GJY, 0048GKA, 0048YYH, 0048GJX, 0048GSV, 0048YYJ, 0048YYG, 0048GKC, 0048ZAG, 0048ZAE, 0048YSG, 0048YSH, 0048HDZ, 0048RYZ, 0048BXW, 0048BXX, 0048BXY, 0048BYB, 0048CGY, 0048BXZ, 0048UNY, 0048URX, 0048BYA, 0048BYE, 0048CGZ, 0048BYC, 0048BYD, 0048UNZ, 0048BYG, 0048BXH, 0048BYH, 0048YSR, 0048YSS, 0048YXC, 0048YXD, 0048HCY, 0048HDK, 0048HCX, 0048YWU, 0048YWT, 0048YWR, 0048YWS, 0048YYS, 0048ZAP, 0048XGY, 0048ZAH, 0048XGJ, 0048XGH, 0048XGL, 0048XGP, 0048YYR, 0048XGK, 0048YYT, 0048YXU, 0048YXS, 0048GLH, 0048YXY, 0048YXT, 0048GLD, 0048YXV, 0048YXW, 0048YXR, 0048GSU, 0048GLJ, 0048GPM, 0048YYA, 0048YXX, 0048GLE, 0048GYD, 0048YXZ, 0048HDL, 0048YZM, 0048GLB, 0048GYG, 0048GKY, 0048YZJ, 0048YZG, 0048GZU, 0048YZN, 0048YZE, 0048GLA, 0048YZL, 0048GKZ, 0048GYE, 0048YZK, 0048YZH, 0048YZD, 0048GLC, 0048YTM, 0048YTP, 0048ZAK, 0048YTR, 0048YTL, 0048YTN, 0048YTK, 0048YTS, 0048YVH, 0048YVL, 0048YVJ, 0048YVM, 0048YVN, 0048YVK, 0048YVP, 0048GMH, 0048YWM, 0048YWN, 0048GMG, 0048YWJ, 0048GMK, 0048YWL, 0048YWK, 0048YWP, 0048GMC, 0048YWW, 0048YWZ, 0048GMD, 0048GLZ, 0048YXB, 0048YXA, 0048YWV, 0048YWX, 0048YWY, 0048GMA, 0048HDX, 0048YUA, 0048YUJ, 0048YUE, 0048GYR, 0048YUL, 0048YTT, 0048YTU, 0048YUM, 0048YUN, 0048GZD, 0048GXD, 0048GSN, 0048GKJ, 0048YUP, 0048YUD, 0048YTW, 0048YUB, 0048GKL, 0048GSS, 0048GXC, 0048GKK, 0048HDM, 0048GPC, 0048YTY, 0048GTA, 0048GKM, 0048YTX, 0048YTZ, 0048YUR, 0048YTV, 0048GNP, 0048GRA, 0048YUG, 0048YUH, 0048YUK, 0048YUC, 0048YVW, 0048YWA, 0048YWG, 0048YVR, 0048YVT, 0048GKG, 0048YWC, 0048GZX, 0048YWE, 0048YVV, 0048GKE, 0048GTL, 0048YVZ, 0048GRW, 0048GKD, 0048YWH, 0048YVS, 0048YVU, 0048GSR, 0048GKH, 0048YVX, 0048YWB, 0048YWD, 0048GNN, 0048GSP, 0048GXG, 0048YVY, 0048YTG, 0048DPV, 0048YTC, 0048HEC, 0048YTA, 0048YTH, 0048YTB, 0048YSZ, 0048GZZ, 0048YTE, 0048YTJ, 0048YSY, 0048YTD, 0048ZAT, 0048YUZ, 0048YVB, 0048YVG, 0048DPW, 0048DHZ, 0048HED, 0048YUV, 0048YUU, 0048YUW, 0048YUS, 0048YUX, 0048YVC, 0048YUY, 0048YUT, 0048YVA, 0048YXH, 0048DNT, 0048YXL, 0048YXE, 0048ZAL, 0048DKE, 0048DKC, 0048DKG, 0048YXK, 0048DPZ, 0048YXM, 0048DPX, 0048ZAR, 0048YXG, 0048YXN, 0048DKD, 0048YXJ, 0048YXP, 0048YYY, 0048DPY, 0048DJY, 0048DNS, 0048YYX, 0048YZB, 0048DNM, 0048YZA, 0048DPK, 0048DKA, 0048DKB, 0048YYU, 0048YYV, 0048DJZ, 0048YYW, 0048YZC, 0048YYZ, 0048DNJ, 0048ZAC, 0048ZAD, 0048ZAB"
F-TRANS-LGR<13.3,"0013GHP, 0013GHL, 0013GKM, 0013GXA, 0013GKZ, 0013GTJ, 0013GNB, 0013GJS, 0013GWZ, 0013GXU, 0013GKJ, 0013GXV, 0013GHS, 0013GXN"
F-TRANS-LGR>13.2,"0013GKM, 0013GZB, 0013GHJ, 0013HAC, 0013HAA, 0013GZD, 0013GYC, 0013GKL, 0013GZA, 0013GKB, 0013GXC, 0013GHX, 0013HAJ, 0013GZC, 0013GNM, 0013HAG, 0013HAB, 0013GKA, 0013GYD, 0013GWN, 0013GKD, 0013GYH, 0013GKC, 0013GXD, 0013GYZ, 0013GKE, 0013HAE, 0013GYY, 0013GYG, 0013HAD, 0013GXH, 0013GYB, 0013GHW, 0013GKZ, 0013HAH, 0013GTJ"
F-TRANS-OIL-SYN,"0013WLM, 0013WLP, 0013WLN, 0013WLA, 0013WLW, 0013WLX, 0013WMM"
F-TRANS-RETARDER,"0013WBA, 0013WDM"
F-TRI-RRAXLE-F-T,"0014HSA, 0014HSB, 0014HRG, 0014HRZ, 0014HSD"
F-TRK-LESS-SHLDR-TRK,"0049JAH, 0049JAK, 0049JAT, 0049JAS, 0049JAR, 0049JAM, 0049JAJ, 0049JAV"
F-TRK-TIEDOWN-QTY-1,"0049JCP, 0049MJM, 0049GJW, 0049NGK, 0049NGY, 0049HHT, 0049HGZ"
F-TRK-TIEDOWN-QTY-10,"0049MJL, 0049HHK, 0049HJC"
F-TRK-TIEDOWN-QTY-11,"0049HHL, 0049HJD"
F-TRK-TIEDOWN-QTY-2,"0049NEX, 0049GHK, 0049JGU, 0049NGL, 0049EZS, 0049HHU, 0049HHA"
F-TRK-TIEDOWN-QTY-3,"0049NGM, 0049GJD, 0049NHB, 0049GEV, 0049JCC, 0049HHV, 0049HHB"
F-TRK-TIEDOWN-QTY-4,"0049MJN, 0049BML, 0049MXU, 0049JCE, 0049NGN, 0049HHC, 0049HHW"
F-TRK-TIEDOWN-QTY-5,"0049NGP, 0049GEB, 0049BRG, 0049JDB, 0049NBE, 0049HHX, 0049HHD"
F-TRK-TIEDOWN-QTY-6,"0049NBC, 0049MJP, 0049NGR, 0049BSC, 0049HHY, 0049HHE"
F-TRK-TIEDOWN-QTY-7,"0049NGS, 0049BXT, 0049MJR, 0049HHZ, 0049HHG"
F-TRK-TIEDOWN-QTY-8,"0049NGT, 0049MJS, 0049JDA, 0049HHH, 0049HJA"
F-TRK-TIEDOWN-QTY-9,"0049MJK, 0049HHJ, 0049HJB"
F-TWO-BTRY-SYS,"0008MJT, 0008MJM, 0008MVY, 0008MEP, 0008MHZ, 0008MJA, 0008MJP, 0008MWG, 0008MMU"
F-TWO-PUSHER-AXLE,"0014WPT, 0014WPP, 0014WNZ, 0014WNJ, 0014WPE"
F-ULTRASHIFTVP-TRANS,"0013GXC, 0013GWP, 0013GTD, 0013GTK, 0013GYH, 0013GWN, 0013GYN, 0013GWZ, 0013GYC, 0013ZAD, 0013GWM, 0013GWV, 0013GWW, 0013GYG, 0013GYP, 0013GXA, 0013GYL, 0013GXD, 0013GXH, 0013ZAA, 0013GYD, 0013GTJ, 0013GWX, 0013GWU, 0013GWR"
F-UPH-BARR-42-KEVLAR,"0048PYE, 0048PYC, 0048PYD"
F-UPH-BARR-42-PRVAIL,"0048PXR, 0048PXS, 0048PXT, 0048UZD, 0048PXP"
F-UPH-BARR-42-VINYL,"0048PXC, 0048PXB, 0048PXA, 0048PXD"
F-UPH-BARR-52-PRVAIL,"0048PXW, 0048PXX, 0048PXY"
F-UPH-BARR-52-VINYL,"0048PXL, 0048PXK, 0048PXJ, 0048PXH"
F-UPH-BARR-QTY-1-2,"0048PXW, 0048PXH, 0048PYC, 0048PXA, 0048PXP"
F-UPH-BARR-QTY-3-4,"0048PYD, 0048PXX, 0048PXJ, 0048PXR, 0048PXB"
F-UPH-BARR-QTY-5-6,"0048PXS, 0048PXC, 0048PYE, 0048PXY, 0048PXK"
F-UPH-BARR-QTY-7-8,"0048PXT, 0048PXL, 0048PXD"
F-UPH-PASS-42-KEVLAR,"0048NCA, 0048NCB, 0048NCC, 0048NCD, 0048NCE, 0048NCG, 0048NCH, 0048NCJ, 0048NCK, 0048NCL, 0048NCM, 0048NCN, 0048NCP, 0048NCR, 0048NCS"
F-UPH-PASS-42-PRVAIL,"0048PHG, 0048PHA, 0048PHJ, 0048PHK, 0048PHL, 0048PHM, 0048PHN, 0048PHP, 0048PHR, 0048PHS, 0048PHT, 0048PHB, 0048PHC, 0048PHD, 0048PHE"
F-UPH-PASS-52-PRVAIL,"0048NAG, 0048NAH, 0048NAJ, 0048NAK, 0048NAL, 0048NAM, 0048NAN, 0048NAP, 0048NAR, 0048NAB, 0048NAC, 0048NAD, 0048NAE"
F-UPH-PASS-52-VINYL,"0048PGC, 0048PGD, 0048PGE, 0048PGG, 0048PGH, 0048PGJ, 0048PGK, 0048PGL, 0048PGM, 0048PGN, 0048PGP, 0048PGR, 0048PGS"
F-UPH-PASS-L3-NYLON,"0048SXH, 0048RYM, 0048RKJ, 0048RYJ"
F-UPH-PASS-QTY-1-2,"0048SBG, 0048NCA, 0048PHA"
F-UPH-PASS-QTY-11-12,"0048NAG, 0048NCG, 0048PGG, 0048PHG, 0048SBG"
F-UPH-PASS-QTY-13-14,"0048PGH, 0048RKJ, 0048SBG, 0048NAH, 0048NCH, 0048PHJ"
F-UPH-PASS-QTY-15-16,"0048NAJ, 0048NCJ, 0048PGJ, 0048PHK, 0048RYJ, 0048SBG"
F-UPH-PASS-QTY-17-18,"0048NAK, 0048NCK, 0048PGK, 0048PHL, 0048RYM, 0048SBG"
F-UPH-PASS-QTY-19-20,"0048NAL, 0048NCL, 0048PGL, 0048PHM, 0048SBG, 0048SXH"
F-UPH-PASS-QTY-21-22,"0048NAM, 0048NCM, 0048PHN, 0048PGM, 0048SBG, 0048SAA"
F-UPH-PASS-QTY-23-24,"0048NAN, 0048NCN, 0048PGN, 0048PHP, 0048SAB, 0048SBG"
F-UPH-PASS-QTY-25-26,"0048NAP, 0048NCP, 0048PGP, 0048PHR, 0048SBG"
F-UPH-PASS-QTY-27-28,"0048NAR, 0048NCR, 0048PGR, 0048PHS, 0048SBG"
F-UPH-PASS-QTY-29-30,"0048NCS, 0048PGS, 0048PHT, 0048SBG"
F-UPH-PASS-QTY-3-4,"0048NAB, 0048NCB, 0048PHB, 0048SBG"
F-UPH-PASS-QTY-5-6,"0048NAC, 0048NCC, 0048PGC, 0048PHC, 0048SBG"
F-UPH-PASS-QTY-7-8,"0048NAD, 0048NCD, 0048PGD, 0048PHD, 0048SBG"
F-UPH-PASS-QTY-9-10,"0048NAE, 0048NCE, 0048PGE, 0048PHE, 0048SBG"
F-USP-N/OIL-FILTER,"0013GYN, 0013GYL, 0013GWX, 0013GXD, 0013GYG, 0013GWM, 0013GWZ, 0013GYH, 0013GWU, 0013GWV, 0013GWW, 0013GYD, 0013GWN, 0013GWR, 0013GWP, 0013GXC, 0013GXH, 0013GXA, 0013GYC"
F-VARI-RATE-SUSP-RR,"0014SAE, 0014VAH, 0014SCL, 0014SBK, 0014SBW, 0014SAC, 0014VAC, 0014VAG, 0014SAH, 0014SAM, 0014VAD, 0014SBN, 0014VBJ, 0014TED, 0014SAN, 0014VAJ, 0014SAL, 0014SCG, 0014SBV, 0014VAB"
F-W-WHLEND-RRAXLE,"0014AHJ, 0014AHH, 0014AJY, 0014AKU"
F-WHEELCHAIR-TIEDOWN,"0049JEA, 0049JCD, 0049GJG, 0049JDS, 0049MNN, 0049BNR, 0049JDR, 0049JDU, 0049MNM, 0049NAZ, 0049NHA, 0049NGW, 0049JDT, 0049MNT, 0049NAY, 0049NBH, 0049JDP, 0049JCK, 0049JDN, 0049BUX, 0049JCJ, 0049MNR, 0049JDX, 0049JDM, 0049JDW, 0049JDZ, 0049BPW, 0049EVN, 0049BWN, 0049MNP, 0049MNU, 0049MSK, 0049JDV, 0049JDL, 0049MNL, 0049JEC, 0049BUY, 0049JCU, 0049MNK, 0049MNS, 0049BUZ, 0049JDY"
F-WHEELCHAIR-TRK,"0049GHK, 0049BML, 0049MJN, 0049JDB, 0049GEB, 0049NGT, 0049NGL, 0049GJW, 0049NEX, 0049JCE, 0049MJK, 0049MJM, 0049JCP, 0049JDA, 0049NHB, 0049NBE, 0049MJR, 0049NGY, 0049MJS, 0049JGU, 0049MJP, 0049NGP, 0049NGN, 0049MXU, 0049NGS, 0049NGM, 0049EZS, 0049NGR, 0049GJD, 0049NBC, 0049GEV, 0049BSC, 0049NGK, 0049BXT, 0049JCC, 0049BRG, 0049MJL, 0049HHV, 0049HHW, 0049HHA, 0049HJC, 0049HHC, 0049HHT, 0049HHD, 0049HHZ, 0049HGZ, 0049HHX, 0049HHU, 0049HHJ, 0049HHG, 0049HHH, 0049HJB, 0049HJA, 0049HHK, 0049HHL, 0049HHY, 0049HHB, 0049HJD, 0049HHE"
F-WHL-LIFT-AXLE-PSHR,"0034AEG, 0034ADK, 0034ABU, 0034ACB, 0034ADL, 0034ACC, 0034ADC, 0034ADN, 0034ADG, 0034AEA, 0034ABT, 0034ADW, 0034ACW, 0034AEB, 0034ADJ, 0034ADX, 0034ACU, 0034ACG, 0034ADR, 0034ADV, 0034ADM, 0034AEH, 0034ACK, 0034ACE, 0034ADH, 0034AED, 0034ACX, 0034ABS, 0034ACH, 0034AEE, 0034ACJ, 0034ADD, 0034ABP, 0034AEC, 0034ADU, 0034ACZ, 0034ACD, 0034ACY, 0034ACA, 0034ADS, 0034ADB"
F-WHL-LIFT-AXLE-TAG,"0034ADY, 0034ABR, 0034ADA"
F-WHLEND-SPD-SNSR,"0004BAM, 0004AZA, 0004BAJ, 0004AZS, 0004AZX, 0004AZE, 0004BAL, 0004AZJ, 0004AZY, 0004AZU, 0004AZH, 0004AZV, 0004BAC, 0004BAK, 0004AAS, 0004BAB"
F-WIDEBASE-FRTWHL,"0027DMZ, 0027DUN, 0027DBE, 0027DVD, 0027DYS, 0027DBA, 0027DYE, 0027DKG, 0027DYV, 0027DJJ, 0027DRG, 0027DYR, 0027DWB, 0027DJL, 0027DVC, 0027DRC, 0027DHK, 0027DKE, 0027DVB, 0027DSG, 0027DYT, 0027DJH, 0027DYU"
F-WIDETRK-RRAXLE,"0014HRV, 0014AWT, 0014AWE, 0014HRH, 0014ATN, 0014ATX, 0014AWU, 0014HSD, 0014HSA, 0014ANK, 0014HRG, 0014HSB, 0014HRA"
F-WIN-28%-TINT-78HR,"0048ATU, 0048AUN, 0048AUL, 0048AUM, 0048AUJ, 0048AUK"
F-WIN-49%-TINT-78HR,"0048CXV, 0048ATX, 0048CXU"
F-WIN-LAM-CLR-78HR,"0048ATT, 0048AUE, 0048AUD, 0048AUG"
F-WIN-LAM-CLR-GLASS,"0048ATT, 0048AUD, 0048AUE, 0048AUG"
"F-WIN-OVL-HEHR-5""DPR","0048BPP, 0048TZS, 0048BJT, 0048BJU, 0048BPR, 0048CBY, 0048BJY, 0048BPD, 0048USN, 0048BJZ, 0048BMU, 0048BMT, 0048BTC, 0048BPT, 0048BPS, 0048BNM, 0048BNN, 0048BPG, 0048BMD, 0048BME, 0048BNZ"
F-WIN-OVL-HEHR-STD,"0048AVZ, 0048AXA, 0048AWP, 0048AWJ, 0048BHS, 0048BHR, 0048AWM, 0048AWC, 0048BHP, 0048AZN, 0048AWZ, 0048CSP, 0048GHV, 0048CXX, 0048AWB, 0048BHT, 0048CVS, 0048AVX, 0048BHW, 0048CME, 0048AZV, 0048CSY, 0048BHY, 0048CSZ, 0048AVY, 0048ABN, 0048CMV, 0048AWA, 0048TYJ, 0048UGT, 0048CVP, 0048BHE, 0048BHG, 0048ULV, 0048BHD, 0048AWY, 0048BSG, 0048UYJ, 0048BHA, 0048BHB, 0048TYH, 0048AWD, 0048UGS, 0048ULW, 0048AWR, 0048BHC, 0048ABM, 0048UYH, 0048AWX, 0048CMU, 0048CVN, 0048BHK, 0048DLP, 0048UGV, 0048AWK, 0048AWW, 0048AWU, 0048ABR, 0048CVR, 0048DLR, 0048AWT, 0048AWV, 0048AWE, 0048AZK, 0048BHL, 0048CXW, 0048ABP, 0048UGU, 0048GHU, 0048ACR, 0048BHH, 0048BHJ, 0048AWN, 0048AWG, 0048ACP, 0048BVD, 0048BVC, 0048DMU, 0048BVE, 0048BVG, 0048DMT, 0048ULU, 0048CDX, 0048CSR, 0048AZT, 0048CWP, 0048AZU, 0048CSS, 0048CWR, 0048CDY, 0048AZY, 0048CWM, 0048CMG"
F-WINDOW-28%-TINT,"0048AUK, 0048AUL, 0048AUM, 0048AUN, 0048ATU, 0048AUJ"
F-WINDOW-FRM-BLK,"0048BJE, 0048HCP, 0048BJB, 0048BJG, 0048BJK, 0048BJH, 0048BKY, 0048BJJ, 0048BJL, 0048BJN, 0048BJC, 0048BJD, 0048BJM, 0048GPR"
F-WINDOW-OVAL,"0048AWJ, 0048AXA, 0048BPP, 0048AVZ, 0048AWP, 0048AWM, 0048TZS, 0048AZN, 0048BPR, 0048BHT, 0048AWZ, 0048GHV, 0048CSP, 0048CVS, 0048CXX, 0048BJT, 0048BHR, 0048AWB, 0048BHP, 0048BHS, 0048BJU, 0048AWC, 0048CBY, 0048AZV, 0048AVX, 0048BHW, 0048CME, 0048CSY, 0048BJY, 0048BPD, 0048BHY, 0048AVY, 0048CSZ, 0048BJZ, 0048USN, 0048ABN, 0048UGT, 0048BHE, 0048BHD, 0048BPT, 0048BMU, 0048TYJ, 0048BMT, 0048CMV, 0048BHG, 0048CVP, 0048ULV, 0048BTC, 0048UYJ, 0048AWY, 0048AWA, 0048BSG, 0048AWR, 0048TYH, 0048BHC, 0048UYH, 0048CVN, 0048CMU, 0048BNM, 0048BHB, 0048BPS, 0048BHA, 0048BNN, 0048ABM, 0048BPG, 0048AWX, 0048AWD, 0048ULW, 0048UGS, 0048ABR, 0048AWK, 0048ACP, 0048ABP, 0048BHL, 0048DLR, 0048AWV, 0048AWE, 0048GHU, 0048BNZ, 0048AWN, 0048UGV, 0048AZK, 0048BMD, 0048CXW, 0048AWW, 0048CVR, 0048UGU, 0048BHJ, 0048AWT, 0048AWG, 0048ACR, 0048AWU, 0048BME, 0048BHK, 0048BHH, 0048DLP, 0048BVD, 0048DMU, 0048BVC, 0048DMT, 0048BVE, 0048BVG, 0048CDX, 0048CSR, 0048CWP, 0048AZT, 0048ULU, 0048AZU, 0048CDY, 0048CWR, 0048CSS, 0048AZY, 0048CMG"
F-WINDOW-SASH,"0048ARR, 0048ARK, 0048ASH, 0048ASE, 0048BGS, 0048BGR, 0048BGM, 0048ART, 0048ASK, 0048BGT, 0048ASC, 0048ARH, 0048ARJ, 0048ASD, 0048ARW, 0048ARD, 0048BGN, 0048ARP, 0048ARS, 0048ARE, 0048ARU, 0048ARC, 0048ARV, 0048ARX, 0048ARL, 0048ARG, 0048GHW, 0048BGP"
